filename, Dermatitis, Eksim, Karsinoma, Pustula, Tinea, acne, blackhead, facialis, filiform, flek, folikulitis, fulminans, fungal, herpes, hitam, kutil, melanoma, milia, nodules, panu, papula, perioral, psoriasis, rosacea, whitehead
w46_jpg.rf.eddcbc48467a83de5dd45ee4db9e51ca.jpg, 0, 0, 0, 0, 0, 0, 0, 0, 0, 0, 0, 0, 0, 0, 0, 0, 0, 0, 0, 0, 0, 0, 0, 0, 1
f43_JPG_jpg.rf.eddda582c637737fc7082d3e8dd19260.jpg, 0, 0, 0, 0, 0, 1, 0, 0, 0, 0, 0, 1, 0, 0, 0, 0, 0, 0, 0, 0, 0, 0, 0, 0, 0
k37_jpg.rf.ede12e94095424113a43775beabfaf47.jpg, 0, 0, 1, 0, 0, 0, 0, 0, 0, 0, 0, 0, 0, 0, 0, 0, 0, 0, 0, 0, 0, 0, 0, 0, 0
e22_jpg.rf.edeaf215e43ddfe58d5a7a7bf61dccc0.jpg, 0, 1, 0, 0, 0, 0, 0, 0, 0, 0, 0, 0, 0, 0, 0, 0, 0, 0, 0, 0, 0, 0, 0, 0, 0
b15_jpg.rf.ee58214c5209489aca69982d7d0584b0.jpg, 0, 0, 0, 0, 0, 0, 1, 0, 0, 0, 0, 0, 0, 0, 0, 0, 0, 0, 0, 0, 0, 0, 0, 0, 0
m57_jpeg_jpg.rf.ee0dc1979de8777aa8e0235ffb2ba197.jpg, 0, 0, 0, 0, 0, 0, 0, 0, 0, 0, 0, 0, 0, 0, 0, 0, 1, 0, 0, 0, 0, 0, 0, 0, 0
w14_jpg.rf.edfa106dc89613d3adcabafc9474ec5a.jpg, 0, 0, 0, 0, 0, 0, 0, 0, 0, 0, 0, 0, 0, 0, 0, 0, 0, 0, 0, 0, 0, 0, 0, 0, 1
e70_JPG_jpg.rf.edea7e11c5248284835c5371829ed5dc.jpg, 0, 1, 0, 0, 0, 0, 0, 0, 0, 0, 0, 0, 0, 0, 0, 0, 0, 0, 0, 0, 0, 0, 0, 0, 0
m33_jpg.rf.ee8903ea5ed4c8efb35a9d92a5b9eb10.jpg, 0, 0, 0, 0, 0, 0, 0, 0, 0, 0, 0, 0, 0, 0, 0, 0, 1, 0, 0, 0, 0, 0, 0, 0, 0
p1_jpg.rf.eea203ac68d53b2b1dd58c062abdaaa0.jpg, 0, 0, 0, 0, 0, 0, 0, 0, 0, 0, 0, 0, 0, 0, 0, 0, 0, 0, 0, 0, 0, 0, 1, 0, 0
e58_jpg.rf.ee7470a7a77b0fbcef2745cfb0066f4e.jpg, 0, 1, 0, 0, 0, 0, 0, 0, 0, 0, 0, 0, 0, 0, 0, 0, 0, 0, 0, 0, 0, 0, 0, 0, 0
fl73_JPG_jpg.rf.eef8c36fe97d66ec07736dc1cb225c07.jpg, 0, 0, 0, 0, 0, 0, 0, 0, 0, 1, 0, 0, 0, 0, 1, 0, 0, 0, 0, 0, 0, 0, 0, 0, 0
n28_JPG_jpg.rf.ef12bd578b1efacd038c1a480d07799b.jpg, 0, 0, 0, 0, 0, 1, 0, 0, 0, 0, 0, 0, 0, 0, 0, 0, 0, 0, 1, 0, 0, 0, 0, 0, 0
p44_jpg.rf.efc68e2e3d8495aa8da5e8384f96d0bc.jpg, 0, 0, 0, 0, 0, 0, 0, 0, 0, 0, 0, 0, 0, 0, 0, 0, 0, 0, 0, 1, 0, 0, 0, 0, 0
e46_jpg.rf.ef156e191518bbb0f35dd2a306dac9c7.jpg, 0, 1, 0, 0, 0, 0, 0, 0, 0, 0, 0, 0, 0, 0, 0, 0, 0, 0, 0, 0, 0, 0, 0, 0, 0
m15_jpg.rf.eec1b46de9ffa2b04033305c395680e4.jpg, 0, 0, 0, 0, 0, 0, 0, 0, 0, 0, 0, 0, 0, 0, 0, 0, 0, 1, 0, 0, 0, 0, 0, 0, 0
k46_jpg.rf.ee7b17827d492c4b1c1ef78ed04dc1d5.jpg, 0, 0, 1, 0, 0, 0, 0, 0, 0, 0, 0, 0, 0, 0, 0, 0, 0, 0, 0, 0, 0, 0, 0, 0, 0
w47_jpg.rf.eeb7598462a112d4e6d118541092cc9c.jpg, 0, 0, 0, 0, 0, 0, 0, 0, 0, 0, 0, 0, 0, 0, 0, 0, 0, 0, 0, 0, 0, 0, 0, 0, 1
fl13_JPG_jpg.rf.eeedbf5be4ad3248ab7a338f28f2668e.jpg, 0, 0, 0, 0, 0, 0, 0, 0, 0, 1, 0, 0, 0, 0, 1, 0, 0, 0, 0, 0, 0, 0, 0, 0, 0
t37_JPG_jpg.rf.efd0da629a91a6249d9cfb9ec24c4886.jpg, 0, 0, 0, 0, 1, 0, 0, 1, 0, 0, 0, 0, 0, 0, 0, 0, 0, 0, 0, 0, 0, 0, 0, 0, 0
fl65_JPG_jpg.rf.ef8cfaac4ebfc0d63b1c6c535b5a8b82.jpg, 0, 0, 0, 0, 0, 0, 0, 0, 0, 1, 0, 0, 0, 0, 1, 0, 0, 0, 0, 0, 0, 0, 0, 0, 0
b58_jpg.rf.ef43e43dd6e5e3a3f53d3d25affa83cf.jpg, 0, 0, 0, 0, 0, 0, 1, 0, 0, 0, 0, 0, 0, 0, 0, 0, 0, 0, 0, 0, 0, 0, 0, 0, 0
h45_jpg.rf.ede78464c1833b9ab469341c271966bc.jpg, 0, 0, 0, 0, 0, 0, 0, 0, 0, 0, 0, 0, 0, 1, 0, 0, 0, 0, 0, 0, 0, 0, 0, 0, 0
p57_JPG_jpg.rf.ef5c60add200bffea11c576657117605.jpg, 0, 0, 0, 1, 0, 0, 0, 0, 0, 0, 0, 0, 0, 0, 0, 0, 0, 0, 0, 0, 0, 0, 0, 0, 0
n59_JPG_jpg.rf.effcd7d8ec1223f97361d33f0ca10fcc.jpg, 0, 0, 0, 0, 0, 1, 0, 0, 0, 0, 0, 0, 0, 0, 0, 0, 0, 0, 1, 0, 0, 0, 0, 0, 0
p1_jpg.rf.f0cc64874602e9752c7be56c1276d76c.jpg, 0, 0, 0, 0, 0, 0, 0, 0, 0, 0, 0, 0, 0, 0, 0, 0, 0, 0, 0, 1, 0, 0, 0, 0, 0
k42_jpg.rf.f0d15d167f6bb0e83da8768b6645c2cf.jpg, 0, 0, 1, 0, 0, 0, 0, 0, 0, 0, 0, 0, 0, 0, 0, 0, 0, 0, 0, 0, 0, 0, 0, 0, 0
k32_png_jpg.rf.f09f7fb34719272c297b12bf25e4ea81.jpg, 0, 0, 1, 0, 0, 0, 0, 0, 0, 0, 0, 0, 0, 0, 0, 0, 0, 0, 0, 0, 0, 0, 0, 0, 0
pa7_JPG_jpg.rf.f1373396bc587a2ae6358226d072b694.jpg, 0, 0, 0, 0, 0, 0, 0, 0, 0, 0, 0, 0, 0, 0, 0, 0, 0, 0, 0, 0, 1, 0, 0, 0, 0
b26_jpg.rf.f0de5fc26ae0b80392aaf2b908577c27.jpg, 0, 0, 0, 0, 0, 0, 1, 0, 0, 0, 0, 0, 0, 0, 0, 0, 0, 0, 0, 0, 0, 0, 0, 0, 0
fu64_JPG_jpg.rf.f1c420c323a67e5e229de201c2f98962.jpg, 0, 0, 0, 0, 0, 1, 0, 0, 0, 0, 0, 0, 1, 0, 0, 0, 0, 0, 0, 0, 0, 0, 0, 0, 0
b7_jpg.rf.f0e050e809a6ece64e6e05311be3e225.jpg, 0, 0, 0, 0, 0, 0, 1, 0, 0, 0, 0, 0, 0, 0, 0, 0, 0, 0, 0, 0, 0, 0, 0, 0, 0
d44_jpg.rf.f0fc5a29fbbe1a0daefd652facfbb11f.jpg, 1, 0, 0, 0, 0, 0, 0, 0, 0, 0, 0, 0, 0, 0, 0, 0, 0, 0, 0, 0, 0, 1, 0, 0, 0
d52_jpg.rf.f0e0c3ccb69f7b4387a3ddfe4273319d.jpg, 1, 0, 0, 0, 0, 0, 0, 0, 0, 0, 0, 0, 0, 0, 0, 0, 0, 0, 0, 0, 0, 1, 0, 0, 0
d54_jpg.rf.f19e5f972472c7a37829d3538e29a9ba.jpg, 1, 0, 0, 0, 0, 0, 0, 0, 0, 0, 0, 0, 0, 0, 0, 0, 0, 0, 0, 0, 0, 1, 0, 0, 0
k54_JPG_jpg.rf.f0e19d258743621a2c06431954584322.jpg, 0, 0, 1, 0, 0, 0, 0, 0, 0, 0, 0, 0, 0, 0, 0, 0, 0, 0, 0, 0, 0, 0, 0, 0, 0
h60_jpg.rf.f1879ca85050c460d8cb900c794f6466.jpg, 0, 0, 0, 0, 0, 0, 0, 0, 0, 0, 0, 0, 0, 1, 0, 0, 0, 0, 0, 0, 0, 0, 0, 0, 0
m52_png_jpg.rf.f0eca54d93465a5675b796fc8b6a37f3.jpg, 0, 0, 0, 0, 0, 0, 0, 0, 0, 0, 0, 0, 0, 0, 0, 0, 0, 1, 0, 0, 0, 0, 0, 0, 0
t36_JPG_jpg.rf.f146e2f97e48599f8e60ea92c9a41aaa.jpg, 0, 0, 0, 0, 1, 0, 0, 1, 0, 0, 0, 0, 0, 0, 0, 0, 0, 0, 0, 0, 0, 0, 0, 0, 0
m56_png_jpg.rf.f1dc9d2e6af31c49ed10958aed0e1c60.jpg, 0, 0, 0, 0, 0, 0, 0, 0, 0, 0, 0, 0, 0, 0, 0, 0, 1, 0, 0, 0, 0, 0, 0, 0, 0
pa43_jpg.rf.f17138286d691cf9ca28b5c114365a34.jpg, 0, 0, 0, 0, 0, 0, 0, 0, 0, 0, 0, 0, 0, 0, 0, 0, 0, 0, 0, 0, 1, 0, 0, 0, 0
e8_JPG_jpg.rf.f280c8e25e7d9a354337ef46eb6599fe.jpg, 0, 1, 0, 0, 0, 0, 0, 0, 0, 0, 0, 0, 0, 0, 0, 0, 0, 0, 0, 0, 0, 0, 0, 0, 0
r20_jpg.rf.f159e527013bcc6a0fd4f149c43f6425.jpg, 0, 0, 0, 0, 0, 0, 0, 0, 0, 0, 0, 0, 0, 0, 0, 0, 0, 0, 0, 0, 0, 0, 0, 1, 0
pa5_jpg.rf.f2856f64d831d6c86795152516d128f2.jpg, 0, 0, 0, 0, 0, 0, 0, 0, 0, 0, 0, 0, 0, 0, 0, 0, 0, 0, 0, 0, 1, 0, 0, 0, 0
fl48_JPG_jpg.rf.f13e25292411d986a31fe5dc44ebe084.jpg, 0, 0, 0, 0, 0, 0, 0, 0, 0, 1, 0, 0, 0, 0, 1, 0, 0, 0, 0, 0, 0, 0, 0, 0, 0
fl49_JPG_jpg.rf.f1e0adc7b84994b1b3a0191fc5aebe17.jpg, 0, 0, 0, 0, 0, 0, 0, 0, 0, 1, 0, 0, 0, 0, 1, 0, 0, 0, 0, 0, 0, 0, 0, 0, 0
pa17_JPG_jpg.rf.f2504d2a0e41896f9fbe1faaa5d50e56.jpg, 0, 0, 0, 0, 0, 0, 0, 0, 0, 0, 0, 0, 0, 0, 0, 0, 0, 0, 0, 0, 1, 0, 0, 0, 0
r30_jpg.rf.f2811aaddccc8908bd74db7c8476e81d.jpg, 0, 0, 0, 0, 0, 0, 0, 0, 0, 0, 0, 0, 0, 0, 0, 0, 0, 0, 0, 0, 0, 0, 0, 1, 0
e7_png_jpg.rf.f1fbedb957e798d320e2c9bbae232160.jpg, 0, 1, 0, 0, 0, 0, 0, 0, 0, 0, 0, 0, 0, 0, 0, 0, 0, 0, 0, 0, 0, 0, 0, 0, 0
p59_JPG_jpg.rf.f2a3ddfe76c6d58e8d5d4c12ffa320a7.jpg, 0, 0, 0, 1, 0, 0, 0, 0, 0, 0, 0, 0, 0, 0, 0, 0, 0, 0, 0, 0, 0, 0, 0, 0, 0
f41_JPG_jpg.rf.f2aacaee66851e9cd501317e4905258b.jpg, 0, 0, 0, 0, 0, 1, 0, 0, 0, 0, 0, 1, 0, 0, 0, 0, 0, 0, 0, 0, 0, 0, 0, 0, 0
fl59_JPG_jpg.rf.f29aa39b0a8e54f70b9a2b6df55c6f0a.jpg, 0, 0, 0, 0, 0, 0, 0, 0, 0, 1, 0, 0, 0, 0, 1, 0, 0, 0, 0, 0, 0, 0, 0, 0, 0
fu58_JPG_jpg.rf.f335ee6e1e6acb2faf50c985cc3a1957.jpg, 0, 0, 0, 0, 0, 1, 0, 0, 0, 0, 0, 0, 1, 0, 0, 0, 0, 0, 0, 0, 0, 0, 0, 0, 0
n18_JPG_jpg.rf.f2c59533f736f303b3f09dc3f2cf5140.jpg, 0, 0, 0, 0, 0, 1, 0, 0, 0, 0, 0, 0, 0, 0, 0, 0, 0, 0, 1, 0, 0, 0, 0, 0, 0
fu23_JPG_jpg.rf.f3455560eba8da1673cf627f88725776.jpg, 0, 0, 0, 0, 0, 1, 0, 0, 0, 0, 0, 0, 1, 0, 0, 0, 0, 0, 0, 0, 0, 0, 0, 0, 0
fl5_JPG_jpg.rf.f3b557ebdc14289144c0964b2ad54226.jpg, 0, 0, 0, 0, 0, 0, 0, 0, 0, 1, 0, 0, 0, 0, 1, 0, 0, 0, 0, 0, 0, 0, 0, 0, 0
f1_jpg.rf.f3b10078e563d035a260f6a223604ea2.jpg, 0, 0, 0, 0, 0, 0, 0, 0, 0, 0, 1, 0, 0, 0, 0, 0, 0, 0, 0, 0, 0, 0, 0, 0, 0
m68_jpg.rf.f33f8fad7bd72e04c4b1924fe9dc512c.jpg, 0, 0, 0, 0, 0, 0, 0, 0, 0, 0, 0, 0, 0, 0, 0, 0, 0, 1, 0, 0, 0, 0, 0, 0, 0
k63_jpg.rf.f2fb7dc39e54058abe6d7914bfdcd033.jpg, 0, 0, 1, 0, 0, 0, 0, 0, 0, 0, 0, 0, 0, 0, 0, 0, 0, 0, 0, 0, 0, 0, 0, 0, 0
d40_jpg.rf.f303b84b9120325c0e8ef7711e0a4e83.jpg, 1, 0, 0, 0, 0, 0, 0, 0, 0, 0, 0, 0, 0, 0, 0, 0, 0, 0, 0, 0, 0, 1, 0, 0, 0
n11_JPG_jpg.rf.f2b843e66aea3ee8be7fac16b68fbfcc.jpg, 0, 0, 0, 0, 0, 1, 0, 0, 0, 0, 0, 0, 0, 0, 0, 0, 0, 0, 1, 0, 0, 0, 0, 0, 0
p48_JPG_jpg.rf.f3ec02a0d00011c6da05115250c605c4.jpg, 0, 0, 0, 1, 0, 0, 0, 0, 0, 0, 0, 0, 0, 0, 0, 0, 0, 0, 0, 0, 0, 0, 0, 0, 0
b4_jpg.rf.f3372b24bf1b72dfe5c7aa514262c8a6.jpg, 0, 0, 0, 0, 0, 0, 1, 0, 0, 0, 0, 0, 0, 0, 0, 0, 0, 0, 0, 0, 0, 0, 0, 0, 0
w31_jpg.rf.f4b2b8609cf89c10645bcaa460f23c3e.jpg, 0, 0, 0, 0, 0, 0, 0, 0, 0, 0, 0, 0, 0, 0, 0, 0, 0, 0, 0, 0, 0, 0, 0, 0, 1
d41_JPG_jpg.rf.f457dc93e49bd9cbeb79b75c14018476.jpg, 1, 0, 0, 0, 0, 0, 0, 0, 0, 0, 0, 0, 0, 0, 0, 0, 0, 0, 0, 0, 0, 1, 0, 0, 0
p63_jpg.rf.f2b3c896761bb3d32fe3d51b2f6a6547.jpg, 0, 0, 0, 1, 0, 0, 0, 0, 0, 0, 0, 0, 0, 0, 0, 0, 0, 0, 0, 0, 0, 0, 0, 0, 0
e54_JPG_jpg.rf.f441dc3b540bce4c8fad893bc3460632.jpg, 0, 1, 0, 0, 0, 0, 0, 0, 0, 0, 0, 0, 0, 0, 0, 0, 0, 0, 0, 0, 0, 0, 0, 0, 0
f9_jpg.rf.f2fcfaa94334c06861802c791032a81e.jpg, 0, 0, 0, 0, 0, 0, 0, 0, 0, 0, 1, 0, 0, 0, 0, 0, 0, 0, 0, 0, 0, 0, 0, 0, 0
h73_jpg.rf.f3ebb85435ce1129b16f655744f62658.jpg, 0, 0, 0, 0, 0, 0, 0, 0, 0, 0, 0, 0, 0, 1, 0, 0, 0, 0, 0, 0, 0, 0, 0, 0, 0
r34_jpg.rf.f4861ba991f3c450ba1bf3ca2b8a61cc.jpg, 0, 0, 0, 0, 0, 0, 0, 0, 0, 0, 0, 0, 0, 0, 0, 0, 0, 0, 0, 0, 0, 0, 0, 1, 0
fu42_JPG_jpg.rf.f46c96155d213dd1634b741300c73aa3.jpg, 0, 0, 0, 0, 0, 1, 0, 0, 0, 0, 0, 0, 1, 0, 0, 0, 0, 0, 0, 0, 0, 0, 0, 0, 0
p38_jpg.rf.f406a2fb628f3c791914353c16e50d0c.jpg, 0, 0, 0, 0, 0, 0, 0, 0, 0, 0, 0, 0, 0, 0, 0, 0, 0, 0, 0, 0, 0, 0, 1, 0, 0
d1_jpg.rf.f4ca9af9e6a4c2c2dec33d31f559238d.jpg, 1, 0, 0, 0, 0, 0, 0, 0, 0, 0, 0, 0, 0, 0, 0, 0, 0, 0, 0, 0, 0, 1, 0, 0, 0
fu32_JPG_jpg.rf.f2ce94357eb565ac9d0cece692e0d7ca.jpg, 0, 0, 0, 0, 0, 1, 0, 0, 0, 0, 0, 0, 1, 0, 0, 0, 0, 0, 0, 0, 0, 0, 0, 0, 0
w20_jpg.rf.f457b86141b3ba049302d22b405f80e4.jpg, 0, 0, 0, 0, 0, 0, 0, 0, 0, 0, 0, 0, 0, 0, 0, 0, 0, 0, 0, 0, 0, 0, 0, 0, 1
ku54_JPG_jpg.rf.f49e253d6d9481e5398008a4f6aea51f.jpg, 0, 0, 0, 0, 0, 0, 0, 0, 1, 0, 0, 0, 0, 0, 0, 1, 0, 0, 0, 0, 0, 0, 0, 0, 0
n23_JPG_jpg.rf.f408088310ebcf3e484f489a09cd7edf.jpg, 0, 0, 0, 0, 0, 1, 0, 0, 0, 0, 0, 0, 0, 0, 0, 0, 0, 0, 1, 0, 0, 0, 0, 0, 0
n21_JPG_jpg.rf.f5246d42ae7948e099552ab807bf8cc1.jpg, 0, 0, 0, 0, 0, 1, 0, 0, 0, 0, 0, 0, 0, 0, 0, 0, 0, 0, 1, 0, 0, 0, 0, 0, 0
m60_jpg.rf.f54d9d411328e70d4f043448a4d3b6f5.jpg, 0, 0, 0, 0, 0, 0, 0, 0, 0, 0, 0, 0, 0, 0, 0, 0, 0, 1, 0, 0, 0, 0, 0, 0, 0
f31_jpg.rf.f560f98bf05d4689e197614ed55d2a6e.jpg, 0, 0, 0, 0, 0, 0, 0, 0, 0, 0, 1, 0, 0, 0, 0, 0, 0, 0, 0, 0, 0, 0, 0, 0, 0
t70_JPG_jpg.rf.f5341b2a0139ef2581ff27acb71d63eb.jpg, 0, 0, 0, 0, 1, 0, 0, 1, 0, 0, 0, 0, 0, 0, 0, 0, 0, 0, 0, 0, 0, 0, 0, 0, 0
t20_png_jpg.rf.f4e8710ff69455ba2113d8506c107da6.jpg, 0, 0, 0, 0, 1, 0, 0, 1, 0, 0, 0, 0, 0, 0, 0, 0, 0, 0, 0, 0, 0, 0, 0, 0, 0
w19_jpg.rf.f4f5620c5298e7470fe728dfddd631e9.jpg, 0, 0, 0, 0, 0, 0, 0, 0, 0, 0, 0, 0, 0, 0, 0, 0, 0, 0, 0, 0, 0, 0, 0, 0, 1
e63_JPG_jpg.rf.f5cd1a8be7b97fc6ca728ab8ae9124f6.jpg, 0, 1, 0, 0, 0, 0, 0, 0, 0, 0, 0, 0, 0, 0, 0, 0, 0, 0, 0, 0, 0, 0, 0, 0, 0
d20_jpg.rf.f5020c9527691686d05774dc295bb216.jpg, 1, 0, 0, 0, 0, 0, 0, 0, 0, 0, 0, 0, 0, 0, 0, 0, 0, 0, 0, 0, 0, 1, 0, 0, 0
f22_jpg.rf.f57ecbdaae2cce2bb2ce77d8179371bf.jpg, 0, 0, 0, 0, 0, 0, 0, 0, 0, 0, 1, 0, 0, 0, 0, 0, 0, 0, 0, 0, 0, 0, 0, 0, 0
ku13_JPG_jpg.rf.f4f5ae1d58d89ad4cb7e85d61451c2e0.jpg, 0, 0, 0, 0, 0, 0, 0, 0, 1, 0, 0, 0, 0, 0, 0, 1, 0, 0, 0, 0, 0, 0, 0, 0, 0
d12_jpg.rf.f589dcbcce9956f22592efd8c760d375.jpg, 1, 0, 0, 0, 0, 0, 0, 0, 0, 0, 0, 0, 0, 0, 0, 0, 0, 0, 0, 0, 0, 1, 0, 0, 0
k28_jpg.rf.f580c4596348093471404423c2ab685b.jpg, 0, 0, 1, 0, 0, 0, 0, 0, 0, 0, 0, 0, 0, 0, 0, 0, 0, 0, 0, 0, 0, 0, 0, 0, 0
h56_jpg.rf.f608ee83a170fd4722f24ce44a2135a0.jpg, 0, 0, 0, 0, 0, 0, 0, 0, 0, 0, 0, 0, 0, 1, 0, 0, 0, 0, 0, 0, 0, 0, 0, 0, 0
k58_jpg.rf.f6b10623a4d8a8376b15febf8f039ccb.jpg, 0, 0, 1, 0, 0, 0, 0, 0, 0, 0, 0, 0, 0, 0, 0, 0, 0, 0, 0, 0, 0, 0, 0, 0, 0
f34_JPG_jpg.rf.f63368c39613a9f8ee37161ee01c4824.jpg, 0, 0, 0, 0, 0, 1, 0, 0, 0, 0, 0, 1, 0, 0, 0, 0, 0, 0, 0, 0, 0, 0, 0, 0, 0
m79_jpg.rf.f608f24ce35e5c2cb044cf9597990ff6.jpg, 0, 0, 0, 0, 0, 0, 0, 0, 0, 0, 0, 0, 0, 0, 0, 0, 0, 1, 0, 0, 0, 0, 0, 0, 0
r12_jpg.rf.f62187515293491c2790a85211dcdd1b.jpg, 0, 0, 0, 0, 0, 0, 0, 0, 0, 0, 0, 0, 0, 0, 0, 0, 0, 0, 0, 0, 0, 0, 0, 1, 0
fl16_JPG_jpg.rf.f5b4879af9c5312031334bdcd908a640.jpg, 0, 0, 0, 0, 0, 0, 0, 0, 0, 1, 0, 0, 0, 0, 1, 0, 0, 0, 0, 0, 0, 0, 0, 0, 0
f14_JPG_jpg.rf.f6604e8b98e6c4d55a879ef06303cbaa.jpg, 0, 0, 0, 0, 0, 1, 0, 0, 0, 0, 0, 1, 0, 0, 0, 0, 0, 0, 0, 0, 0, 0, 0, 0, 0
ku16_jpg.rf.f62d211b59e701f4748502a010d46757.jpg, 0, 0, 0, 0, 0, 0, 0, 0, 1, 0, 0, 0, 0, 0, 0, 1, 0, 0, 0, 0, 0, 0, 0, 0, 0
n18_JPG_jpg.rf.f6fa09648e9f37d815ed457cadbbcb86.jpg, 0, 0, 0, 0, 0, 1, 0, 0, 0, 0, 0, 0, 0, 0, 0, 0, 0, 0, 1, 0, 0, 0, 0, 0, 0
f5_jpg.rf.f6ba41ce408146b937fc2850dcf1f51e.jpg, 0, 0, 0, 0, 0, 0, 0, 0, 0, 0, 1, 0, 0, 0, 0, 0, 0, 0, 0, 0, 0, 0, 0, 0, 0
t43_JPG_jpg.rf.f69a27ed58eba0ff6d085fb3ee6f6b45.jpg, 0, 0, 0, 0, 1, 0, 0, 1, 0, 0, 0, 0, 0, 0, 0, 0, 0, 0, 0, 0, 0, 0, 0, 0, 0
d26_jpg.rf.f6b5d1e9e049b5f4045da873dfc7c875.jpg, 1, 0, 0, 0, 0, 0, 0, 0, 0, 0, 0, 0, 0, 0, 0, 0, 0, 0, 0, 0, 0, 1, 0, 0, 0
pa41_jpg.rf.f69d7cf01c272684fec20008e9374681.jpg, 0, 0, 0, 0, 0, 0, 0, 0, 0, 0, 0, 0, 0, 0, 0, 0, 0, 0, 0, 0, 1, 0, 0, 0, 0
r15_jpg.rf.f7050303c7dd5a8852ba41efa9f1267a.jpg, 0, 0, 0, 0, 0, 0, 0, 0, 0, 0, 0, 0, 0, 0, 0, 0, 0, 0, 0, 0, 0, 0, 0, 1, 0
p25_jpg.rf.f74bec7f4e0c361eb7d692a8e9d22177.jpg, 0, 0, 0, 0, 0, 0, 0, 0, 0, 0, 0, 0, 0, 0, 0, 0, 0, 0, 0, 0, 0, 0, 1, 0, 0
f2_JPG_jpg.rf.f721735690a36eb12a15bfa65e61dfdb.jpg, 0, 0, 0, 0, 0, 1, 0, 0, 0, 0, 0, 1, 0, 0, 0, 0, 0, 0, 0, 0, 0, 0, 0, 0, 0
p35_JPG_jpg.rf.f753d7b98cd8a696c773dbf44bccc97a.jpg, 0, 0, 0, 1, 0, 0, 0, 0, 0, 0, 0, 0, 0, 0, 0, 0, 0, 0, 0, 0, 0, 0, 0, 0, 0
f32_jpg.rf.f8df1cd4c712a3b2bc84fde59dfc60a2.jpg, 0, 0, 0, 0, 0, 0, 0, 0, 0, 0, 1, 0, 0, 0, 0, 0, 0, 0, 0, 0, 0, 0, 0, 0, 0
f4_jpg.rf.f95de2ce2327b26b0215903fbfa41019.jpg, 0, 0, 0, 0, 0, 0, 0, 0, 0, 0, 1, 0, 0, 0, 0, 0, 0, 0, 0, 0, 0, 0, 0, 0, 0
e37_JPG_jpg.rf.f724dd9e16b139a03714ea45674ba441.jpg, 0, 1, 0, 0, 0, 0, 0, 0, 0, 0, 0, 0, 0, 0, 0, 0, 0, 0, 0, 0, 0, 0, 0, 0, 0
f30_jpg.rf.f79106936cebac693cab5c0abbe412f3.jpg, 0, 0, 0, 0, 0, 0, 0, 0, 0, 0, 1, 0, 0, 0, 0, 0, 0, 0, 0, 0, 0, 0, 0, 0, 0
p23_jpg.rf.f7506d3afd126c8ce08e23256360fe7c.jpg, 0, 0, 0, 1, 0, 0, 0, 0, 0, 0, 0, 0, 0, 0, 0, 0, 0, 0, 0, 0, 0, 0, 0, 0, 0
fu34_JPG_jpg.rf.f9538664ae0a4e09e222627daff34c2d.jpg, 0, 0, 0, 0, 0, 1, 0, 0, 0, 0, 0, 0, 1, 0, 0, 0, 0, 0, 0, 0, 0, 0, 0, 0, 0
m1_jpg.rf.f8b05fefab086f4b5db7dedb0cd521ee.jpg, 0, 0, 0, 0, 0, 0, 0, 0, 0, 0, 0, 0, 0, 0, 0, 0, 0, 1, 0, 0, 0, 0, 0, 0, 0
p54_JPG_jpg.rf.f96cf3f2881b1912f42726b7853f1b32.jpg, 0, 0, 0, 1, 0, 0, 0, 0, 0, 0, 0, 0, 0, 0, 0, 0, 0, 0, 0, 0, 0, 0, 0, 0, 0
p62_JPG_jpg.rf.f843d031946b200275db4b2c79952a1b.jpg, 0, 0, 0, 1, 0, 0, 0, 0, 0, 0, 0, 0, 0, 0, 0, 0, 0, 0, 0, 0, 0, 0, 0, 0, 0
r17_jpg.rf.f86ebc1f4444869b458bfb72474b1d6c.jpg, 0, 0, 0, 0, 0, 0, 0, 0, 0, 0, 0, 0, 0, 0, 0, 0, 0, 0, 0, 0, 0, 0, 0, 1, 0
w48_jpg.rf.f800d30d8e11cfaa7533dc6b7c5bb29c.jpg, 0, 0, 0, 0, 0, 0, 0, 0, 0, 0, 0, 0, 0, 0, 0, 0, 0, 0, 0, 0, 0, 0, 0, 0, 1
fu46_JPG_jpg.rf.f757fb2c076c52a23b26ff02090a929b.jpg, 0, 0, 0, 0, 0, 1, 0, 0, 0, 0, 0, 0, 1, 0, 0, 0, 0, 0, 0, 0, 0, 0, 0, 0, 0
p34_JPG_jpg.rf.f8f4270807538b304741cd2634039dc5.jpg, 0, 0, 0, 1, 0, 0, 0, 0, 0, 0, 0, 0, 0, 0, 0, 0, 0, 0, 0, 0, 0, 0, 0, 0, 0
b30_jpg.rf.fa0c1617d5ff362f3532737059cf1e33.jpg, 0, 0, 0, 0, 0, 0, 1, 0, 0, 0, 0, 0, 0, 0, 0, 0, 0, 0, 0, 0, 0, 0, 0, 0, 0
r72_jpg.rf.f9727789297126d1797b7da781924680.jpg, 0, 0, 0, 0, 0, 0, 0, 0, 0, 0, 0, 0, 0, 0, 0, 0, 0, 0, 0, 0, 0, 0, 0, 1, 0
pa7_JPG_jpg.rf.fa8924bd33a10ecb78d4dfa0bf628c61.jpg, 0, 0, 0, 0, 0, 0, 0, 0, 0, 0, 0, 0, 0, 0, 0, 0, 0, 0, 0, 0, 1, 0, 0, 0, 0
d10_jpg.rf.f87c8c2635e9f94e14344419362c526a.jpg, 1, 0, 0, 0, 0, 0, 0, 0, 0, 0, 0, 0, 0, 0, 0, 0, 0, 0, 0, 0, 0, 1, 0, 0, 0
e35_JPG_jpg.rf.f9bc4bc90b4d5aee0595b27f63f9c1aa.jpg, 0, 1, 0, 0, 0, 0, 0, 0, 0, 0, 0, 0, 0, 0, 0, 0, 0, 0, 0, 0, 0, 0, 0, 0, 0
t58_png_jpg.rf.fac9e26994a422b9cfb69b81406c32f3.jpg, 0, 0, 0, 0, 1, 0, 0, 1, 0, 0, 0, 0, 0, 0, 0, 0, 0, 0, 0, 0, 0, 0, 0, 0, 0
b21_jpg.rf.fa36e1889ee49fd3accd4a72a48bb44f.jpg, 0, 0, 0, 0, 0, 0, 1, 0, 0, 0, 0, 0, 0, 0, 0, 0, 0, 0, 0, 0, 0, 0, 0, 0, 0
n40_JPG_jpg.rf.f9027d7c55daf0c91f95cae19b28af39.jpg, 0, 0, 0, 0, 0, 1, 0, 0, 0, 0, 0, 0, 0, 0, 0, 0, 0, 0, 1, 0, 0, 0, 0, 0, 0
ku59_JPG_jpg.rf.f816d3cc26d95280dcb2cf345bf27930.jpg, 0, 0, 0, 0, 0, 0, 0, 0, 1, 0, 0, 0, 0, 0, 0, 1, 0, 0, 0, 0, 0, 0, 0, 0, 0
t56_jpg.rf.faf1e42401ad393a71ca99b64ed435f4.jpg, 0, 0, 0, 0, 1, 0, 0, 1, 0, 0, 0, 0, 0, 0, 0, 0, 0, 0, 0, 0, 0, 0, 0, 0, 0
r63_jpg.rf.fb7b9569b63c308fa7b769cca6325cd8.jpg, 0, 0, 0, 0, 0, 0, 0, 0, 0, 0, 0, 0, 0, 0, 0, 0, 0, 0, 0, 0, 0, 0, 0, 1, 0
r25_jpg.rf.fb9caf06f598f9b5a3fcdfd942761a4c.jpg, 0, 0, 0, 0, 0, 0, 0, 0, 0, 0, 0, 0, 0, 0, 0, 0, 0, 0, 0, 0, 0, 0, 0, 1, 0
pa6_JPG_jpg.rf.fb00468bbfde3fc2932756c534af5e0f.jpg, 0, 0, 0, 0, 0, 0, 0, 0, 0, 0, 0, 0, 0, 0, 0, 0, 0, 0, 0, 0, 1, 0, 0, 0, 0
k52_JPG_jpg.rf.fb8390c2a196edb4178faef7e48c6ae9.jpg, 0, 0, 1, 0, 0, 0, 0, 0, 0, 0, 0, 0, 0, 0, 0, 0, 0, 0, 0, 0, 0, 0, 0, 0, 0
p38_JPG_jpg.rf.fbb723e3e1b59a0df1a43e6cb8b3e3db.jpg, 0, 0, 0, 1, 0, 0, 0, 0, 0, 0, 0, 0, 0, 0, 0, 0, 0, 0, 0, 0, 0, 0, 0, 0, 0
e27_JPG_jpg.rf.fca0206c828a05e91bfa712c037a858b.jpg, 0, 1, 0, 0, 0, 0, 0, 0, 0, 0, 0, 0, 0, 0, 0, 0, 0, 0, 0, 0, 0, 0, 0, 0, 0
k61_jpg.rf.fbd1ebea37de710978ecd873e6e04165.jpg, 0, 0, 1, 0, 0, 0, 0, 0, 0, 0, 0, 0, 0, 0, 0, 0, 0, 0, 0, 0, 0, 0, 0, 0, 0
k50_png_jpg.rf.fb6b62a746c67bd38f485a3026a9b548.jpg, 0, 0, 1, 0, 0, 0, 0, 0, 0, 0, 0, 0, 0, 0, 0, 0, 0, 0, 0, 0, 0, 0, 0, 0, 0
pa42_JPG_jpg.rf.fb618e7b48c27fa6bcd186d2160bc386.jpg, 0, 0, 0, 0, 0, 0, 0, 0, 0, 0, 0, 0, 0, 0, 0, 0, 0, 0, 0, 0, 1, 0, 0, 0, 0
p42_png_jpg.rf.fcd354e716065261ed8b783a6ffb20eb.jpg, 0, 0, 0, 0, 0, 0, 0, 0, 0, 0, 0, 0, 0, 0, 0, 0, 0, 0, 0, 1, 0, 0, 0, 0, 0
e40_jpg.rf.fd0bdb79f882fa1fb6f3d6d89905bae8.jpg, 0, 1, 0, 0, 0, 0, 0, 0, 0, 0, 0, 0, 0, 0, 0, 0, 0, 0, 0, 0, 0, 0, 0, 0, 0
m56_png_jpg.rf.fbb35ee44ec2bc57e82e8bd3d6ca56dd.jpg, 0, 0, 0, 0, 0, 0, 0, 0, 0, 0, 0, 0, 0, 0, 0, 0, 1, 0, 0, 0, 0, 0, 0, 0, 0
d20_jpg.rf.fdc7a0020757cac8cb608da6e496427e.jpg, 1, 0, 0, 0, 0, 0, 0, 0, 0, 0, 0, 0, 0, 0, 0, 0, 0, 0, 0, 0, 0, 1, 0, 0, 0
t40_JPG_jpg.rf.faf1d16b5b105df0fdeeaf8a76c9940b.jpg, 0, 0, 0, 0, 1, 0, 0, 1, 0, 0, 0, 0, 0, 0, 0, 0, 0, 0, 0, 0, 0, 0, 0, 0, 0
fl3_JPG_jpg.rf.fec20bae2d3491eea26f7a1d128c46f6.jpg, 0, 0, 0, 0, 0, 0, 0, 0, 0, 1, 0, 0, 0, 0, 1, 0, 0, 0, 0, 0, 0, 0, 0, 0, 0
p38_jpg.rf.fdbf2c37568145aa71463245ac74b211.jpg, 0, 0, 0, 0, 0, 0, 0, 0, 0, 0, 0, 0, 0, 0, 0, 0, 0, 0, 0, 1, 0, 0, 0, 0, 0
f32_JPG_jpg.rf.fea25531ddc8d81398650de5d6b0a954.jpg, 0, 0, 0, 0, 0, 1, 0, 0, 0, 0, 0, 1, 0, 0, 0, 0, 0, 0, 0, 0, 0, 0, 0, 0, 0
k24_jpg.rf.fe27e1942e08cd58a5f450db8906d2a5.jpg, 0, 0, 1, 0, 0, 0, 0, 0, 0, 0, 0, 0, 0, 0, 0, 0, 0, 0, 0, 0, 0, 0, 0, 0, 0
p32_JPG_jpg.rf.ff16a9f43a6111ab0d5282021b5c8833.jpg, 0, 0, 0, 1, 0, 0, 0, 0, 0, 0, 0, 0, 0, 0, 0, 0, 0, 0, 0, 0, 0, 0, 0, 0, 0
w3_jpg.rf.fe32a08d5d506665ebbccd1cda3adef2.jpg, 0, 0, 0, 0, 0, 0, 0, 0, 0, 0, 0, 0, 0, 0, 0, 0, 0, 0, 0, 0, 0, 0, 0, 0, 1
p37_jpg.rf.ff5f50ff3bd13418cf955d65a0b1a4e4.jpg, 0, 0, 0, 0, 0, 0, 0, 0, 0, 0, 0, 0, 0, 0, 0, 0, 0, 0, 0, 1, 0, 0, 0, 0, 0
pa54_JPG_jpg.rf.fe0be35fc219285204f1bf1197339de8.jpg, 0, 0, 0, 0, 0, 0, 0, 0, 0, 0, 0, 0, 0, 0, 0, 0, 0, 0, 0, 0, 1, 0, 0, 0, 0
f14_JPG_jpg.rf.fd6e2cbe1dfcb6671cd796f73eb18bf9.jpg, 0, 0, 0, 0, 0, 1, 0, 0, 0, 0, 0, 1, 0, 0, 0, 0, 0, 0, 0, 0, 0, 0, 0, 0, 0
fu7_JPG_jpg.rf.fdffb7eaf3bd31e02d28974c1e56f504.jpg, 0, 0, 0, 0, 0, 1, 0, 0, 0, 0, 0, 0, 1, 0, 0, 0, 0, 0, 0, 0, 0, 0, 0, 0, 0
w57_jpg.rf.fd9f910e3f02abd8aff6c96ee2177a94.jpg, 0, 0, 0, 0, 0, 0, 0, 0, 0, 0, 0, 0, 0, 0, 0, 0, 0, 0, 0, 0, 0, 0, 0, 0, 1
pa34_jpg.rf.ff69ea5d697e3d1c94f2c24ccea9718f.jpg, 0, 0, 0, 0, 0, 0, 0, 0, 0, 0, 0, 0, 0, 0, 0, 0, 0, 0, 0, 0, 1, 0, 0, 0, 0
f34_JPG_jpg.rf.feaf6f306dacf88d7d879102e579eb4e.jpg, 0, 0, 0, 0, 0, 0, 0, 0, 0, 0, 1, 0, 0, 0, 0, 0, 0, 0, 0, 0, 0, 0, 0, 0, 0
pa31_JPG_jpg.rf.ff7bcc4467e4f9ae676f87dcd62a8538.jpg, 0, 0, 0, 0, 0, 0, 0, 0, 0, 0, 0, 0, 0, 0, 0, 0, 0, 0, 0, 0, 1, 0, 0, 0, 0
pa64_JPG_jpg.rf.ff847ce668fcc766711192fdcdc95cb1.jpg, 0, 0, 0, 0, 0, 0, 0, 0, 0, 0, 0, 0, 0, 0, 0, 0, 0, 0, 0, 0, 1, 0, 0, 0, 0
d32_jpg.rf.ff80e95c2c401fb1a8ee20af8a74efc5.jpg, 1, 0, 0, 0, 0, 0, 0, 0, 0, 0, 0, 0, 0, 0, 0, 0, 0, 0, 0, 0, 0, 1, 0, 0, 0
m63_jpg.rf.ff93538c940b572683f99011986bbf87.jpg, 0, 0, 0, 0, 0, 0, 0, 0, 0, 0, 0, 0, 0, 0, 0, 0, 0, 1, 0, 0, 0, 0, 0, 0, 0
p66_JPG_jpg.rf.fffd4c93acf74a11ca4698bc4066701a.jpg, 0, 0, 0, 1, 0, 0, 0, 0, 0, 0, 0, 0, 0, 0, 0, 0, 0, 0, 0, 0, 0, 0, 0, 0, 0
n43_JPG_jpg.rf.ff975b3a9f6d037f3db720165891f61b.jpg, 0, 0, 0, 0, 0, 1, 0, 0, 0, 0, 0, 0, 0, 0, 0, 0, 0, 0, 1, 0, 0, 0, 0, 0, 0
f31_jpg.rf.ff9ec486c4a5fa98c9d20f59a3454fad.jpg, 0, 0, 0, 0, 0, 0, 0, 0, 0, 0, 1, 0, 0, 0, 0, 0, 0, 0, 0, 0, 0, 0, 0, 0, 0
b70_jpg.rf.09cd64a2283d12a6bd36bbae3f11cfe9.jpg, 0, 0, 0, 0, 0, 0, 1, 0, 0, 0, 0, 0, 0, 0, 0, 0, 0, 0, 0, 0, 0, 0, 0, 0, 0
fu26_JPG_jpg.rf.09d0d6b667f240fd107438a971c16866.jpg, 0, 0, 0, 0, 0, 1, 0, 0, 0, 0, 0, 0, 1, 0, 0, 0, 0, 0, 0, 0, 0, 0, 0, 0, 0
ku66_JPG_jpg.rf.09f8581eded4423b5befbf184da8e591.jpg, 0, 0, 0, 0, 0, 0, 0, 0, 1, 0, 0, 0, 0, 0, 0, 1, 0, 0, 0, 0, 0, 0, 0, 0, 0
d44_jpg.rf.0a3dc9c25e844206440bc6f6a93276b2.jpg, 1, 0, 0, 0, 0, 0, 0, 0, 0, 0, 0, 0, 0, 0, 0, 0, 0, 0, 0, 0, 0, 1, 0, 0, 0
b26_jpg.rf.0a6beb604365b3e73c449049af877a40.jpg, 0, 0, 0, 0, 0, 0, 1, 0, 0, 0, 0, 0, 0, 0, 0, 0, 0, 0, 0, 0, 0, 0, 0, 0, 0
fu54_JPG_jpg.rf.0ad7a427236c583ce0d891f8dd3fd528.jpg, 0, 0, 0, 0, 0, 1, 0, 0, 0, 0, 0, 0, 1, 0, 0, 0, 0, 0, 0, 0, 0, 0, 0, 0, 0
r51_jpg.rf.0b2db2b5d3ece5d1cedece276fc08f7e.jpg, 0, 0, 0, 0, 0, 0, 0, 0, 0, 0, 0, 0, 0, 0, 0, 0, 0, 0, 0, 0, 0, 0, 0, 1, 0
p52_jpg.rf.0ae9007f889c62701b75cdd33cebeaa8.jpg, 0, 0, 0, 0, 0, 0, 0, 0, 0, 0, 0, 0, 0, 0, 0, 0, 0, 0, 0, 0, 0, 0, 1, 0, 0
e47_JPG_jpg.rf.0b593c5b3a5665b1ae8d15cd76d1f7ed.jpg, 0, 1, 0, 0, 0, 0, 0, 0, 0, 0, 0, 0, 0, 0, 0, 0, 0, 0, 0, 0, 0, 0, 0, 0, 0
pa32_JPG_jpg.rf.09bd7f783f056b8681112f53ae3aec78.jpg, 0, 0, 0, 0, 0, 0, 0, 0, 0, 0, 0, 0, 0, 0, 0, 0, 0, 0, 0, 0, 1, 0, 0, 0, 0
t47_jpg.rf.0ad7c983e3d9e8efd0425fe65a9f9aae.jpg, 0, 0, 0, 0, 1, 0, 0, 1, 0, 0, 0, 0, 0, 0, 0, 0, 0, 0, 0, 0, 0, 0, 0, 0, 0
n27_JPG_jpg.rf.0b93d361ff16275ec6cdd2392d4c4825.jpg, 0, 0, 0, 0, 0, 1, 0, 0, 0, 0, 0, 0, 0, 0, 0, 0, 0, 0, 1, 0, 0, 0, 0, 0, 0
p27_jpg.rf.0b46f8b13085a02970693222379135ba.jpg, 0, 0, 0, 1, 0, 0, 0, 0, 0, 0, 0, 0, 0, 0, 0, 0, 0, 0, 0, 0, 0, 0, 0, 0, 0
p46_jpg.rf.0b7a475f5e4bed5104836a52d6394795.jpg, 0, 0, 0, 1, 0, 0, 0, 0, 0, 0, 0, 0, 0, 0, 0, 0, 0, 0, 0, 0, 0, 0, 0, 0, 0
fu49_JPG_jpg.rf.0b4b8b8fc65b1532049f12955cba33c1.jpg, 0, 0, 0, 0, 0, 1, 0, 0, 0, 0, 0, 0, 1, 0, 0, 0, 0, 0, 0, 0, 0, 0, 0, 0, 0
r29_jpg.rf.0b93daa0808eae501a0ed7baba512308.jpg, 0, 0, 0, 0, 0, 0, 0, 0, 0, 0, 0, 0, 0, 0, 0, 0, 0, 0, 0, 0, 0, 0, 0, 1, 0
r25_jpg.rf.0b8104258a1883457f12e79dd036b45f.jpg, 0, 0, 0, 0, 0, 0, 0, 0, 0, 0, 0, 0, 0, 0, 0, 0, 0, 0, 0, 0, 0, 0, 0, 1, 0
h62_png_jpg.rf.0b82fe88ef30387e872e40fbdbb9dabe.jpg, 0, 0, 0, 0, 0, 0, 0, 0, 0, 0, 0, 0, 0, 1, 0, 0, 0, 0, 0, 0, 0, 0, 0, 0, 0
r17_jpg.rf.0bef9ca1c4c99223bd6d809f3d70cfcd.jpg, 0, 0, 0, 0, 0, 0, 0, 0, 0, 0, 0, 0, 0, 0, 0, 0, 0, 0, 0, 0, 0, 0, 0, 1, 0
p39_JPG_jpg.rf.0c53adda0d92af939208defeb17b88bf.jpg, 0, 0, 0, 1, 0, 0, 0, 0, 0, 0, 0, 0, 0, 0, 0, 0, 0, 0, 0, 0, 0, 0, 0, 0, 0
f55_JPG_jpg.rf.0b5eee10b9262fb650f077f8ec292327.jpg, 0, 0, 0, 0, 0, 1, 0, 0, 0, 0, 0, 1, 0, 0, 0, 0, 0, 0, 0, 0, 0, 0, 0, 0, 0
r4_jpg.rf.0c726b2ad4d0bbcd6befd136ea45311c.jpg, 0, 0, 0, 0, 0, 0, 0, 0, 0, 0, 0, 0, 0, 0, 0, 0, 0, 0, 0, 0, 0, 0, 0, 1, 0
n5_JPG_jpg.rf.0b9cf7243bf0b7026ba564bc398b4013.jpg, 0, 0, 0, 0, 0, 1, 0, 0, 0, 0, 0, 0, 0, 0, 0, 0, 0, 0, 1, 0, 0, 0, 0, 0, 0
e7_png_jpg.rf.0b455e0c02f9f598880981f31f804e89.jpg, 0, 1, 0, 0, 0, 0, 0, 0, 0, 0, 0, 0, 0, 0, 0, 0, 0, 0, 0, 0, 0, 0, 0, 0, 0
e40_jpg.rf.0bff9fe6ab0dc44e4a7fc267273733b6.jpg, 0, 1, 0, 0, 0, 0, 0, 0, 0, 0, 0, 0, 0, 0, 0, 0, 0, 0, 0, 0, 0, 0, 0, 0, 0
r10_jpg.rf.0c9a8cef567ce019e2ce4b952961e51f.jpg, 0, 0, 0, 0, 0, 0, 0, 0, 0, 0, 0, 0, 0, 0, 0, 0, 0, 0, 0, 0, 0, 0, 0, 1, 0
m51_jpg.rf.0cc8a7e94823b261d152be3b2cfc4933.jpg, 0, 0, 0, 0, 0, 0, 0, 0, 0, 0, 0, 0, 0, 0, 0, 0, 0, 1, 0, 0, 0, 0, 0, 0, 0
f37_JPG_jpg.rf.0cd03eea5c3bce6651b99e5598f95a0b.jpg, 0, 0, 0, 0, 0, 1, 0, 0, 0, 0, 0, 1, 0, 0, 0, 0, 0, 0, 0, 0, 0, 0, 0, 0, 0
d28_jpg.rf.0cc8fa97c0d5ba2de150985ae9f5608f.jpg, 1, 0, 0, 0, 0, 0, 0, 0, 0, 0, 0, 0, 0, 0, 0, 0, 0, 0, 0, 0, 0, 1, 0, 0, 0
d10_jpg.rf.0d0275481aaeafffd22e4e364adf7c50.jpg, 1, 0, 0, 0, 0, 0, 0, 0, 0, 0, 0, 0, 0, 0, 0, 0, 0, 0, 0, 0, 0, 1, 0, 0, 0
p34_png_jpg.rf.0d179992a6cedef64bef4e85405d1424.jpg, 0, 0, 0, 0, 0, 0, 0, 0, 0, 0, 0, 0, 0, 0, 0, 0, 0, 0, 0, 1, 0, 0, 0, 0, 0
r45_JPG_jpg.rf.0d47a59a5483db4725c1f8208cba9615.jpg, 0, 0, 0, 0, 0, 0, 0, 0, 0, 0, 0, 0, 0, 0, 0, 0, 0, 0, 0, 0, 0, 0, 0, 1, 0
ku44_jpg.rf.0cf3e1c3082c8d6057e0e183d19a78bc.jpg, 0, 0, 0, 0, 0, 0, 0, 0, 1, 0, 0, 0, 0, 0, 0, 1, 0, 0, 0, 0, 0, 0, 0, 0, 0
m55_jpg.rf.0d952e4e64d45b47ab8f2faadb45ee1f.jpg, 0, 0, 0, 0, 0, 0, 0, 0, 0, 0, 0, 0, 0, 0, 0, 0, 0, 1, 0, 0, 0, 0, 0, 0, 0
e17_JPG_jpg.rf.0d49ce6fe3589b22b1ba01233c61c2d6.jpg, 0, 1, 0, 0, 0, 0, 0, 0, 0, 0, 0, 0, 0, 0, 0, 0, 0, 0, 0, 0, 0, 0, 0, 0, 0
t63_jpg.rf.0d1ce9fac0a66536c28d4434d09a75b4.jpg, 0, 0, 0, 0, 1, 0, 0, 1, 0, 0, 0, 0, 0, 0, 0, 0, 0, 0, 0, 0, 0, 0, 0, 0, 0
p3_JPG_jpg.rf.0ca959911af47d54e56e56c03f36a88d.jpg, 0, 0, 0, 1, 0, 0, 0, 0, 0, 0, 0, 0, 0, 0, 0, 0, 0, 0, 0, 0, 0, 0, 0, 0, 0
b44_jpg.rf.0dbb4f5b1e79c9e2a3ecf02e70fd095e.jpg, 0, 0, 0, 0, 0, 0, 1, 0, 0, 0, 0, 0, 0, 0, 0, 0, 0, 0, 0, 0, 0, 0, 0, 0, 0
p5_jpg.rf.0d98efba28860513c41252cc70b22c55.jpg, 0, 0, 0, 1, 0, 0, 0, 0, 0, 0, 0, 0, 0, 0, 0, 0, 0, 0, 0, 0, 0, 0, 0, 0, 0
fu38_JPG_jpg.rf.0ebfd59c2822cf3ed3d6996b0c337b1e.jpg, 0, 0, 0, 0, 0, 1, 0, 0, 0, 0, 0, 0, 1, 0, 0, 0, 0, 0, 0, 0, 0, 0, 0, 0, 0
p26_JPG_jpg.rf.0dc4cc5236f128875ef530df27e6bca6.jpg, 0, 0, 0, 1, 0, 0, 0, 0, 0, 0, 0, 0, 0, 0, 0, 0, 0, 0, 0, 0, 0, 0, 0, 0, 0
m6_jpg.rf.0e1754c17331750c64e84409bacdd845.jpg, 0, 0, 0, 0, 0, 0, 0, 0, 0, 0, 0, 0, 0, 0, 0, 0, 1, 0, 0, 0, 0, 0, 0, 0, 0
fl24_JPG_jpg.rf.0dda26b3fa4a02fff7ddfa59766c77f5.jpg, 0, 0, 0, 0, 0, 0, 0, 0, 0, 1, 0, 0, 0, 0, 1, 0, 0, 0, 0, 0, 0, 0, 0, 0, 0
pa25_jpg.rf.0da756ef31ed196baf71dc2765b66422.jpg, 0, 0, 0, 0, 0, 0, 0, 0, 0, 0, 0, 0, 0, 0, 0, 0, 0, 0, 0, 0, 1, 0, 0, 0, 0
p37_JPG_jpg.rf.0db7692c2c0374015303091229458f7d.jpg, 0, 0, 0, 1, 0, 0, 0, 0, 0, 0, 0, 0, 0, 0, 0, 0, 0, 0, 0, 0, 0, 0, 0, 0, 0
b44_jpg.rf.0eb6e4b10b032fa69f5de3f5caad99f2.jpg, 0, 0, 0, 0, 0, 0, 1, 0, 0, 0, 0, 0, 0, 0, 0, 0, 0, 0, 0, 0, 0, 0, 0, 0, 0
m23_jpg.rf.0ed7a18cb7d74dbee1b80fd7715d473a.jpg, 0, 0, 0, 0, 0, 0, 0, 0, 0, 0, 0, 0, 0, 0, 0, 0, 0, 1, 0, 0, 0, 0, 0, 0, 0
t26_jpg.rf.0e71cabb8ea45923fb99f4cab1c2b2ec.jpg, 0, 0, 0, 0, 1, 0, 0, 1, 0, 0, 0, 0, 0, 0, 0, 0, 0, 0, 0, 0, 0, 0, 0, 0, 0
fu56_JPG_jpg.rf.0ddec2ad8f68e89608f26701745d1a6e.jpg, 0, 0, 0, 0, 0, 1, 0, 0, 0, 0, 0, 0, 1, 0, 0, 0, 0, 0, 0, 0, 0, 0, 0, 0, 0
r76_jpg.rf.0da352c807df4ec58772a08d89492ba2.jpg, 0, 0, 0, 0, 0, 0, 0, 0, 0, 0, 0, 0, 0, 0, 0, 0, 0, 0, 0, 0, 0, 0, 0, 1, 0
n45_JPG_jpg.rf.0ec150850eba9629233edd03563b79bd.jpg, 0, 0, 0, 0, 0, 1, 0, 0, 0, 0, 0, 0, 0, 0, 0, 0, 0, 0, 1, 0, 0, 0, 0, 0, 0
e33_JPG_jpg.rf.0cf65c5471cb3dd0179fe97f9538790d.jpg, 0, 1, 0, 0, 0, 0, 0, 0, 0, 0, 0, 0, 0, 0, 0, 0, 0, 0, 0, 0, 0, 0, 0, 0, 0
f45_JPG_jpg.rf.0ee7819609c8b20bfc9a60d4497d49c9.jpg, 0, 0, 0, 0, 0, 1, 0, 0, 0, 0, 0, 1, 0, 0, 0, 0, 0, 0, 0, 0, 0, 0, 0, 0, 0
e31_jpg.rf.0f1d6db2af6683a894dca742de340e9d.jpg, 0, 1, 0, 0, 0, 0, 0, 0, 0, 0, 0, 0, 0, 0, 0, 0, 0, 0, 0, 0, 0, 0, 0, 0, 0
r15_jpg.rf.102bf0d93f6742bed0bd35aac4743052.jpg, 0, 0, 0, 0, 0, 0, 0, 0, 0, 0, 0, 0, 0, 0, 0, 0, 0, 0, 0, 0, 0, 0, 0, 1, 0
p5_jpg.rf.0fd92b1f791924d7c9ab0360a23d7b22.jpg, 0, 0, 0, 1, 0, 0, 0, 0, 0, 0, 0, 0, 0, 0, 0, 0, 0, 0, 0, 0, 0, 0, 0, 0, 0
m43_jpg.rf.0ef95fd8ccd0f5632fdc400db67b0dc6.jpg, 0, 0, 0, 0, 0, 0, 0, 0, 0, 0, 0, 0, 0, 0, 0, 0, 0, 1, 0, 0, 0, 0, 0, 0, 0
d7_jpg.rf.1049af41a8cfe94ad5da748a8a515897.jpg, 1, 0, 0, 0, 0, 0, 0, 0, 0, 0, 0, 0, 0, 0, 0, 0, 0, 0, 0, 0, 0, 1, 0, 0, 0
w32_jpg.rf.0fba96457b6c751ceab72d0b3d32bd57.jpg, 0, 0, 0, 0, 0, 0, 0, 0, 0, 0, 0, 0, 0, 0, 0, 0, 0, 0, 0, 0, 0, 0, 0, 0, 1
r31_jpg.rf.0fbc7c04fefe07718c491d15536ff192.jpg, 0, 0, 0, 0, 0, 0, 0, 0, 0, 0, 0, 0, 0, 0, 0, 0, 0, 0, 0, 0, 0, 0, 0, 1, 0
p62_jpg.rf.10cb697a6f56587437d55e8d250667bf.jpg, 0, 0, 0, 0, 0, 0, 0, 0, 0, 0, 0, 0, 0, 0, 0, 0, 0, 0, 0, 0, 0, 0, 1, 0, 0
pa18_JPG_jpg.rf.10e0e8d1624a553bb6b7d7c6aeeb42bf.jpg, 0, 0, 0, 0, 0, 0, 0, 0, 0, 0, 0, 0, 0, 0, 0, 0, 0, 0, 0, 0, 1, 0, 0, 0, 0
e64_JPG_jpg.rf.10a116c9c836ed6d606286425e18cde9.jpg, 0, 1, 0, 0, 0, 0, 0, 0, 0, 0, 0, 0, 0, 0, 0, 0, 0, 0, 0, 0, 0, 0, 0, 0, 0
m3_jpg.rf.10446841177371812ed8bc5789f8c61d.jpg, 0, 0, 0, 0, 0, 0, 0, 0, 0, 0, 0, 0, 0, 0, 0, 0, 0, 1, 0, 0, 0, 0, 0, 0, 0
n22_JPG_jpg.rf.0f45a73de81d0da5dd36f4ecace8ba8b.jpg, 0, 0, 0, 0, 0, 1, 0, 0, 0, 0, 0, 0, 0, 0, 0, 0, 0, 0, 1, 0, 0, 0, 0, 0, 0
pa44_JPG_jpg.rf.10f06388bb7cc106ed26bff38d1f3501.jpg, 0, 0, 0, 0, 0, 0, 0, 0, 0, 0, 0, 0, 0, 0, 0, 0, 0, 0, 0, 0, 1, 0, 0, 0, 0
f54_jpg.rf.1120804ac35ab0be777f9ec70489fb8e.jpg, 0, 0, 0, 0, 0, 0, 0, 0, 0, 0, 1, 0, 0, 0, 0, 0, 0, 0, 0, 0, 0, 0, 0, 0, 0
fl2_JPG_jpg.rf.10bc5acd36f835db68af2b5d6be02d05.jpg, 0, 0, 0, 0, 0, 0, 0, 0, 0, 1, 0, 0, 0, 0, 1, 0, 0, 0, 0, 0, 0, 0, 0, 0, 0
fu3_JPG_jpg.rf.0faa42571ccd7a8b1fd387f0e83bf394.jpg, 0, 0, 0, 0, 0, 1, 0, 0, 0, 0, 0, 0, 1, 0, 0, 0, 0, 0, 0, 0, 0, 0, 0, 0, 0
pa47_JPG_jpg.rf.10a3952bb865a5e48d06c36d9ee89877.jpg, 0, 0, 0, 0, 0, 0, 0, 0, 0, 0, 0, 0, 0, 0, 0, 0, 0, 0, 0, 0, 1, 0, 0, 0, 0
h60_jpg.rf.10fb0e0aa37cb4b90a6c6ca0ada93f7e.jpg, 0, 0, 0, 0, 0, 0, 0, 0, 0, 0, 0, 0, 0, 1, 0, 0, 0, 0, 0, 0, 0, 0, 0, 0, 0
p20_jpg.rf.113a9dd7288398713d233c9567eb133f.jpg, 0, 0, 0, 1, 0, 0, 0, 0, 0, 0, 0, 0, 0, 0, 0, 0, 0, 0, 0, 0, 0, 0, 0, 0, 0
ku43_jpg.rf.11470085bb1cacb3d6c1046d839b0758.jpg, 0, 0, 0, 0, 0, 0, 0, 0, 1, 0, 0, 0, 0, 0, 0, 1, 0, 0, 0, 0, 0, 0, 0, 0, 0
e46_jpg.rf.1054a1a15a24cf33df0b2ce194694f39.jpg, 0, 1, 0, 0, 0, 0, 0, 0, 0, 0, 0, 0, 0, 0, 0, 0, 0, 0, 0, 0, 0, 0, 0, 0, 0
f27_JPG_jpg.rf.106175e7828da7d6297ad51f32af0aba.jpg, 0, 0, 0, 0, 0, 1, 0, 0, 0, 0, 0, 1, 0, 0, 0, 0, 0, 0, 0, 0, 0, 0, 0, 0, 0
pa26_JPG_jpg.rf.0f567357237ea922f4ab19ce55bdcbc6.jpg, 0, 0, 0, 0, 0, 0, 0, 0, 0, 0, 0, 0, 0, 0, 0, 0, 0, 0, 0, 0, 1, 0, 0, 0, 0
m52_png_jpg.rf.111d592870470204921b11a8fe0344b2.jpg, 0, 0, 0, 0, 0, 0, 0, 0, 0, 0, 0, 0, 0, 0, 0, 0, 0, 1, 0, 0, 0, 0, 0, 0, 0
k23_jpg.rf.117c80a99c8b2f3a368f7fa9276a3b68.jpg, 0, 0, 1, 0, 0, 0, 0, 0, 0, 0, 0, 0, 0, 0, 0, 0, 0, 0, 0, 0, 0, 0, 0, 0, 0
h68_JPG_jpg.rf.11958a53941571e6cf877677bbdfc3a3.jpg, 0, 0, 0, 0, 0, 0, 0, 0, 0, 0, 0, 0, 0, 1, 0, 0, 0, 0, 0, 0, 0, 0, 0, 0, 0
b16_jpg.rf.11b95951ff953427dff49676a5ef4307.jpg, 0, 0, 0, 0, 0, 0, 1, 0, 0, 0, 0, 0, 0, 0, 0, 0, 0, 0, 0, 0, 0, 0, 0, 0, 0
d39_jpg.rf.11f2ace8834906553ef2b448b5ba7765.jpg, 1, 0, 0, 0, 0, 0, 0, 0, 0, 0, 0, 0, 0, 0, 0, 0, 0, 0, 0, 0, 0, 1, 0, 0, 0
r50_jpg.rf.11c955b91948dd714312231c123e8c4b.jpg, 0, 0, 0, 0, 0, 0, 0, 0, 0, 0, 0, 0, 0, 0, 0, 0, 0, 0, 0, 0, 0, 0, 0, 1, 0
f8_JPG_jpg.rf.1263dfc95e6ac4576fc91364130665d7.jpg, 0, 0, 0, 0, 0, 1, 0, 0, 0, 0, 0, 1, 0, 0, 0, 0, 0, 0, 0, 0, 0, 0, 0, 0, 0
fl57_JPG_jpg.rf.120cdd565cdc10294c2b1252e5133add.jpg, 0, 0, 0, 0, 0, 0, 0, 0, 0, 1, 0, 0, 0, 0, 1, 0, 0, 0, 0, 0, 0, 0, 0, 0, 0
pa52_JPG_jpg.rf.129e54d0a9c28351ec3e98610a5d958e.jpg, 0, 0, 0, 0, 0, 0, 0, 0, 0, 0, 0, 0, 0, 0, 0, 0, 0, 0, 0, 0, 1, 0, 0, 0, 0
pa30_JPG_jpg.rf.129eafe4bce4ce2579de73b5a3530b5a.jpg, 0, 0, 0, 0, 0, 0, 0, 0, 0, 0, 0, 0, 0, 0, 0, 0, 0, 0, 0, 0, 1, 0, 0, 0, 0
p68_jpg.rf.11ebc49a732ded53916110e118883a13.jpg, 0, 0, 0, 0, 0, 0, 0, 0, 0, 0, 0, 0, 0, 0, 0, 0, 0, 0, 0, 0, 0, 0, 1, 0, 0
fl72_JPG_jpg.rf.11f9a094ad288ac30ae99ded421a1fab.jpg, 0, 0, 0, 0, 0, 0, 0, 0, 0, 1, 0, 0, 0, 0, 1, 0, 0, 0, 0, 0, 0, 0, 0, 0, 0
e51_JPG_jpg.rf.12fcc365ae9c73c075ceac7e564655ac.jpg, 0, 1, 0, 0, 0, 0, 0, 0, 0, 0, 0, 0, 0, 0, 0, 0, 0, 0, 0, 0, 0, 0, 0, 0, 0
e51_JPG_jpg.rf.125f2b843ff54cda53bf52cefe15da75.jpg, 0, 1, 0, 0, 0, 0, 0, 0, 0, 0, 0, 0, 0, 0, 0, 0, 0, 0, 0, 0, 0, 0, 0, 0, 0
f58_jpg.rf.125005558e6ad81ee3a9948e838c60cf.jpg, 0, 0, 0, 0, 0, 0, 0, 0, 0, 0, 1, 0, 0, 0, 0, 0, 0, 0, 0, 0, 0, 0, 0, 0, 0
pa33_JPG_jpg.rf.1316db0e53c91557bb061f128e53185b.jpg, 0, 0, 0, 0, 0, 0, 0, 0, 0, 0, 0, 0, 0, 0, 0, 0, 0, 0, 0, 0, 1, 0, 0, 0, 0
n56_JPG_jpg.rf.13828ce2eeccf867db137db494024059.jpg, 0, 0, 0, 0, 0, 1, 0, 0, 0, 0, 0, 0, 0, 0, 0, 0, 0, 0, 1, 0, 0, 0, 0, 0, 0
d1_jpg.rf.11d61d5d4858255da260b4ee2cf83213.jpg, 1, 0, 0, 0, 0, 0, 0, 0, 0, 0, 0, 0, 0, 0, 0, 0, 0, 0, 0, 0, 0, 1, 0, 0, 0
m11_jpg.rf.13c4b36f5a110d90470abfe4f41dd48b.jpg, 0, 0, 0, 0, 0, 0, 0, 0, 0, 0, 0, 0, 0, 0, 0, 0, 0, 1, 0, 0, 0, 0, 0, 0, 0
k17_jpg.rf.1322ae566aa0bda6d1812a48df125b5e.jpg, 0, 0, 1, 0, 0, 0, 0, 0, 0, 0, 0, 0, 0, 0, 0, 0, 0, 0, 0, 0, 0, 0, 0, 0, 0
p52_jpg.rf.12bb265f77ad199060dbac303c61d456.jpg, 0, 0, 0, 0, 0, 0, 0, 0, 0, 0, 0, 0, 0, 0, 0, 0, 0, 0, 0, 1, 0, 0, 0, 0, 0
m60_jpg.rf.136091cc47e0f8e55b26848097511209.jpg, 0, 0, 0, 0, 0, 0, 0, 0, 0, 0, 0, 0, 0, 0, 0, 0, 0, 1, 0, 0, 0, 0, 0, 0, 0
e2_JPG_jpg.rf.12934fffde2ac95b27f9e88001a84038.jpg, 0, 1, 0, 0, 0, 0, 0, 0, 0, 0, 0, 0, 0, 0, 0, 0, 0, 0, 0, 0, 0, 0, 0, 0, 0
k8_jpg.rf.13507dd5c22483ac2abccf889178370e.jpg, 0, 0, 1, 0, 0, 0, 0, 0, 0, 0, 0, 0, 0, 0, 0, 0, 0, 0, 0, 0, 0, 0, 0, 0, 0
r39_JPG_jpg.rf.130ed51a78d2da931c9371eb8e41d5c9.jpg, 0, 0, 0, 0, 0, 0, 0, 0, 0, 0, 0, 0, 0, 0, 0, 0, 0, 0, 0, 0, 0, 0, 0, 1, 0
b31_jpg.rf.1349b15518f9e1389a9782c9c930e7f6.jpg, 0, 0, 0, 0, 0, 0, 1, 0, 0, 0, 0, 0, 0, 0, 0, 0, 0, 0, 0, 0, 0, 0, 0, 0, 0
k47_png_jpg.rf.13099a6727944bf8d9f02e3d60158846.jpg, 0, 0, 1, 0, 0, 0, 0, 0, 0, 0, 0, 0, 0, 0, 0, 0, 0, 0, 0, 0, 0, 0, 0, 0, 0
k35_png_jpg.rf.1279cfd4aa9c3d06be0f90877893acaa.jpg, 0, 0, 1, 0, 0, 0, 0, 0, 0, 0, 0, 0, 0, 0, 0, 0, 0, 0, 0, 0, 0, 0, 0, 0, 0
t26_jpg.rf.1387f9c76bb33d46fd96a577dae3cd11.jpg, 0, 0, 0, 0, 1, 0, 0, 1, 0, 0, 0, 0, 0, 0, 0, 0, 0, 0, 0, 0, 0, 0, 0, 0, 0
fu28_JPG_jpg.rf.138c2a504d54dad7361c0c87c10ad17a.jpg, 0, 0, 0, 0, 0, 1, 0, 0, 0, 0, 0, 0, 1, 0, 0, 0, 0, 0, 0, 0, 0, 0, 0, 0, 0
k14_jpg.rf.13fa4fb137d3da6e2cee842f769437a7.jpg, 0, 0, 1, 0, 0, 0, 0, 0, 0, 0, 0, 0, 0, 0, 0, 0, 0, 0, 0, 0, 0, 0, 0, 0, 0
r26_jpg.rf.156a7936090bb7897ec21710d231018f.jpg, 0, 0, 0, 0, 0, 0, 0, 0, 0, 0, 0, 0, 0, 0, 0, 0, 0, 0, 0, 0, 0, 0, 0, 1, 0
milia_jpg.rf.1492a83b50f0f9e699f0e02785e45c31.jpg, 0, 0, 0, 0, 0, 0, 0, 0, 0, 0, 0, 0, 0, 0, 0, 0, 0, 1, 0, 0, 0, 0, 0, 0, 0
h39_JPG_jpg.rf.14689323edd96a1ac9927b0add1e6b64.jpg, 0, 0, 0, 0, 0, 0, 0, 0, 0, 0, 0, 0, 0, 1, 0, 0, 0, 0, 0, 0, 0, 0, 0, 0, 0
fl4_JPG_jpg.rf.165c957ae43ea672c5b03c09f9b11eae.jpg, 0, 0, 0, 0, 0, 0, 0, 0, 0, 1, 0, 0, 0, 0, 1, 0, 0, 0, 0, 0, 0, 0, 0, 0, 0
f23_JPG_jpg.rf.14f6413b1944b03bfbede0cb8ecd292c.jpg, 0, 0, 0, 0, 0, 1, 0, 0, 0, 0, 0, 1, 0, 0, 0, 0, 0, 0, 0, 0, 0, 0, 0, 0, 0
w25_jpg.rf.145fa6354ee26067d968f7991b391d46.jpg, 0, 0, 0, 0, 0, 0, 0, 0, 0, 0, 0, 0, 0, 0, 0, 0, 0, 0, 0, 0, 0, 0, 0, 0, 1
m41_jpg.rf.15ac55ead1fb3e3a72e7dd5961351145.jpg, 0, 0, 0, 0, 0, 0, 0, 0, 0, 0, 0, 0, 0, 0, 0, 0, 0, 1, 0, 0, 0, 0, 0, 0, 0
m10_jpg.rf.16708f354aa53f8160adfa48bf905611.jpg, 0, 0, 0, 0, 0, 0, 0, 0, 0, 0, 0, 0, 0, 0, 0, 0, 0, 1, 0, 0, 0, 0, 0, 0, 0
p50_jpg.rf.14f5915fd51275fdc170cfaddf67feea.jpg, 0, 0, 0, 1, 0, 0, 0, 0, 0, 0, 0, 0, 0, 0, 0, 0, 0, 0, 0, 0, 0, 0, 0, 0, 0
f45_jpg.rf.15884e7a3d69caffc59be8848bb73130.jpg, 0, 0, 0, 0, 0, 0, 0, 0, 0, 0, 1, 0, 0, 0, 0, 0, 0, 0, 0, 0, 0, 0, 0, 0, 0
k2_jpg.rf.167ce18506201fa84dc78e5a62751443.jpg, 0, 0, 1, 0, 0, 0, 0, 0, 0, 0, 0, 0, 0, 0, 0, 0, 0, 0, 0, 0, 0, 0, 0, 0, 0
p12_jpg.rf.15811242b5ecd0f1fedd5ef98d18501c.jpg, 0, 0, 0, 1, 0, 0, 0, 0, 0, 0, 0, 0, 0, 0, 0, 0, 0, 0, 0, 0, 0, 0, 0, 0, 0
pa13_JPG_jpg.rf.15b7627e62fbbef9b4876b46dc27bdaf.jpg, 0, 0, 0, 0, 0, 0, 0, 0, 0, 0, 0, 0, 0, 0, 0, 0, 0, 0, 0, 0, 1, 0, 0, 0, 0
ku58_JPG_jpg.rf.152fca769c178e8a66659dccddc3b961.jpg, 0, 0, 0, 0, 0, 0, 0, 0, 1, 0, 0, 0, 0, 0, 0, 1, 0, 0, 0, 0, 0, 0, 0, 0, 0
f21_JPG_jpg.rf.157b3aaee4658e76146be8a476f367f6.jpg, 0, 0, 0, 0, 0, 1, 0, 0, 0, 0, 0, 1, 0, 0, 0, 0, 0, 0, 0, 0, 0, 0, 0, 0, 0
p44_JPG_jpg.rf.1633d3469b60ceba6045ee0a8bdea68d.jpg, 0, 0, 0, 1, 0, 0, 0, 0, 0, 0, 0, 0, 0, 0, 0, 0, 0, 0, 0, 0, 0, 0, 0, 0, 0
f7_JPG_jpg.rf.16873220888499669fe65b55c70319f2.jpg, 0, 0, 0, 0, 0, 1, 0, 0, 0, 0, 0, 1, 0, 0, 0, 0, 0, 0, 0, 0, 0, 0, 0, 0, 0
m18_jpg.rf.14f68d155235a27ca86e2d72d9ff84ff.jpg, 0, 0, 0, 0, 0, 0, 0, 0, 0, 0, 0, 0, 0, 0, 0, 0, 0, 1, 0, 0, 0, 0, 0, 0, 0
b10_jpg.rf.140d374456b3d5cc26fc622eed7ac20f.jpg, 0, 0, 0, 0, 0, 0, 1, 0, 0, 0, 0, 0, 0, 0, 0, 0, 0, 0, 0, 0, 0, 0, 0, 0, 0
k57_jpg.rf.16547ff7b78a98a230604b863944bcb5.jpg, 0, 0, 1, 0, 0, 0, 0, 0, 0, 0, 0, 0, 0, 0, 0, 0, 0, 0, 0, 0, 0, 0, 0, 0, 0
b37_jpg.rf.14d7dfb11773d77ec67783d3442560aa.jpg, 0, 0, 0, 0, 0, 0, 1, 0, 0, 0, 0, 0, 0, 0, 0, 0, 0, 0, 0, 0, 0, 0, 0, 0, 0
f22_JPG_jpg.rf.14afd28d55843363321e527c524c4c4a.jpg, 0, 0, 0, 0, 0, 1, 0, 0, 0, 0, 0, 1, 0, 0, 0, 0, 0, 0, 0, 0, 0, 0, 0, 0, 0
p29_jpg.rf.15494c9187547da3e7717ca82b457b20.jpg, 0, 0, 0, 1, 0, 0, 0, 0, 0, 0, 0, 0, 0, 0, 0, 0, 0, 0, 0, 0, 0, 0, 0, 0, 0
fu62_JPG_jpg.rf.1547c76f9a8fe59b769ca1728843cda6.jpg, 0, 0, 0, 0, 0, 1, 0, 0, 0, 0, 0, 0, 1, 0, 0, 0, 0, 0, 0, 0, 0, 0, 0, 0, 0
e60_JPG_jpg.rf.169aaae76bb28302e889096c4f7df9aa.jpg, 0, 1, 0, 0, 0, 0, 0, 0, 0, 0, 0, 0, 0, 0, 0, 0, 0, 0, 0, 0, 0, 0, 0, 0, 0
t14_jpg.rf.1744e70bd1e6ce58f140cff08b36b8e0.jpg, 0, 0, 0, 0, 1, 0, 0, 1, 0, 0, 0, 0, 0, 0, 0, 0, 0, 0, 0, 0, 0, 0, 0, 0, 0
t29_jpg.rf.16fd16dbfd3adb603b8c902cdd716b3f.jpg, 0, 0, 0, 0, 1, 0, 0, 1, 0, 0, 0, 0, 0, 0, 0, 0, 0, 0, 0, 0, 0, 0, 0, 0, 0
t25_jpg.rf.177fce51f6e9b647ec24231ccbef4fad.jpg, 0, 0, 0, 0, 1, 0, 0, 1, 0, 0, 0, 0, 0, 0, 0, 0, 0, 0, 0, 0, 0, 0, 0, 0, 0
b4_jpg.rf.17af6921b1730c7962b18d78a1bd8b05.jpg, 0, 0, 0, 0, 0, 0, 1, 0, 0, 0, 0, 0, 0, 0, 0, 0, 0, 0, 0, 0, 0, 0, 0, 0, 0
m40_jpg.rf.17855a746c64335b97d433aeb3bcbf90.jpg, 0, 0, 0, 0, 0, 0, 0, 0, 0, 0, 0, 0, 0, 0, 0, 0, 0, 1, 0, 0, 0, 0, 0, 0, 0
d24_jpg.rf.1842d6c170ab4ac7013bb72ae93627fb.jpg, 1, 0, 0, 0, 0, 0, 0, 0, 0, 0, 0, 0, 0, 0, 0, 0, 0, 0, 0, 0, 0, 1, 0, 0, 0
t32_jpg.rf.17303022d5d9622e3ae3dfa0d61f8a27.jpg, 0, 0, 0, 0, 1, 0, 0, 1, 0, 0, 0, 0, 0, 0, 0, 0, 0, 0, 0, 0, 0, 0, 0, 0, 0
h24_jpg.rf.1852073b6da213cf6d458fb3207eb41e.jpg, 0, 0, 0, 0, 0, 0, 0, 0, 0, 0, 0, 0, 0, 1, 0, 0, 0, 0, 0, 0, 0, 0, 0, 0, 0
f57_jpg.rf.1707750abe2141c95ff566f9663b7ebb.jpg, 0, 0, 0, 0, 0, 0, 0, 0, 0, 0, 1, 0, 0, 0, 0, 0, 0, 0, 0, 0, 0, 0, 0, 0, 0
p41_jpg.rf.18c67056233f21ddb3fb60f605663728.jpg, 0, 0, 0, 0, 0, 0, 0, 0, 0, 0, 0, 0, 0, 0, 0, 0, 0, 0, 0, 0, 0, 0, 1, 0, 0
n31_JPG_jpg.rf.16ac7d8935b51bcd851d500142398585.jpg, 0, 0, 0, 0, 0, 1, 0, 0, 0, 0, 0, 0, 0, 0, 0, 0, 0, 0, 1, 0, 0, 0, 0, 0, 0
t50_jpg.rf.18606ddec8e765ec505fc854b90586cb.jpg, 0, 0, 0, 0, 1, 0, 0, 1, 0, 0, 0, 0, 0, 0, 0, 0, 0, 0, 0, 0, 0, 0, 0, 0, 0
t25_jpg.rf.182a82d9b946b7f4d6fab7387b4acda9.jpg, 0, 0, 0, 0, 1, 0, 0, 1, 0, 0, 0, 0, 0, 0, 0, 0, 0, 0, 0, 0, 0, 0, 0, 0, 0
fl7_JPG_jpg.rf.18e8298c50c5e8fc6917404be35ec5c3.jpg, 0, 0, 0, 0, 0, 0, 0, 0, 0, 1, 0, 0, 0, 0, 1, 0, 0, 0, 0, 0, 0, 0, 0, 0, 0
r59_jpg.rf.17ec2b862a94d624ad6c29af227186c8.jpg, 0, 0, 0, 0, 0, 0, 0, 0, 0, 0, 0, 0, 0, 0, 0, 0, 0, 0, 0, 0, 0, 0, 0, 1, 0
p17_JPG_jpg.rf.192856edd6e341798d3869fdd4bf1ef0.jpg, 0, 0, 0, 1, 0, 0, 0, 0, 0, 0, 0, 0, 0, 0, 0, 0, 0, 0, 0, 0, 0, 0, 0, 0, 0
f12_JPG_jpg.rf.18548da886575583404f76b975d271b5.jpg, 0, 0, 0, 0, 0, 1, 0, 0, 0, 0, 0, 1, 0, 0, 0, 0, 0, 0, 0, 0, 0, 0, 0, 0, 0
w15_jpg.rf.17cad946c660aa59ee679ccd2e8c78cb.jpg, 0, 0, 0, 0, 0, 0, 0, 0, 0, 0, 0, 0, 0, 0, 0, 0, 0, 0, 0, 0, 0, 0, 0, 0, 1
p36_JPG_jpg.rf.187304ae83f887f005c1f2f2e08e1b27.jpg, 0, 0, 0, 1, 0, 0, 0, 0, 0, 0, 0, 0, 0, 0, 0, 0, 0, 0, 0, 0, 0, 0, 0, 0, 0
fu29_JPG_jpg.rf.18d123dd1ee1182483615863ed20d166.jpg, 0, 0, 0, 0, 0, 1, 0, 0, 0, 0, 0, 0, 1, 0, 0, 0, 0, 0, 0, 0, 0, 0, 0, 0, 0
fu6_JPG_jpg.rf.18e9ee6247b33b5fcb3a808e81bece11.jpg, 0, 0, 0, 0, 0, 1, 0, 0, 0, 0, 0, 0, 1, 0, 0, 0, 0, 0, 0, 0, 0, 0, 0, 0, 0
ku6_JPG_jpg.rf.1930aff1a2963e969fec6c289792174d.jpg, 0, 0, 0, 0, 0, 0, 0, 0, 1, 0, 0, 0, 0, 0, 0, 1, 0, 0, 0, 0, 0, 0, 0, 0, 0
t10_jpeg_jpg.rf.17bb6fdb49700e6c87e1289d913c9e0d.jpg, 0, 0, 0, 0, 1, 0, 0, 1, 0, 0, 0, 0, 0, 0, 0, 0, 0, 0, 0, 0, 0, 0, 0, 0, 0
b3_jpg.rf.17bf8308d7f0e01ed2a62a4e9c79400f.jpg, 0, 0, 0, 0, 0, 0, 1, 0, 0, 0, 0, 0, 0, 0, 0, 0, 0, 0, 0, 0, 0, 0, 0, 0, 0
f31_jpg.rf.188b0d037937aec95988cedd4f5f3456.jpg, 0, 0, 0, 0, 0, 0, 0, 0, 0, 0, 1, 0, 0, 0, 0, 0, 0, 0, 0, 0, 0, 0, 0, 0, 0
pa31_JPG_jpg.rf.1a58bcba78de3fa1a9f1a804e3306a1d.jpg, 0, 0, 0, 0, 0, 0, 0, 0, 0, 0, 0, 0, 0, 0, 0, 0, 0, 0, 0, 0, 1, 0, 0, 0, 0
b29_jpg.rf.194949d16751ca23d329ddc44be32f1f.jpg, 0, 0, 0, 0, 0, 0, 1, 0, 0, 0, 0, 0, 0, 0, 0, 0, 0, 0, 0, 0, 0, 0, 0, 0, 0
p2_jpg.rf.195f58321bcee9d6c1e3f50afc7a4277.jpg, 0, 0, 0, 0, 0, 0, 0, 0, 0, 0, 0, 0, 0, 0, 0, 0, 0, 0, 0, 0, 0, 0, 1, 0, 0
p43_jpg.rf.1a6f215340f045440e287b1e38260c49.jpg, 0, 0, 0, 0, 0, 0, 0, 0, 0, 0, 0, 0, 0, 0, 0, 0, 0, 0, 0, 0, 0, 0, 1, 0, 0
w36_jpg.rf.19b278075b1ea0d0d365b4417c6fa809.jpg, 0, 0, 0, 0, 0, 0, 0, 0, 0, 0, 0, 0, 0, 0, 0, 0, 0, 0, 0, 0, 0, 0, 0, 0, 1
ku8_jpg.rf.1b956d7bf9a59fb83e00f5e01efee672.jpg, 0, 0, 0, 0, 0, 0, 0, 0, 1, 0, 0, 0, 0, 0, 0, 1, 0, 0, 0, 0, 0, 0, 0, 0, 0
m58_jpg.rf.19fdf0becdcef9962b77e15b16e39e2c.jpg, 0, 0, 0, 0, 0, 0, 0, 0, 0, 0, 0, 0, 0, 0, 0, 0, 0, 1, 0, 0, 0, 0, 0, 0, 0
w16_jpg.rf.1a58aa972e927d216f1bd79e56c5edfd.jpg, 0, 0, 0, 0, 0, 0, 0, 0, 0, 0, 0, 0, 0, 0, 0, 0, 0, 0, 0, 0, 0, 0, 0, 0, 1
w20_jpg.rf.1ab128f761907089dd604aab0fd7d378.jpg, 0, 0, 0, 0, 0, 0, 0, 0, 0, 0, 0, 0, 0, 0, 0, 0, 0, 0, 0, 0, 0, 0, 0, 0, 1
r35_jpg.rf.1b04f00f569abbb1cd2153a6aaed3e1e.jpg, 0, 0, 0, 0, 0, 0, 0, 0, 0, 0, 0, 0, 0, 0, 0, 0, 0, 0, 0, 0, 0, 0, 0, 1, 0
fl38_JPG_jpg.rf.1a595c00cca50a224e7dbe64a4d18c8e.jpg, 0, 0, 0, 0, 0, 0, 0, 0, 0, 1, 0, 0, 0, 0, 1, 0, 0, 0, 0, 0, 0, 0, 0, 0, 0
b50_jpg.rf.1a727f2f9857d0ec497422a91cf4bbbe.jpg, 0, 0, 0, 0, 0, 0, 1, 0, 0, 0, 0, 0, 0, 0, 0, 0, 0, 0, 0, 0, 0, 0, 0, 0, 0
h41_jpg.rf.1b4f1b5dc0de42d5f40bfa09e504c375.jpg, 0, 0, 0, 0, 0, 0, 0, 0, 0, 0, 0, 0, 0, 1, 0, 0, 0, 0, 0, 0, 0, 0, 0, 0, 0
h24_jpg.rf.19f4e4b36fadf1659b3924d1171a1b7a.jpg, 0, 0, 0, 0, 0, 0, 0, 0, 0, 0, 0, 0, 0, 1, 0, 0, 0, 0, 0, 0, 0, 0, 0, 0, 0
m63_png_jpg.rf.1960339af7c3d8aa1aae27f54defab63.jpg, 0, 0, 0, 0, 0, 0, 0, 0, 0, 0, 0, 0, 0, 0, 0, 0, 1, 0, 0, 0, 0, 0, 0, 0, 0
p26_jpg.rf.1a7290a1282e29fa645a231cfc68e17c.jpg, 0, 0, 0, 0, 0, 0, 0, 0, 0, 0, 0, 0, 0, 0, 0, 0, 0, 0, 0, 0, 0, 0, 1, 0, 0
ku8_jpg.rf.1afcdcfd91a04b67bdd6b8e650fb42b0.jpg, 0, 0, 0, 0, 0, 0, 0, 0, 1, 0, 0, 0, 0, 0, 0, 1, 0, 0, 0, 0, 0, 0, 0, 0, 0
m3_jpg.rf.1c22abe3030aeb47c707574d04e1592c.jpg, 0, 0, 0, 0, 0, 0, 0, 0, 0, 0, 0, 0, 0, 0, 0, 0, 1, 0, 0, 0, 0, 0, 0, 0, 0
fu17_JPG_jpg.rf.1ab31ed198b3566c7734e55ca53b2e10.jpg, 0, 0, 0, 0, 0, 1, 0, 0, 0, 0, 0, 0, 1, 0, 0, 0, 0, 0, 0, 0, 0, 0, 0, 0, 0
h26_jpg.rf.1a87671e7a69f694d64f2e9c199d3647.jpg, 0, 0, 0, 0, 0, 0, 0, 0, 0, 0, 0, 0, 0, 1, 0, 0, 0, 0, 0, 0, 0, 0, 0, 0, 0
e49_jpg.rf.1c396fd5e6b351b80bc53899d7a023d6.jpg, 0, 1, 0, 0, 0, 0, 0, 0, 0, 0, 0, 0, 0, 0, 0, 0, 0, 0, 0, 0, 0, 0, 0, 0, 0
f62_JPG_jpg.rf.1be4868c0814e560b38c300aae56dc55.jpg, 0, 0, 0, 0, 0, 1, 0, 0, 0, 0, 0, 1, 0, 0, 0, 0, 0, 0, 0, 0, 0, 0, 0, 0, 0
w32_jpg.rf.1c2a6382e9afcf8562739b31bdd1f385.jpg, 0, 0, 0, 0, 0, 0, 0, 0, 0, 0, 0, 0, 0, 0, 0, 0, 0, 0, 0, 0, 0, 0, 0, 0, 1
w26_jpg.rf.1c21877c0d584489adedcd9d475872b8.jpg, 0, 0, 0, 0, 0, 0, 0, 0, 0, 0, 0, 0, 0, 0, 0, 0, 0, 0, 0, 0, 0, 0, 0, 0, 1
r77_jpg.rf.1bdc8c8a13cfe4a02fd45f1d59716452.jpg, 0, 0, 0, 0, 0, 0, 0, 0, 0, 0, 0, 0, 0, 0, 0, 0, 0, 0, 0, 0, 0, 0, 0, 1, 0
n41_JPG_jpg.rf.1d63a6e35f1311034ea74f21035bb96a.jpg, 0, 0, 0, 0, 0, 1, 0, 0, 0, 0, 0, 0, 0, 0, 0, 0, 0, 0, 1, 0, 0, 0, 0, 0, 0
fu22_JPG_jpg.rf.1d67ac7d97ab013ff7710de8f5c0c18e.jpg, 0, 0, 0, 0, 0, 1, 0, 0, 0, 0, 0, 0, 1, 0, 0, 0, 0, 0, 0, 0, 0, 0, 0, 0, 0
pa8_JPG_jpg.rf.1e614a356585809fa9a6b7b7c36d86d2.jpg, 0, 0, 0, 0, 0, 0, 0, 0, 0, 0, 0, 0, 0, 0, 0, 0, 0, 0, 0, 0, 1, 0, 0, 0, 0
f25_jpg.rf.1dfeaa3e22787007b4f334a13cd97453.jpg, 0, 0, 0, 0, 0, 0, 0, 0, 0, 0, 1, 0, 0, 0, 0, 0, 0, 0, 0, 0, 0, 0, 0, 0, 0
fu57_JPG_jpg.rf.1ed5d0800838fd7e05c351f937fa55a4.jpg, 0, 0, 0, 0, 0, 1, 0, 0, 0, 0, 0, 0, 1, 0, 0, 0, 0, 0, 0, 0, 0, 0, 0, 0, 0
p55_JPG_jpg.rf.1d435fcad389ae2626731bd11e51a90e.jpg, 0, 0, 0, 1, 0, 0, 0, 0, 0, 0, 0, 0, 0, 0, 0, 0, 0, 0, 0, 0, 0, 0, 0, 0, 0
ku40_jpg.rf.1d694600a84dcb6a1292365a60178feb.jpg, 0, 0, 0, 0, 0, 0, 0, 0, 1, 0, 0, 0, 0, 0, 0, 1, 0, 0, 0, 0, 0, 0, 0, 0, 0
m80_jpg.rf.1eea6f37bbf9e57f0c6be9c90ba83907.jpg, 0, 0, 0, 0, 0, 0, 0, 0, 0, 0, 0, 0, 0, 0, 0, 0, 0, 1, 0, 0, 0, 0, 0, 0, 0
k33_jpg.rf.1c781e15becbb4fea4d2f213cf8604cb.jpg, 0, 0, 1, 0, 0, 0, 0, 0, 0, 0, 0, 0, 0, 0, 0, 0, 0, 0, 0, 0, 0, 0, 0, 0, 0
t20_png_jpg.rf.1ee032015dc3d7d584bf38df4b900439.jpg, 0, 0, 0, 0, 1, 0, 0, 1, 0, 0, 0, 0, 0, 0, 0, 0, 0, 0, 0, 0, 0, 0, 0, 0, 0
r23_jpg.rf.1f702bf3756916aa576ea68bc54b8ca6.jpg, 0, 0, 0, 0, 0, 0, 0, 0, 0, 0, 0, 0, 0, 0, 0, 0, 0, 0, 0, 0, 0, 0, 0, 1, 0
t36_JPG_jpg.rf.1f6e34142958d9766e592151be7a9c05.jpg, 0, 0, 0, 0, 1, 0, 0, 1, 0, 0, 0, 0, 0, 0, 0, 0, 0, 0, 0, 0, 0, 0, 0, 0, 0
k26_jpg.rf.1d86e416635c7f60dcd2030ee270525a.jpg, 0, 0, 1, 0, 0, 0, 0, 0, 0, 0, 0, 0, 0, 0, 0, 0, 0, 0, 0, 0, 0, 0, 0, 0, 0
w50_jpg.rf.1f1487361bf01e07255f6378b126d266.jpg, 0, 0, 0, 0, 0, 0, 0, 0, 0, 0, 0, 0, 0, 0, 0, 0, 0, 0, 0, 0, 0, 0, 0, 0, 1
e17_JPG_jpg.rf.1f6ffb426da123b315fa21fde060f1d1.jpg, 0, 1, 0, 0, 0, 0, 0, 0, 0, 0, 0, 0, 0, 0, 0, 0, 0, 0, 0, 0, 0, 0, 0, 0, 0
w61_JPG_jpg.rf.1eae3c7f611d227ef556e149ae266675.jpg, 0, 0, 0, 0, 0, 0, 0, 0, 0, 0, 0, 0, 0, 0, 0, 0, 0, 0, 0, 0, 0, 0, 0, 0, 1
p60_JPG_jpg.rf.1d9d0303608517c5bf701c42fc14cd16.jpg, 0, 0, 0, 1, 0, 0, 0, 0, 0, 0, 0, 0, 0, 0, 0, 0, 0, 0, 0, 0, 0, 0, 0, 0, 0
r33_jpg.rf.1e7adda8d7dbd889c1e67bc62d17dc4a.jpg, 0, 0, 0, 0, 0, 0, 0, 0, 0, 0, 0, 0, 0, 0, 0, 0, 0, 0, 0, 0, 0, 0, 0, 1, 0
p9_jpg.rf.1f9c5909f9e4c089b897cd1dd21091ec.jpg, 0, 0, 0, 0, 0, 0, 0, 0, 0, 0, 0, 0, 0, 0, 0, 0, 0, 0, 0, 0, 0, 0, 1, 0, 0
p24_JPG_jpg.rf.1d9c4c72fbc972f96615ca476369bd82.jpg, 0, 0, 0, 1, 0, 0, 0, 0, 0, 0, 0, 0, 0, 0, 0, 0, 0, 0, 0, 0, 0, 0, 0, 0, 0
fu9_JPG_jpg.rf.1fd9514eb8fc11ebd75d6d03d715e68f.jpg, 0, 0, 0, 0, 0, 1, 0, 0, 0, 0, 0, 0, 1, 0, 0, 0, 0, 0, 0, 0, 0, 0, 0, 0, 0
ku10_JPG_jpg.rf.1f73e94118ff66775bb7c4f42b6a1f3f.jpg, 0, 0, 0, 0, 0, 0, 0, 0, 1, 0, 0, 0, 0, 0, 0, 1, 0, 0, 0, 0, 0, 0, 0, 0, 0
r14_jpg.rf.1d729454c0b48f11dd07f35992990933.jpg, 0, 0, 0, 0, 0, 0, 0, 0, 0, 0, 0, 0, 0, 0, 0, 0, 0, 0, 0, 0, 0, 0, 0, 1, 0
k32_png_jpg.rf.1c7aec6e2adee0d0eaff9fa3d2a494ca.jpg, 0, 0, 1, 0, 0, 0, 0, 0, 0, 0, 0, 0, 0, 0, 0, 0, 0, 0, 0, 0, 0, 0, 0, 0, 0
f11_jpg.rf.1fd78282d5c1d283e183d72a1ecdb405.jpg, 0, 0, 0, 0, 0, 0, 0, 0, 0, 0, 1, 0, 0, 0, 0, 0, 0, 0, 0, 0, 0, 0, 0, 0, 0
pa41_jpg.rf.1fcc7c59d8fd06f22dff95d78cdc2da4.jpg, 0, 0, 0, 0, 0, 0, 0, 0, 0, 0, 0, 0, 0, 0, 0, 0, 0, 0, 0, 0, 1, 0, 0, 0, 0
fl38_JPG_jpg.rf.1e68eb03e915c13f7bbadeeee917367b.jpg, 0, 0, 0, 0, 0, 0, 0, 0, 0, 1, 0, 0, 0, 0, 1, 0, 0, 0, 0, 0, 0, 0, 0, 0, 0
w59_jpg.rf.1f740c3410aad1f2d0ba4c1a8908d2df.jpg, 0, 0, 0, 0, 0, 0, 0, 0, 0, 0, 0, 0, 0, 0, 0, 0, 0, 0, 0, 0, 0, 0, 0, 0, 1
r71_jpg.rf.1fed0d8d22850da1353a7c396695d6b4.jpg, 0, 0, 0, 0, 0, 0, 0, 0, 0, 0, 0, 0, 0, 0, 0, 0, 0, 0, 0, 0, 0, 0, 0, 1, 0
e44_JPG_jpg.rf.2025f5c6310f1e705cd35d52a4484023.jpg, 0, 1, 0, 0, 0, 0, 0, 0, 0, 0, 0, 0, 0, 0, 0, 0, 0, 0, 0, 0, 0, 0, 0, 0, 0
t11_jpg.rf.2086d591062b9a296883a5b2a411c9f0.jpg, 0, 0, 0, 0, 1, 0, 0, 1, 0, 0, 0, 0, 0, 0, 0, 0, 0, 0, 0, 0, 0, 0, 0, 0, 0
m50_jpg.rf.2039d631574e06bf535d61eb6cc93b83.jpg, 0, 0, 0, 0, 0, 0, 0, 0, 0, 0, 0, 0, 0, 0, 0, 0, 1, 0, 0, 0, 0, 0, 0, 0, 0
k20_jpg.rf.2039771a3560176ad59cfef070a8d78b.jpg, 0, 0, 1, 0, 0, 0, 0, 0, 0, 0, 0, 0, 0, 0, 0, 0, 0, 0, 0, 0, 0, 0, 0, 0, 0
n67_JPG_jpg.rf.207a7a5d0152018bbcdf0793951db5f4.jpg, 0, 0, 0, 0, 0, 1, 0, 0, 0, 0, 0, 0, 0, 0, 0, 0, 0, 0, 1, 0, 0, 0, 0, 0, 0
p3_jpg.rf.226254d1175bc13a423adda211c93411.jpg, 0, 0, 0, 0, 0, 0, 0, 0, 0, 0, 0, 0, 0, 0, 0, 0, 0, 0, 0, 0, 0, 0, 1, 0, 0
r24_jpg.rf.20aeae1a7b69c0e390387b786f9cceab.jpg, 0, 0, 0, 0, 0, 0, 0, 0, 0, 0, 0, 0, 0, 0, 0, 0, 0, 0, 0, 0, 0, 0, 0, 1, 0
n38_JPG_jpg.rf.201b927b7c68c63c01b547f0b40a835f.jpg, 0, 0, 0, 0, 0, 1, 0, 0, 0, 0, 0, 0, 0, 0, 0, 0, 0, 0, 1, 0, 0, 0, 0, 0, 0
e63_JPG_jpg.rf.219aaad6d7159ac9a599ddd7cf7e7842.jpg, 0, 1, 0, 0, 0, 0, 0, 0, 0, 0, 0, 0, 0, 0, 0, 0, 0, 0, 0, 0, 0, 0, 0, 0, 0
d15_png_jpg.rf.206053b05922e6ac3d54987a2d388170.jpg, 1, 0, 0, 0, 0, 0, 0, 0, 0, 0, 0, 0, 0, 0, 0, 0, 0, 0, 0, 0, 0, 1, 0, 0, 0
pa37_jpg.rf.20b366a5e555afef7a5f7ef314023050.jpg, 0, 0, 0, 0, 0, 0, 0, 0, 0, 0, 0, 0, 0, 0, 0, 0, 0, 0, 0, 0, 1, 0, 0, 0, 0
n13_JPG_jpg.rf.212d329717d4b39054faaaf2982be944.jpg, 0, 0, 0, 0, 0, 1, 0, 0, 0, 0, 0, 0, 0, 0, 0, 0, 0, 0, 1, 0, 0, 0, 0, 0, 0
k33_jpg.rf.21e0eadea33b0b03dcb9c7df631d71a3.jpg, 0, 0, 1, 0, 0, 0, 0, 0, 0, 0, 0, 0, 0, 0, 0, 0, 0, 0, 0, 0, 0, 0, 0, 0, 0
m75_jpg.rf.2236e1d81e6ed4667eb983fca5105ede.jpg, 0, 0, 0, 0, 0, 0, 0, 0, 0, 0, 0, 0, 0, 0, 0, 0, 0, 1, 0, 0, 0, 0, 0, 0, 0
p33_jpg.rf.21e298eb875035c787c35f0387944f82.jpg, 0, 0, 0, 1, 0, 0, 0, 0, 0, 0, 0, 0, 0, 0, 0, 0, 0, 0, 0, 0, 0, 0, 0, 0, 0
p50_png_jpg.rf.214996fc6479b2e9952d9a787d65f414.jpg, 0, 0, 0, 0, 0, 0, 0, 0, 0, 0, 0, 0, 0, 0, 0, 0, 0, 0, 0, 0, 0, 0, 1, 0, 0
w63_JPG_jpg.rf.20d9c576225b218195fd50134b0ffc01.jpg, 0, 0, 0, 0, 0, 0, 0, 0, 0, 0, 0, 0, 0, 0, 0, 0, 0, 0, 0, 0, 0, 0, 0, 0, 1
f34_JPG_jpg.rf.2202c1794c2bac87709f6008ce09dfcb.jpg, 0, 0, 0, 0, 0, 1, 0, 0, 0, 0, 0, 1, 0, 0, 0, 0, 0, 0, 0, 0, 0, 0, 0, 0, 0
ku34_jpg.rf.2133f13f7cf97643fffa30a522d8cd5c.jpg, 0, 0, 0, 0, 0, 0, 0, 0, 1, 0, 0, 0, 0, 0, 0, 1, 0, 0, 0, 0, 0, 0, 0, 0, 0
m10_jpg.rf.226f54d37d68c43895b0d967eb88ccc0.jpg, 0, 0, 0, 0, 0, 0, 0, 0, 0, 0, 0, 0, 0, 0, 0, 0, 0, 1, 0, 0, 0, 0, 0, 0, 0
t8_jpg.rf.22c4396f70bc766af341170f2a636ce1.jpg, 0, 0, 0, 0, 1, 0, 0, 1, 0, 0, 0, 0, 0, 0, 0, 0, 0, 0, 0, 0, 0, 0, 0, 0, 0
p22_JPG_jpg.rf.2192c8e9d401818a71bfa35272fba566.jpg, 0, 0, 0, 1, 0, 0, 0, 0, 0, 0, 0, 0, 0, 0, 0, 0, 0, 0, 0, 0, 0, 0, 0, 0, 0
e44_JPG_jpg.rf.22482ea476263e27d6491d300463b689.jpg, 0, 1, 0, 0, 0, 0, 0, 0, 0, 0, 0, 0, 0, 0, 0, 0, 0, 0, 0, 0, 0, 0, 0, 0, 0
b42_jpg.rf.22bf9fb91ac0ad168708ed915cf3793a.jpg, 0, 0, 0, 0, 0, 0, 1, 0, 0, 0, 0, 0, 0, 0, 0, 0, 0, 0, 0, 0, 0, 0, 0, 0, 0
f2_jpg.rf.222415965a5ff4ec482e4742e4fac711.jpg, 0, 0, 0, 0, 0, 0, 0, 0, 0, 0, 1, 0, 0, 0, 0, 0, 0, 0, 0, 0, 0, 0, 0, 0, 0
n37_JPG_jpg.rf.22bac4574a311ad30bc9565eeb488265.jpg, 0, 0, 0, 0, 0, 1, 0, 0, 0, 0, 0, 0, 0, 0, 0, 0, 0, 0, 1, 0, 0, 0, 0, 0, 0
n39_JPG_jpg.rf.21a8af7ff2e48be389559955812b7021.jpg, 0, 0, 0, 0, 0, 1, 0, 0, 0, 0, 0, 0, 0, 0, 0, 0, 0, 0, 1, 0, 0, 0, 0, 0, 0
p17_JPG_jpg.rf.22cfb27782d059df18d36df78edc05d1.jpg, 0, 0, 0, 1, 0, 0, 0, 0, 0, 0, 0, 0, 0, 0, 0, 0, 0, 0, 0, 0, 0, 0, 0, 0, 0
pa22_JPG_jpg.rf.22d9c44f2fae26572d23530ab082fc1d.jpg, 0, 0, 0, 0, 0, 0, 0, 0, 0, 0, 0, 0, 0, 0, 0, 0, 0, 0, 0, 0, 1, 0, 0, 0, 0
fu14_JPG_jpg.rf.2325dccdc553053e04d16979082c3681.jpg, 0, 0, 0, 0, 0, 1, 0, 0, 0, 0, 0, 0, 1, 0, 0, 0, 0, 0, 0, 0, 0, 0, 0, 0, 0
fu19_JPG_jpg.rf.232c87c30d61287e6342fc9c0d69164f.jpg, 0, 0, 0, 0, 0, 1, 0, 0, 0, 0, 0, 0, 1, 0, 0, 0, 0, 0, 0, 0, 0, 0, 0, 0, 0
e26_JPG_jpg.rf.22fa6eeaa08ce16278d2e6bd270b59a3.jpg, 0, 1, 0, 0, 0, 0, 0, 0, 0, 0, 0, 0, 0, 0, 0, 0, 0, 0, 0, 0, 0, 0, 0, 0, 0
e56_png_jpg.rf.22fe5b9fd95bf69646ebec318a4af843.jpg, 0, 1, 0, 0, 0, 0, 0, 0, 0, 0, 0, 0, 0, 0, 0, 0, 0, 0, 0, 0, 0, 0, 0, 0, 0
b33_jpg.rf.23fef8f82fd5cde966b2bb1b702bf82e.jpg, 0, 0, 0, 0, 0, 0, 1, 0, 0, 0, 0, 0, 0, 0, 0, 0, 0, 0, 0, 0, 0, 0, 0, 0, 0
r5_png_jpg.rf.23aeaf2e67c018df26ec016272e78eae.jpg, 0, 0, 0, 0, 0, 0, 0, 0, 0, 0, 0, 0, 0, 0, 0, 0, 0, 0, 0, 0, 0, 0, 0, 1, 0
fl62_JPG_jpg.rf.242c605dabdcfb7f60779f877347c812.jpg, 0, 0, 0, 0, 0, 0, 0, 0, 0, 1, 0, 0, 0, 0, 1, 0, 0, 0, 0, 0, 0, 0, 0, 0, 0
f32_jpg.rf.23418678256ba5aa0883752e0c0c1f9e.jpg, 0, 0, 0, 0, 0, 0, 0, 0, 0, 0, 1, 0, 0, 0, 0, 0, 0, 0, 0, 0, 0, 0, 0, 0, 0
pa12_JPG_jpg.rf.242961c6249604fb12d4a191fa0d321d.jpg, 0, 0, 0, 0, 0, 0, 0, 0, 0, 0, 0, 0, 0, 0, 0, 0, 0, 0, 0, 0, 1, 0, 0, 0, 0
k7_JPG_jpg.rf.23e93a72a107e2fe62409bade770061d.jpg, 0, 0, 1, 0, 0, 0, 0, 0, 0, 0, 0, 0, 0, 0, 0, 0, 0, 0, 0, 0, 0, 0, 0, 0, 0
fu52_JPG_jpg.rf.23e511427811a392556c689ecae28dfe.jpg, 0, 0, 0, 0, 0, 1, 0, 0, 0, 0, 0, 0, 1, 0, 0, 0, 0, 0, 0, 0, 0, 0, 0, 0, 0
t63_jpg.rf.24248e698ab71b29e778d4bb3cf4c673.jpg, 0, 0, 0, 0, 1, 0, 0, 1, 0, 0, 0, 0, 0, 0, 0, 0, 0, 0, 0, 0, 0, 0, 0, 0, 0
k64_jpg.rf.236290ccfaa71c9fcac1b73469c22142.jpg, 0, 0, 1, 0, 0, 0, 0, 0, 0, 0, 0, 0, 0, 0, 0, 0, 0, 0, 0, 0, 0, 0, 0, 0, 0
fl1_JPG_jpg.rf.22ff0915e1edc0ff14a5c23cf54d044f.jpg, 0, 0, 0, 0, 0, 0, 0, 0, 0, 1, 0, 0, 0, 0, 1, 0, 0, 0, 0, 0, 0, 0, 0, 0, 0
f57_jpg.rf.2417f16ea121332b72259540c87359b1.jpg, 0, 0, 0, 0, 0, 0, 0, 0, 0, 0, 1, 0, 0, 0, 0, 0, 0, 0, 0, 0, 0, 0, 0, 0, 0
e32_jpg.rf.23a217fcff6f05438ac2dbc5548a114a.jpg, 0, 1, 0, 0, 0, 0, 0, 0, 0, 0, 0, 0, 0, 0, 0, 0, 0, 0, 0, 0, 0, 0, 0, 0, 0
pa55_JPG_jpg.rf.24296c6a15209d806aeadd826602858d.jpg, 0, 0, 0, 0, 0, 0, 0, 0, 0, 0, 0, 0, 0, 0, 0, 0, 0, 0, 0, 0, 1, 0, 0, 0, 0
m14_jpg.rf.241b9063bd03c1fe62c694827797e987.jpg, 0, 0, 0, 0, 0, 0, 0, 0, 0, 0, 0, 0, 0, 0, 0, 0, 0, 1, 0, 0, 0, 0, 0, 0, 0
m55_jpg.rf.23fb8349a1b60cf4659514470e43a057.jpg, 0, 0, 0, 0, 0, 0, 0, 0, 0, 0, 0, 0, 0, 0, 0, 0, 0, 1, 0, 0, 0, 0, 0, 0, 0
ku41_jpg.rf.2440f86e829dbc0a90da2632ae596e20.jpg, 0, 0, 0, 0, 0, 0, 0, 0, 1, 0, 0, 0, 0, 0, 0, 1, 0, 0, 0, 0, 0, 0, 0, 0, 0
n53_JPG_jpg.rf.230f4a617b96fb0a292ae733c4ad2f0a.jpg, 0, 0, 0, 0, 0, 1, 0, 0, 0, 0, 0, 0, 0, 0, 0, 0, 0, 0, 1, 0, 0, 0, 0, 0, 0
f13_JPG_jpg.rf.24751bc260f3767d6557c488fbda55b8.jpg, 0, 0, 0, 0, 0, 1, 0, 0, 0, 0, 0, 1, 0, 0, 0, 0, 0, 0, 0, 0, 0, 0, 0, 0, 0
fl24_JPG_jpg.rf.24137de6e32c1eaafdd2028ea78fbcfd.jpg, 0, 0, 0, 0, 0, 0, 0, 0, 0, 1, 0, 0, 0, 0, 1, 0, 0, 0, 0, 0, 0, 0, 0, 0, 0
r16_jpg.rf.242bf34d742ab02ab90d4ec3fede7b60.jpg, 0, 0, 0, 0, 0, 0, 0, 0, 0, 0, 0, 0, 0, 0, 0, 0, 0, 0, 0, 0, 0, 0, 0, 1, 0
p42_JPG_jpg.rf.242845bd51ae8f4496636394dd8194ef.jpg, 0, 0, 0, 1, 0, 0, 0, 0, 0, 0, 0, 0, 0, 0, 0, 0, 0, 0, 0, 0, 0, 0, 0, 0, 0
w52_jpg.rf.2477c8d56781c43cbb468705812e9c89.jpg, 0, 0, 0, 0, 0, 0, 0, 0, 0, 0, 0, 0, 0, 0, 0, 0, 0, 0, 0, 0, 0, 0, 0, 0, 1
h41_jpg.rf.24da730a41ae0a88669b8a5a291c86ee.jpg, 0, 0, 0, 0, 0, 0, 0, 0, 0, 0, 0, 0, 0, 1, 0, 0, 0, 0, 0, 0, 0, 0, 0, 0, 0
b9_jpg.rf.24ed6630053ea6020a5a08ee5890844a.jpg, 0, 0, 0, 0, 0, 0, 1, 0, 0, 0, 0, 0, 0, 0, 0, 0, 0, 0, 0, 0, 0, 0, 0, 0, 0
p51_jpg.rf.24ece7bf081736907311b31167954719.jpg, 0, 0, 0, 0, 0, 0, 0, 0, 0, 0, 0, 0, 0, 0, 0, 0, 0, 0, 0, 0, 0, 0, 1, 0, 0
h59_jpg.rf.2500417d9088a85ee6fa810115f892da.jpg, 0, 0, 0, 0, 0, 0, 0, 0, 0, 0, 0, 0, 0, 1, 0, 0, 0, 0, 0, 0, 0, 0, 0, 0, 0
e68_JPG_jpg.rf.252348d77523f77ef53ca7ff421b9b69.jpg, 0, 1, 0, 0, 0, 0, 0, 0, 0, 0, 0, 0, 0, 0, 0, 0, 0, 0, 0, 0, 0, 0, 0, 0, 0
r72_jpg.rf.2530065ca0c05e32be6fc5364c28981c.jpg, 0, 0, 0, 0, 0, 0, 0, 0, 0, 0, 0, 0, 0, 0, 0, 0, 0, 0, 0, 0, 0, 0, 0, 1, 0
p8_jpg.rf.25d57292af1a15bb7c82064c22eada3b.jpg, 0, 0, 0, 1, 0, 0, 0, 0, 0, 0, 0, 0, 0, 0, 0, 0, 0, 0, 0, 0, 0, 0, 0, 0, 0
b24_jpg.rf.25e6b5421021c4647a67cbbf47a40041.jpg, 0, 0, 0, 0, 0, 0, 1, 0, 0, 0, 0, 0, 0, 0, 0, 0, 0, 0, 0, 0, 0, 0, 0, 0, 0
f63_JPG_jpg.rf.2673c7825f2244adfe5207f24667168e.jpg, 0, 0, 0, 0, 0, 1, 0, 0, 0, 0, 0, 1, 0, 0, 0, 0, 0, 0, 0, 0, 0, 0, 0, 0, 0
pa17_JPG_jpg.rf.265799f197e4ed4863df2105a17a5152.jpg, 0, 0, 0, 0, 0, 0, 0, 0, 0, 0, 0, 0, 0, 0, 0, 0, 0, 0, 0, 0, 1, 0, 0, 0, 0
n50_JPG_jpg.rf.25316b896164e41a350e34ebac04b2f1.jpg, 0, 0, 0, 0, 0, 1, 0, 0, 0, 0, 0, 0, 0, 0, 0, 0, 0, 0, 1, 0, 0, 0, 0, 0, 0
p25_jpg.rf.2575fbdddb076f9c90444b6533208656.jpg, 0, 0, 0, 0, 0, 0, 0, 0, 0, 0, 0, 0, 0, 0, 0, 0, 0, 0, 0, 0, 0, 0, 1, 0, 0
m38_jpg.rf.2596063d5eba3fada00cfd67476f8c38.jpg, 0, 0, 0, 0, 0, 0, 0, 0, 0, 0, 0, 0, 0, 0, 0, 0, 0, 1, 0, 0, 0, 0, 0, 0, 0
ku7_JPG_jpg.rf.2551c14d871430d9b0da50c9c8fe709e.jpg, 0, 0, 0, 0, 0, 0, 0, 0, 1, 0, 0, 0, 0, 0, 0, 1, 0, 0, 0, 0, 0, 0, 0, 0, 0
fu19_JPG_jpg.rf.25d686c0f6d56457b118223b32f6fc64.jpg, 0, 0, 0, 0, 0, 1, 0, 0, 0, 0, 0, 0, 1, 0, 0, 0, 0, 0, 0, 0, 0, 0, 0, 0, 0
n32_JPG_jpg.rf.26faed72a0dc1c0d859f3a0a68158eec.jpg, 0, 0, 0, 0, 0, 1, 0, 0, 0, 0, 0, 0, 0, 0, 0, 0, 0, 0, 1, 0, 0, 0, 0, 0, 0
e26_JPG_jpg.rf.26a83f7014c946f82ca045b9748d81e2.jpg, 0, 1, 0, 0, 0, 0, 0, 0, 0, 0, 0, 0, 0, 0, 0, 0, 0, 0, 0, 0, 0, 0, 0, 0, 0
f33_JPG_jpg.rf.268d4a87ee10f2d70c9335160b0c6789.jpg, 0, 0, 0, 0, 0, 1, 0, 0, 0, 0, 0, 1, 0, 0, 0, 0, 0, 0, 0, 0, 0, 0, 0, 0, 0
f36_JPG_jpg.rf.277e0dd6863a95ea3992c65127100527.jpg, 0, 0, 0, 0, 0, 1, 0, 0, 0, 0, 0, 1, 0, 0, 0, 0, 0, 0, 0, 0, 0, 0, 0, 0, 0
m18_jpg.rf.26739676f05cc79c79e8bcefce09d1c7.jpg, 0, 0, 0, 0, 0, 0, 0, 0, 0, 0, 0, 0, 0, 0, 0, 0, 0, 1, 0, 0, 0, 0, 0, 0, 0
p20_jpg.rf.2546aaa51312f70cc3ddeaaea3d9075d.jpg, 0, 0, 0, 1, 0, 0, 0, 0, 0, 0, 0, 0, 0, 0, 0, 0, 0, 0, 0, 0, 0, 0, 0, 0, 0
b29_jpg.rf.260a039517bcff134a5c6004a4798acb.jpg, 0, 0, 0, 0, 0, 0, 1, 0, 0, 0, 0, 0, 0, 0, 0, 0, 0, 0, 0, 0, 0, 0, 0, 0, 0
m56_jpg.rf.26ccbdbedbf41b5eb87db4949f57bafe.jpg, 0, 0, 0, 0, 0, 0, 0, 0, 0, 0, 0, 0, 0, 0, 0, 0, 0, 1, 0, 0, 0, 0, 0, 0, 0
ku60_JPG_jpg.rf.27b4c241638fc159dfff090ec7b90fd2.jpg, 0, 0, 0, 0, 0, 0, 0, 0, 1, 0, 0, 0, 0, 0, 0, 1, 0, 0, 0, 0, 0, 0, 0, 0, 0
m36_jpg.rf.27a41e2f2b1545c471357340fbcd3d3b.jpg, 0, 0, 0, 0, 0, 0, 0, 0, 0, 0, 0, 0, 0, 0, 0, 0, 0, 1, 0, 0, 0, 0, 0, 0, 0
f63_JPG_jpg.rf.27ac2d99da1279635370579fc84641e8.jpg, 0, 0, 0, 0, 0, 1, 0, 0, 0, 0, 0, 1, 0, 0, 0, 0, 0, 0, 0, 0, 0, 0, 0, 0, 0
p2_jpg.rf.282703df4c66f7f7a07a8963ee7a0684.jpg, 0, 0, 0, 0, 0, 0, 0, 0, 0, 0, 0, 0, 0, 0, 0, 0, 0, 0, 0, 0, 0, 0, 1, 0, 0
ku40_jpg.rf.282a7ca2e47bd42830a59b46f5f06c6d.jpg, 0, 0, 0, 0, 0, 0, 0, 0, 1, 0, 0, 0, 0, 0, 0, 1, 0, 0, 0, 0, 0, 0, 0, 0, 0
p57_png_jpg.rf.28241e1bb49f8228bd6cafc745ba8f06.jpg, 0, 0, 0, 0, 0, 0, 0, 0, 0, 0, 0, 0, 0, 0, 0, 0, 0, 0, 0, 1, 0, 0, 0, 0, 0
ku15_jpg.rf.2791ba15b429abeef9eaad7396062718.jpg, 0, 0, 0, 0, 0, 0, 0, 0, 1, 0, 0, 0, 0, 0, 0, 1, 0, 0, 0, 0, 0, 0, 0, 0, 0
b59_jpg.rf.28563f00e8d5bb1dae916aecd553b0d7.jpg, 0, 0, 0, 0, 0, 0, 1, 0, 0, 0, 0, 0, 0, 0, 0, 0, 0, 0, 0, 0, 0, 0, 0, 0, 0
r62_jpg.rf.284b215681b97ce0f7304929d67ef227.jpg, 0, 0, 0, 0, 0, 0, 0, 0, 0, 0, 0, 0, 0, 0, 0, 0, 0, 0, 0, 0, 0, 0, 0, 1, 0
e26_JPG_jpg.rf.2857975c69f9742873e406df22d09553.jpg, 0, 1, 0, 0, 0, 0, 0, 0, 0, 0, 0, 0, 0, 0, 0, 0, 0, 0, 0, 0, 0, 0, 0, 0, 0
fu53_JPG_jpg.rf.286558fb942210addc718e98141da3b3.jpg, 0, 0, 0, 0, 0, 1, 0, 0, 0, 0, 0, 0, 1, 0, 0, 0, 0, 0, 0, 0, 0, 0, 0, 0, 0
ku45_JPG_jpg.rf.28661495c73150f64dc15124f28d982d.jpg, 0, 0, 0, 0, 0, 0, 0, 0, 1, 0, 0, 0, 0, 0, 0, 1, 0, 0, 0, 0, 0, 0, 0, 0, 0
fu11_JPG_jpg.rf.291987059b21a6a3de56a44e381098a2.jpg, 0, 0, 0, 0, 0, 1, 0, 0, 0, 0, 0, 0, 1, 0, 0, 0, 0, 0, 0, 0, 0, 0, 0, 0, 0
e62_JPG_jpg.rf.29fffe266a53bb546559c36034178abb.jpg, 0, 1, 0, 0, 0, 0, 0, 0, 0, 0, 0, 0, 0, 0, 0, 0, 0, 0, 0, 0, 0, 0, 0, 0, 0
fl33_JPG_jpg.rf.28c46ae254f3245adb6eeefc855a746e.jpg, 0, 0, 0, 0, 0, 0, 0, 0, 0, 1, 0, 0, 0, 0, 1, 0, 0, 0, 0, 0, 0, 0, 0, 0, 0
r13_jpg.rf.29aa30ca3161aefd74ba7b8b4c7b5757.jpg, 0, 0, 0, 0, 0, 0, 0, 0, 0, 0, 0, 0, 0, 0, 0, 0, 0, 0, 0, 0, 0, 0, 0, 1, 0
m6_jpg.rf.29c55af26b78f7f535fd14bab193f552.jpg, 0, 0, 0, 0, 0, 0, 0, 0, 0, 0, 0, 0, 0, 0, 0, 0, 0, 1, 0, 0, 0, 0, 0, 0, 0
k53_JPG_jpg.rf.2883a1f97f9e9c72051c846b32bd337c.jpg, 0, 0, 1, 0, 0, 0, 0, 0, 0, 0, 0, 0, 0, 0, 0, 0, 0, 0, 0, 0, 0, 0, 0, 0, 0
pa58_JPG_jpg.rf.288f6af88f8ea0dbcff2a1e726f8846e.jpg, 0, 0, 0, 0, 0, 0, 0, 0, 0, 0, 0, 0, 0, 0, 0, 0, 0, 0, 0, 0, 1, 0, 0, 0, 0
t34_jpg.rf.2902d2e770dbcc2376a0920918153ad4.jpg, 0, 0, 0, 0, 1, 0, 0, 1, 0, 0, 0, 0, 0, 0, 0, 0, 0, 0, 0, 0, 0, 0, 0, 0, 0
k24_jpg.rf.28b42365dc42946151d82410bdd25465.jpg, 0, 0, 1, 0, 0, 0, 0, 0, 0, 0, 0, 0, 0, 0, 0, 0, 0, 0, 0, 0, 0, 0, 0, 0, 0
n17_JPG_jpg.rf.299855a82a00629abac0a69e3e5878f4.jpg, 0, 0, 0, 0, 0, 1, 0, 0, 0, 0, 0, 0, 0, 0, 0, 0, 0, 0, 1, 0, 0, 0, 0, 0, 0
fl2_JPG_jpg.rf.2a0c9f4f3ad56d0bae3607ced66649d7.jpg, 0, 0, 0, 0, 0, 0, 0, 0, 0, 1, 0, 0, 0, 0, 1, 0, 0, 0, 0, 0, 0, 0, 0, 0, 0
fl66_JPG_jpg.rf.2a290f7c86d94e1ca55fab0d920806c7.jpg, 0, 0, 0, 0, 0, 0, 0, 0, 0, 1, 0, 0, 0, 0, 1, 0, 0, 0, 0, 0, 0, 0, 0, 0, 0
f40_JPG_jpg.rf.29ce0539f90282ee5984e21edd212d08.jpg, 0, 0, 0, 0, 0, 1, 0, 0, 0, 0, 0, 1, 0, 0, 0, 0, 0, 0, 0, 0, 0, 0, 0, 0, 0
f23_JPG_jpg.rf.29e446d47b06765e759bc6da6b6fe44e.jpg, 0, 0, 0, 0, 0, 1, 0, 0, 0, 0, 0, 1, 0, 0, 0, 0, 0, 0, 0, 0, 0, 0, 0, 0, 0
w23_jpg.rf.2994dbf38b1667f648560cac68a43033.jpg, 0, 0, 0, 0, 0, 0, 0, 0, 0, 0, 0, 0, 0, 0, 0, 0, 0, 0, 0, 0, 0, 0, 0, 0, 1
pa16_JPG_jpg.rf.2a0b8c1cf694ed959337204eb3c0f32b.jpg, 0, 0, 0, 0, 0, 0, 0, 0, 0, 0, 0, 0, 0, 0, 0, 0, 0, 0, 0, 0, 1, 0, 0, 0, 0
e31_jpg.rf.2a0405b7625cc36c4cec030000fa7c7c.jpg, 0, 1, 0, 0, 0, 0, 0, 0, 0, 0, 0, 0, 0, 0, 0, 0, 0, 0, 0, 0, 0, 0, 0, 0, 0
p6_jpg.rf.2a7117ab65d830feab7b848e2ef3f7ec.jpg, 0, 0, 0, 1, 0, 0, 0, 0, 0, 0, 0, 0, 0, 0, 0, 0, 0, 0, 0, 0, 0, 0, 0, 0, 0
d59_JPG_jpg.rf.2a1efdbd2097e92795a74894f787f2b5.jpg, 1, 0, 0, 0, 0, 0, 0, 0, 0, 0, 0, 0, 0, 0, 0, 0, 0, 0, 0, 0, 0, 1, 0, 0, 0
r18_jpg.rf.29afc07f6e72df9e94ffb1959592262a.jpg, 0, 0, 0, 0, 0, 0, 0, 0, 0, 0, 0, 0, 0, 0, 0, 0, 0, 0, 0, 0, 0, 0, 0, 1, 0
p17_jpg.rf.28843c15e95518b6988e069afb9aa62a.jpg, 0, 0, 0, 0, 0, 0, 0, 0, 0, 0, 0, 0, 0, 0, 0, 0, 0, 0, 0, 1, 0, 0, 0, 0, 0
k3_JPG_jpg.rf.2ab0565c200d6f1e47481032a7f0d289.jpg, 0, 0, 1, 0, 0, 0, 0, 0, 0, 0, 0, 0, 0, 0, 0, 0, 0, 0, 0, 0, 0, 0, 0, 0, 0
f16_JPG_jpg.rf.2a16cee826be13a9f9567bfa09a79765.jpg, 0, 0, 0, 0, 0, 0, 0, 0, 0, 0, 1, 0, 0, 0, 0, 0, 0, 0, 0, 0, 0, 0, 0, 0, 0
r43_jpg.rf.29e32777e7497147bdd8344b272c951f.jpg, 0, 0, 0, 0, 0, 0, 0, 0, 0, 0, 0, 0, 0, 0, 0, 0, 0, 0, 0, 0, 0, 0, 0, 1, 0
fl46_JPG_jpg.rf.2aeba6e229fa81456c87172b885b59d8.jpg, 0, 0, 0, 0, 0, 0, 0, 0, 0, 1, 0, 0, 0, 0, 1, 0, 0, 0, 0, 0, 0, 0, 0, 0, 0
ku10_JPG_jpg.rf.2af9bbe4211739edda2479e1a01733e3.jpg, 0, 0, 0, 0, 0, 0, 0, 0, 1, 0, 0, 0, 0, 0, 0, 1, 0, 0, 0, 0, 0, 0, 0, 0, 0
k70_jpg.rf.2c42f3057644cd6559bd88b0633cb684.jpg, 0, 0, 1, 0, 0, 0, 0, 0, 0, 0, 0, 0, 0, 0, 0, 0, 0, 0, 0, 0, 0, 0, 0, 0, 0
p39_jpg.rf.2b140511cba59787ac3eacc0d16a8720.jpg, 0, 0, 0, 0, 0, 0, 0, 0, 0, 0, 0, 0, 0, 0, 0, 0, 0, 0, 0, 1, 0, 0, 0, 0, 0
e42_JPG_jpg.rf.2b1598b05ab74a74a88f9cfcb060e776.jpg, 0, 1, 0, 0, 0, 0, 0, 0, 0, 0, 0, 0, 0, 0, 0, 0, 0, 0, 0, 0, 0, 0, 0, 0, 0
fl38_JPG_jpg.rf.2b8239d11737da5237a3b8bac23b7947.jpg, 0, 0, 0, 0, 0, 0, 0, 0, 0, 1, 0, 0, 0, 0, 1, 0, 0, 0, 0, 0, 0, 0, 0, 0, 0
m3_jpg.rf.2b4f8059d9de5727deafcc16325bfdab.jpg, 0, 0, 0, 0, 0, 0, 0, 0, 0, 0, 0, 0, 0, 0, 0, 0, 0, 1, 0, 0, 0, 0, 0, 0, 0
p3_jpg.rf.2c6f1afe8881a41010f9d38b36db3bd0.jpg, 0, 0, 0, 0, 0, 0, 0, 0, 0, 0, 0, 0, 0, 0, 0, 0, 0, 0, 0, 0, 0, 0, 1, 0, 0
k55_JPG_jpg.rf.2b52c46659dd2aef8209d706779ac4e7.jpg, 0, 0, 1, 0, 0, 0, 0, 0, 0, 0, 0, 0, 0, 0, 0, 0, 0, 0, 0, 0, 0, 0, 0, 0, 0
k50_png_jpg.rf.2baf8518c7c4e0716651bcf198e64ef0.jpg, 0, 0, 1, 0, 0, 0, 0, 0, 0, 0, 0, 0, 0, 0, 0, 0, 0, 0, 0, 0, 0, 0, 0, 0, 0
r38_jpg.rf.2bdee3b7cdf1620d1b5b5f73d5ba4b98.jpg, 0, 0, 0, 0, 0, 0, 0, 0, 0, 0, 0, 0, 0, 0, 0, 0, 0, 0, 0, 0, 0, 0, 0, 1, 0
w30_jpg.rf.2bf4a4e93bc5521cf1cee6feddd925bd.jpg, 0, 0, 0, 0, 0, 0, 0, 0, 0, 0, 0, 0, 0, 0, 0, 0, 0, 0, 0, 0, 0, 0, 0, 0, 1
k57_jpg.rf.2c4c96b1399eebd2e590deff797cd5fd.jpg, 0, 0, 1, 0, 0, 0, 0, 0, 0, 0, 0, 0, 0, 0, 0, 0, 0, 0, 0, 0, 0, 0, 0, 0, 0
m24_jpg.rf.2be16e5b8851c48f2c00f25ed3d50fc0.jpg, 0, 0, 0, 0, 0, 0, 0, 0, 0, 0, 0, 0, 0, 0, 0, 0, 1, 0, 0, 0, 0, 0, 0, 0, 0
m13_jpg.rf.2d67bc04bb010cf7f07ea3775e7fc175.jpg, 0, 0, 0, 0, 0, 0, 0, 0, 0, 0, 0, 0, 0, 0, 0, 0, 0, 1, 0, 0, 0, 0, 0, 0, 0
f66_JPG_jpg.rf.2bf81efd3574a3974d08db7bc534adc0.jpg, 0, 0, 0, 0, 0, 1, 0, 0, 0, 0, 0, 1, 0, 0, 0, 0, 0, 0, 0, 0, 0, 0, 0, 0, 0
h26_jpg.rf.2b5560ea6dff1f00d435140792e66ccc.jpg, 0, 0, 0, 0, 0, 0, 0, 0, 0, 0, 0, 0, 0, 1, 0, 0, 0, 0, 0, 0, 0, 0, 0, 0, 0
p20_jpg.rf.2e04fad0fd2637dcbc2e9d52a6cc284e.jpg, 0, 0, 0, 1, 0, 0, 0, 0, 0, 0, 0, 0, 0, 0, 0, 0, 0, 0, 0, 0, 0, 0, 0, 0, 0
p63_jpg.rf.2c8dbb460d5cc749f88c349d6700b413.jpg, 0, 0, 0, 1, 0, 0, 0, 0, 0, 0, 0, 0, 0, 0, 0, 0, 0, 0, 0, 0, 0, 0, 0, 0, 0
p59_jpeg_jpg.rf.2d0247bfd0c940364226cf99a3128bd4.jpg, 0, 0, 0, 0, 0, 0, 0, 0, 0, 0, 0, 0, 0, 0, 0, 0, 0, 0, 0, 0, 0, 0, 1, 0, 0
ku56_JPG_jpg.rf.2c1e28b22c092219a7caa70ef376c153.jpg, 0, 0, 0, 0, 0, 0, 0, 0, 1, 0, 0, 0, 0, 0, 0, 1, 0, 0, 0, 0, 0, 0, 0, 0, 0
r19_jpg.rf.2e134bcc366061f73564e02046d5439c.jpg, 0, 0, 0, 0, 0, 0, 0, 0, 0, 0, 0, 0, 0, 0, 0, 0, 0, 0, 0, 0, 0, 0, 0, 1, 0
fl43_JPG_jpg.rf.2d19dc28894583b66167d682610ae4e4.jpg, 0, 0, 0, 0, 0, 0, 0, 0, 0, 1, 0, 0, 0, 0, 1, 0, 0, 0, 0, 0, 0, 0, 0, 0, 0
f61_JPG_jpg.rf.2cf2776565f67c37a0a75a61b0c98689.jpg, 0, 0, 0, 0, 0, 1, 0, 0, 0, 0, 0, 1, 0, 0, 0, 0, 0, 0, 0, 0, 0, 0, 0, 0, 0
e53_JPG_jpg.rf.2d1c62ef56872ed26bcac1620bf5e4f1.jpg, 0, 1, 0, 0, 0, 0, 0, 0, 0, 0, 0, 0, 0, 0, 0, 0, 0, 0, 0, 0, 0, 0, 0, 0, 0
p52_JPG_jpg.rf.2eacc8e23cb0e8b935658f7655013f74.jpg, 0, 0, 0, 1, 0, 0, 0, 0, 0, 0, 0, 0, 0, 0, 0, 0, 0, 0, 0, 0, 0, 0, 0, 0, 0
fu39_JPG_jpg.rf.2d7bf50f96d71295ff919a16855e208c.jpg, 0, 0, 0, 0, 0, 1, 0, 0, 0, 0, 0, 0, 1, 0, 0, 0, 0, 0, 0, 0, 0, 0, 0, 0, 0
pa47_JPG_jpg.rf.2e7532965d4b7bb21799e7dc6d37f116.jpg, 0, 0, 0, 0, 0, 0, 0, 0, 0, 0, 0, 0, 0, 0, 0, 0, 0, 0, 0, 0, 1, 0, 0, 0, 0
f17_JPG_jpg.rf.2e1146b61bc60c4efb06e23a852e6fff.jpg, 0, 0, 0, 0, 0, 1, 0, 0, 0, 0, 0, 1, 0, 0, 0, 0, 0, 0, 0, 0, 0, 0, 0, 0, 0
b20_jpeg_jpg.rf.2ee3b97cf470bcd768129d3a45937269.jpg, 0, 0, 0, 0, 0, 0, 1, 0, 0, 0, 0, 0, 0, 0, 0, 0, 0, 0, 0, 0, 0, 0, 0, 0, 0
d3_jpg.rf.2f9a77c567d8bf14f643f9c6061b3c7c.jpg, 1, 0, 0, 0, 0, 0, 0, 0, 0, 0, 0, 0, 0, 0, 0, 0, 0, 0, 0, 0, 0, 1, 0, 0, 0
t29_jpg.rf.30152c95eade001af8d40d4dc9489726.jpg, 0, 0, 0, 0, 1, 0, 0, 1, 0, 0, 0, 0, 0, 0, 0, 0, 0, 0, 0, 0, 0, 0, 0, 0, 0
e20_jpg.rf.303ac028486e0915130d9d33512d92f0.jpg, 0, 1, 0, 0, 0, 0, 0, 0, 0, 0, 0, 0, 0, 0, 0, 0, 0, 0, 0, 0, 0, 0, 0, 0, 0
t62_JPG_jpg.rf.2ec5d015503dc7f01df861d82200b0c9.jpg, 0, 0, 0, 0, 1, 0, 0, 1, 0, 0, 0, 0, 0, 0, 0, 0, 0, 0, 0, 0, 0, 0, 0, 0, 0
f37_JPG_jpg.rf.2fae9e089385edb2d76280c25a6525e4.jpg, 0, 0, 0, 0, 0, 1, 0, 0, 0, 0, 0, 1, 0, 0, 0, 0, 0, 0, 0, 0, 0, 0, 0, 0, 0
pa26_JPG_jpg.rf.3034cb6534b84c6299cd2712d6fe44ee.jpg, 0, 0, 0, 0, 0, 0, 0, 0, 0, 0, 0, 0, 0, 0, 0, 0, 0, 0, 0, 0, 1, 0, 0, 0, 0
fu57_JPG_jpg.rf.300f0dea286fbb10f81616d7ce1a079a.jpg, 0, 0, 0, 0, 0, 1, 0, 0, 0, 0, 0, 0, 1, 0, 0, 0, 0, 0, 0, 0, 0, 0, 0, 0, 0
ku46_jpg.rf.2f8dfd8a9572cb0fb1d8fdc55735968b.jpg, 0, 0, 0, 0, 0, 0, 0, 0, 1, 0, 0, 0, 0, 0, 0, 1, 0, 0, 0, 0, 0, 0, 0, 0, 0
r47_JPG_jpg.rf.2ed04503a4cb4aa62caccbf601767aae.jpg, 0, 0, 0, 0, 0, 0, 0, 0, 0, 0, 0, 0, 0, 0, 0, 0, 0, 0, 0, 0, 0, 0, 0, 1, 0
n33_JPG_jpg.rf.2f4d45280367325c8ae02d0328c4dfd5.jpg, 0, 0, 0, 0, 0, 1, 0, 0, 0, 0, 0, 0, 0, 0, 0, 0, 0, 0, 1, 0, 0, 0, 0, 0, 0
n17_JPG_jpg.rf.2f09b50f20456f4bb117df234172a9cf.jpg, 0, 0, 0, 0, 0, 1, 0, 0, 0, 0, 0, 0, 0, 0, 0, 0, 0, 0, 1, 0, 0, 0, 0, 0, 0
b50_jpg.rf.305a9d03ef5e0c896e3a8d8420c6271b.jpg, 0, 0, 0, 0, 0, 0, 1, 0, 0, 0, 0, 0, 0, 0, 0, 0, 0, 0, 0, 0, 0, 0, 0, 0, 0
d27_jpg.rf.30665115b5fcfa2161e04777d3b03968.jpg, 1, 0, 0, 0, 0, 0, 0, 0, 0, 0, 0, 0, 0, 0, 0, 0, 0, 0, 0, 0, 0, 1, 0, 0, 0
fl41_JPG_jpg.rf.30e7afa1274cb217867b60854c5c52db.jpg, 0, 0, 0, 0, 0, 0, 0, 0, 0, 1, 0, 0, 0, 0, 1, 0, 0, 0, 0, 0, 0, 0, 0, 0, 0
pa16_JPG_jpg.rf.30f6f107707229e26885bc234f210090.jpg, 0, 0, 0, 0, 0, 0, 0, 0, 0, 0, 0, 0, 0, 0, 0, 0, 0, 0, 0, 0, 1, 0, 0, 0, 0
p39_jpg.rf.3152b17d55dcc94c74b38563f57bb241.jpg, 0, 0, 0, 0, 0, 0, 0, 0, 0, 0, 0, 0, 0, 0, 0, 0, 0, 0, 0, 1, 0, 0, 0, 0, 0
t19_jpg.rf.3042264e3dc4ef75e2a30ce879c0aba0.jpg, 0, 0, 0, 0, 1, 0, 0, 1, 0, 0, 0, 0, 0, 0, 0, 0, 0, 0, 0, 0, 0, 0, 0, 0, 0
r63_jpg.rf.303fa25f5f5ac5c201196f960e2c4b0d.jpg, 0, 0, 0, 0, 0, 0, 0, 0, 0, 0, 0, 0, 0, 0, 0, 0, 0, 0, 0, 0, 0, 0, 0, 1, 0
b58_jpg.rf.3089c4cd98f9f0a02786cb6c39f49a23.jpg, 0, 0, 0, 0, 0, 0, 1, 0, 0, 0, 0, 0, 0, 0, 0, 0, 0, 0, 0, 0, 0, 0, 0, 0, 0
p28_jpg.rf.30bc0aa741d2542bebf3d0503acbfc90.jpg, 0, 0, 0, 1, 0, 0, 0, 0, 0, 0, 0, 0, 0, 0, 0, 0, 0, 0, 0, 0, 0, 0, 0, 0, 0
fl22_JPG_jpg.rf.3081f2babd7515bcd6dbf75a10dbbac4.jpg, 0, 0, 0, 0, 0, 0, 0, 0, 0, 1, 0, 0, 0, 0, 1, 0, 0, 0, 0, 0, 0, 0, 0, 0, 0
k4_jpg.rf.2f6e556ce8692fe3b55618f9852e8154.jpg, 0, 0, 1, 0, 0, 0, 0, 0, 0, 0, 0, 0, 0, 0, 0, 0, 0, 0, 0, 0, 0, 0, 0, 0, 0
b10_jpg.rf.30cdefe3e160843722e2a2f8ba641b6f.jpg, 0, 0, 0, 0, 0, 0, 1, 0, 0, 0, 0, 0, 0, 0, 0, 0, 0, 0, 0, 0, 0, 0, 0, 0, 0
d36_jpg.rf.31b8393dbd72c035e8b5c9d54020e6d1.jpg, 1, 0, 0, 0, 0, 0, 0, 0, 0, 0, 0, 0, 0, 0, 0, 0, 0, 0, 0, 0, 0, 1, 0, 0, 0
p35_png_jpg.rf.31e272a9a4fdb793ccdf3139525b159a.jpg, 0, 0, 0, 0, 0, 0, 0, 0, 0, 0, 0, 0, 0, 0, 0, 0, 0, 0, 0, 1, 0, 0, 0, 0, 0
p6_jpg.rf.33646df2459bcb20aec18cb57f385b81.jpg, 0, 0, 0, 0, 0, 0, 0, 0, 0, 0, 0, 0, 0, 0, 0, 0, 0, 0, 0, 0, 0, 0, 1, 0, 0
f19_JPG_jpg.rf.32c476f60ce9d7b60acfeb6e3cc227b2.jpg, 0, 0, 0, 0, 0, 1, 0, 0, 0, 0, 0, 1, 0, 0, 0, 0, 0, 0, 0, 0, 0, 0, 0, 0, 0
e18_JPG_jpg.rf.331676a40e72a86bc7898c50c4e94114.jpg, 0, 1, 0, 0, 0, 0, 0, 0, 0, 0, 0, 0, 0, 0, 0, 0, 0, 0, 0, 0, 0, 0, 0, 0, 0
f27_JPG_jpg.rf.315e9e70e847b56f94f016718e765457.jpg, 0, 0, 0, 0, 0, 1, 0, 0, 0, 0, 0, 1, 0, 0, 0, 0, 0, 0, 0, 0, 0, 0, 0, 0, 0
n53_JPG_jpg.rf.33b43b42ed7b94b0b3e0d9303ead180f.jpg, 0, 0, 0, 0, 0, 1, 0, 0, 0, 0, 0, 0, 0, 0, 0, 0, 0, 0, 1, 0, 0, 0, 0, 0, 0
t23_jpg.rf.346c7744c55683d6a9b1d38affb4629e.jpg, 0, 0, 0, 0, 1, 0, 0, 1, 0, 0, 0, 0, 0, 0, 0, 0, 0, 0, 0, 0, 0, 0, 0, 0, 0
fl43_JPG_jpg.rf.33c5339744e00fd1bbeab2f7e58083a0.jpg, 0, 0, 0, 0, 0, 0, 0, 0, 0, 1, 0, 0, 0, 0, 1, 0, 0, 0, 0, 0, 0, 0, 0, 0, 0
ku6_JPG_jpg.rf.33e59c82540609cfc5c3e58c359636e4.jpg, 0, 0, 0, 0, 0, 0, 0, 0, 1, 0, 0, 0, 0, 0, 0, 1, 0, 0, 0, 0, 0, 0, 0, 0, 0
pa37_jpg.rf.33bca5188578944dac47309a792c6cf9.jpg, 0, 0, 0, 0, 0, 0, 0, 0, 0, 0, 0, 0, 0, 0, 0, 0, 0, 0, 0, 0, 1, 0, 0, 0, 0
p57_png_jpg.rf.335a1dd61dfb264cf4a763b3de214e6e.jpg, 0, 0, 0, 0, 0, 0, 0, 0, 0, 0, 0, 0, 0, 0, 0, 0, 0, 0, 0, 1, 0, 0, 0, 0, 0
r57_jpg.rf.3448215752708965fe248a24afdeaf60.jpg, 0, 0, 0, 0, 0, 0, 0, 0, 0, 0, 0, 0, 0, 0, 0, 0, 0, 0, 0, 0, 0, 0, 0, 1, 0
ku30_jpg.rf.34a918dbe075b9b7a7bd184d208ad561.jpg, 0, 0, 0, 0, 0, 0, 0, 0, 1, 0, 0, 0, 0, 0, 0, 1, 0, 0, 0, 0, 0, 0, 0, 0, 0
fl62_JPG_jpg.rf.35587e8b591d9cdb921ac3c10324e1ea.jpg, 0, 0, 0, 0, 0, 0, 0, 0, 0, 1, 0, 0, 0, 0, 1, 0, 0, 0, 0, 0, 0, 0, 0, 0, 0
p17_jpg.rf.33ebf288991b991314ac55366ce0dac5.jpg, 0, 0, 0, 0, 0, 0, 0, 0, 0, 0, 0, 0, 0, 0, 0, 0, 0, 0, 0, 1, 0, 0, 0, 0, 0
p48_JPG_jpg.rf.3590d0e29caefc395af01071bfbf3810.jpg, 0, 0, 0, 1, 0, 0, 0, 0, 0, 0, 0, 0, 0, 0, 0, 0, 0, 0, 0, 0, 0, 0, 0, 0, 0
w27_jpg.rf.33322f074abc8be1e2dabe18b093268c.jpg, 0, 0, 0, 0, 0, 0, 0, 0, 0, 0, 0, 0, 0, 0, 0, 0, 0, 0, 0, 0, 0, 0, 0, 0, 1
fu2_JPG_jpg.rf.32da9b824bf889ec612ea3595314a8de.jpg, 0, 0, 0, 0, 0, 1, 0, 0, 0, 0, 0, 0, 1, 0, 0, 0, 0, 0, 0, 0, 0, 0, 0, 0, 0
e11_jpg.rf.32549bca8b1257e9d67764fa7f9150eb.jpg, 0, 1, 0, 0, 0, 0, 0, 0, 0, 0, 0, 0, 0, 0, 0, 0, 0, 0, 0, 0, 0, 0, 0, 0, 0
w27_jpg.rf.34ceef8d39e865864ae4e53b587315c8.jpg, 0, 0, 0, 0, 0, 0, 0, 0, 0, 0, 0, 0, 0, 0, 0, 0, 0, 0, 0, 0, 0, 0, 0, 0, 1
w10_jpg.rf.31cb3e550419e4aa5d9203b92093b98c.jpg, 0, 0, 0, 0, 0, 0, 0, 0, 0, 0, 0, 0, 0, 0, 0, 0, 0, 0, 0, 0, 0, 0, 0, 0, 1
fl10_JPG_jpg.rf.359f690c430559639cf0e45e85719e5a.jpg, 0, 0, 0, 0, 0, 0, 0, 0, 0, 1, 0, 0, 0, 0, 1, 0, 0, 0, 0, 0, 0, 0, 0, 0, 0
p47_jpg.rf.34095eb46102404de1877c416a00bee4.jpg, 0, 0, 0, 0, 0, 0, 0, 0, 0, 0, 0, 0, 0, 0, 0, 0, 0, 0, 0, 0, 0, 0, 1, 0, 0
m5_JPG_jpg.rf.3637d445d3f8a76f412dc8b42accad83.jpg, 0, 0, 0, 0, 0, 0, 0, 0, 0, 0, 0, 0, 0, 0, 0, 0, 1, 0, 0, 0, 0, 0, 0, 0, 0
m62_jpg.rf.34984618760bd1947dad2a2b46425901.jpg, 0, 0, 0, 0, 0, 0, 0, 0, 0, 0, 0, 0, 0, 0, 0, 0, 0, 1, 0, 0, 0, 0, 0, 0, 0
p54_jpg.rf.35afcf5c1246681cf470f54a9a4a5bca.jpg, 0, 0, 0, 0, 0, 0, 0, 0, 0, 0, 0, 0, 0, 0, 0, 0, 0, 0, 0, 0, 0, 0, 1, 0, 0
b36_jpg.rf.366cd55ff878b54e3e1d01fad96370f8.jpg, 0, 0, 0, 0, 0, 0, 1, 0, 0, 0, 0, 0, 0, 0, 0, 0, 0, 0, 0, 0, 0, 0, 0, 0, 0
m5_JPG_jpg.rf.3648ec08fac1a92b8300793377fd0cc1.jpg, 0, 0, 0, 0, 0, 0, 0, 0, 0, 0, 0, 0, 0, 0, 0, 0, 1, 0, 0, 0, 0, 0, 0, 0, 0
f18_JPG_jpg.rf.348a44c6e886a7c41d320134a940a39d.jpg, 0, 0, 0, 0, 0, 0, 0, 0, 0, 0, 1, 0, 0, 0, 0, 0, 0, 0, 0, 0, 0, 0, 0, 0, 0
m27_jpg.rf.36a1e6f8b94c55eeeb67d2d827c9fc36.jpg, 0, 0, 0, 0, 0, 0, 0, 0, 0, 0, 0, 0, 0, 0, 0, 0, 0, 1, 0, 0, 0, 0, 0, 0, 0
k40_jpg.rf.3655bb7399cee26579536aec8e321f34.jpg, 0, 0, 1, 0, 0, 0, 0, 0, 0, 0, 0, 0, 0, 0, 0, 0, 0, 0, 0, 0, 0, 0, 0, 0, 0
ku57_JPG_jpg.rf.3290753971d688ef1753d6e6a9c5e6db.jpg, 0, 0, 0, 0, 0, 0, 0, 0, 1, 0, 0, 0, 0, 0, 0, 1, 0, 0, 0, 0, 0, 0, 0, 0, 0
ku36_jpg.rf.c28657d301f9186a60d281611a737b5c.jpg, 0, 0, 0, 0, 0, 0, 0, 0, 1, 0, 0, 0, 0, 0, 0, 1, 0, 0, 0, 0, 0, 0, 0, 0, 0
k31_jpg.rf.c1c3a170d0472393abe4116a56ac266b.jpg, 0, 0, 1, 0, 0, 0, 0, 0, 0, 0, 0, 0, 0, 0, 0, 0, 0, 0, 0, 0, 0, 0, 0, 0, 0
f45_jpg.rf.c22757e82855816a7797cb400d14423e.jpg, 0, 0, 0, 0, 0, 0, 0, 0, 0, 0, 1, 0, 0, 0, 0, 0, 0, 0, 0, 0, 0, 0, 0, 0, 0
m17_jpg.rf.c23f9dfa96b366f4c29b4d3f68b18ea2.jpg, 0, 0, 0, 0, 0, 0, 0, 0, 0, 0, 0, 0, 0, 0, 0, 0, 0, 1, 0, 0, 0, 0, 0, 0, 0
fl18_JPG_jpg.rf.c2a1e645133a5402103d11254322f537.jpg, 0, 0, 0, 0, 0, 0, 0, 0, 0, 1, 0, 0, 0, 0, 1, 0, 0, 0, 0, 0, 0, 0, 0, 0, 0
d13_png_jpg.rf.c2f1367b05353852dcf8cf30fb7f921b.jpg, 1, 0, 0, 0, 0, 0, 0, 0, 0, 0, 0, 0, 0, 0, 0, 0, 0, 0, 0, 0, 0, 1, 0, 0, 0
t14_jpg.rf.c328b50f50ba1924887f513be5b21eec.jpg, 0, 0, 0, 0, 1, 0, 0, 1, 0, 0, 0, 0, 0, 0, 0, 0, 0, 0, 0, 0, 0, 0, 0, 0, 0
k36_jpg.rf.c2b0b10e3d32f736fd34a8afb9bcde39.jpg, 0, 0, 1, 0, 0, 0, 0, 0, 0, 0, 0, 0, 0, 0, 0, 0, 0, 0, 0, 0, 0, 0, 0, 0, 0
n58_JPG_jpg.rf.c2e4499382efd833c72dac853df19014.jpg, 0, 0, 0, 0, 0, 1, 0, 0, 0, 0, 0, 0, 0, 0, 0, 0, 0, 0, 1, 0, 0, 0, 0, 0, 0
k34_jpg.rf.c2537cc616709c0073e702560bc0da17.jpg, 0, 0, 1, 0, 0, 0, 0, 0, 0, 0, 0, 0, 0, 0, 0, 0, 0, 0, 0, 0, 0, 0, 0, 0, 0
f15_JPG_jpg.rf.c2c66deef7031ed5102dd0aa237b1fe2.jpg, 0, 0, 0, 0, 0, 1, 0, 0, 0, 0, 0, 1, 0, 0, 0, 0, 0, 0, 0, 0, 0, 0, 0, 0, 0
d30_jpg.rf.c338c6d7f48a0bc720b26ec1cad5cefc.jpg, 1, 0, 0, 0, 0, 0, 0, 0, 0, 0, 0, 0, 0, 0, 0, 0, 0, 0, 0, 0, 0, 1, 0, 0, 0
w35_jpg.rf.c30dee3f6916ef151a122c4af1fb5943.jpg, 0, 0, 0, 0, 0, 0, 0, 0, 0, 0, 0, 0, 0, 0, 0, 0, 0, 0, 0, 0, 0, 0, 0, 0, 1
h47_png_jpg.rf.c3c262cf2785e363273b53b6364b0f7f.jpg, 0, 0, 0, 0, 0, 0, 0, 0, 0, 0, 0, 0, 0, 1, 0, 0, 0, 0, 0, 0, 0, 0, 0, 0, 0
e50_jpg.rf.c36c6932d05fb1e25745b57ced978bac.jpg, 0, 1, 0, 0, 0, 0, 0, 0, 0, 0, 0, 0, 0, 0, 0, 0, 0, 0, 0, 0, 0, 0, 0, 0, 0
fl34_JPG_jpg.rf.c3a1352773505e50b4bf87a95102c023.jpg, 0, 0, 0, 0, 0, 0, 0, 0, 0, 1, 0, 0, 0, 0, 1, 0, 0, 0, 0, 0, 0, 0, 0, 0, 0
p9_jpg.rf.c43aa556b98a8cae61ad6222967f1d15.jpg, 0, 0, 0, 0, 0, 0, 0, 0, 0, 0, 0, 0, 0, 0, 0, 0, 0, 0, 0, 0, 0, 0, 1, 0, 0
f17_JPG_jpg.rf.c3f345ad606d7ba83abb585451b9449a.jpg, 0, 0, 0, 0, 0, 0, 0, 0, 0, 0, 1, 0, 0, 0, 0, 0, 0, 0, 0, 0, 0, 0, 0, 0, 0
fu50_JPG_jpg.rf.c39d0104ce7295e47ab982c2ec7703db.jpg, 0, 0, 0, 0, 0, 1, 0, 0, 0, 0, 0, 0, 1, 0, 0, 0, 0, 0, 0, 0, 0, 0, 0, 0, 0
ku15_jpg.rf.c25885cf850823e979ef8ad7470294b4.jpg, 0, 0, 0, 0, 0, 0, 0, 0, 1, 0, 0, 0, 0, 0, 0, 1, 0, 0, 0, 0, 0, 0, 0, 0, 0
w8_jpg.rf.c3f78bfc28000ebc0de954ae2b4a6a8f.jpg, 0, 0, 0, 0, 0, 0, 0, 0, 0, 0, 0, 0, 0, 0, 0, 0, 0, 0, 0, 0, 0, 0, 0, 0, 1
m43_jpg.rf.c44531992eb426261f913aa1ead4cd1f.jpg, 0, 0, 0, 0, 0, 0, 0, 0, 0, 0, 0, 0, 0, 0, 0, 0, 0, 1, 0, 0, 0, 0, 0, 0, 0
k55_JPG_jpg.rf.c44c919321c7d5f43fdc2597863cb2be.jpg, 0, 0, 1, 0, 0, 0, 0, 0, 0, 0, 0, 0, 0, 0, 0, 0, 0, 0, 0, 0, 0, 0, 0, 0, 0
r58_jpg.rf.c2371337adb0ef6ae9bdca7882ca0ef7.jpg, 0, 0, 0, 0, 0, 0, 0, 0, 0, 0, 0, 0, 0, 0, 0, 0, 0, 0, 0, 0, 0, 0, 0, 1, 0
k45_jpg.rf.c442fc03bf9913d8c9a97951157bb0c6.jpg, 0, 0, 1, 0, 0, 0, 0, 0, 0, 0, 0, 0, 0, 0, 0, 0, 0, 0, 0, 0, 0, 0, 0, 0, 0
k13_jpg.rf.c46e8af5201087e835f484a5ea28a943.jpg, 0, 0, 1, 0, 0, 0, 0, 0, 0, 0, 0, 0, 0, 0, 0, 0, 0, 0, 0, 0, 0, 0, 0, 0, 0
fl63_JPG_jpg.rf.c483c7591ee30ac393b9bea1fb77374d.jpg, 0, 0, 0, 0, 0, 0, 0, 0, 0, 1, 0, 0, 0, 0, 1, 0, 0, 0, 0, 0, 0, 0, 0, 0, 0
w64_JPG_jpg.rf.c56b950865021fcb47583421b5718a4b.jpg, 0, 0, 0, 0, 0, 0, 0, 0, 0, 0, 0, 0, 0, 0, 0, 0, 0, 0, 0, 0, 0, 0, 0, 0, 1
n20_JPG_jpg.rf.c47c44562862ae0444c3261a87dbf023.jpg, 0, 0, 0, 0, 0, 1, 0, 0, 0, 0, 0, 0, 0, 0, 0, 0, 0, 0, 1, 0, 0, 0, 0, 0, 0
fu32_JPG_jpg.rf.c4a17ee4afab808c2595c85fccc26c6c.jpg, 0, 0, 0, 0, 0, 1, 0, 0, 0, 0, 0, 0, 1, 0, 0, 0, 0, 0, 0, 0, 0, 0, 0, 0, 0
pa32_JPG_jpg.rf.c55a0266516b6dcfe627e42736652397.jpg, 0, 0, 0, 0, 0, 0, 0, 0, 0, 0, 0, 0, 0, 0, 0, 0, 0, 0, 0, 0, 1, 0, 0, 0, 0
t62_JPG_jpg.rf.c66284e0ed9b048811879aecf5a11fa9.jpg, 0, 0, 0, 0, 1, 0, 0, 1, 0, 0, 0, 0, 0, 0, 0, 0, 0, 0, 0, 0, 0, 0, 0, 0, 0
e58_jpg.rf.c6726c462b679bc251c1b10e9427e312.jpg, 0, 1, 0, 0, 0, 0, 0, 0, 0, 0, 0, 0, 0, 0, 0, 0, 0, 0, 0, 0, 0, 0, 0, 0, 0
w61_JPG_jpg.rf.c59cfc6cb111d7b705d8c83866fff361.jpg, 0, 0, 0, 0, 0, 0, 0, 0, 0, 0, 0, 0, 0, 0, 0, 0, 0, 0, 0, 0, 0, 0, 0, 0, 1
r50_jpg.rf.c4e40f0e36dd68f53217b0a2e673262a.jpg, 0, 0, 0, 0, 0, 0, 0, 0, 0, 0, 0, 0, 0, 0, 0, 0, 0, 0, 0, 0, 0, 0, 0, 1, 0
b22_jpg.rf.c64fc8bacb16b3d9a375298bd7bd959b.jpg, 0, 0, 0, 0, 0, 0, 1, 0, 0, 0, 0, 0, 0, 0, 0, 0, 0, 0, 0, 0, 0, 0, 0, 0, 0
f48_jpeg_jpg.rf.c626cdad9c09c39651cb11d08847f006.jpg, 0, 0, 0, 0, 0, 0, 0, 0, 0, 0, 1, 0, 0, 0, 0, 0, 0, 0, 0, 0, 0, 0, 0, 0, 0
pa56_JPG_jpg.rf.c5afc27425050a36276d0003b4685caf.jpg, 0, 0, 0, 0, 0, 0, 0, 0, 0, 0, 0, 0, 0, 0, 0, 0, 0, 0, 0, 0, 1, 0, 0, 0, 0
p10_jpg.rf.c6c4eac1f596ffe0fdbab272447d74ec.jpg, 0, 0, 0, 1, 0, 0, 0, 0, 0, 0, 0, 0, 0, 0, 0, 0, 0, 0, 0, 0, 0, 0, 0, 0, 0
p33_jpg.rf.c5e3baf6ec012a9756abeac5164673c8.jpg, 0, 0, 0, 0, 0, 0, 0, 0, 0, 0, 0, 0, 0, 0, 0, 0, 0, 0, 0, 0, 0, 0, 1, 0, 0
f55_JPG_jpg.rf.c6c95a2f7e4853323b771dc345a8b82d.jpg, 0, 0, 0, 0, 0, 0, 0, 0, 0, 0, 1, 0, 0, 0, 0, 0, 0, 0, 0, 0, 0, 0, 0, 0, 0
w5_jpg.rf.c45206a78132f096fdc83f522f571495.jpg, 0, 0, 0, 0, 0, 0, 0, 0, 0, 0, 0, 0, 0, 0, 0, 0, 0, 0, 0, 0, 0, 0, 0, 0, 1
p33_jpg.rf.c51ffc48fef7bb8a2967dcc948a64fcf.jpg, 0, 0, 0, 1, 0, 0, 0, 0, 0, 0, 0, 0, 0, 0, 0, 0, 0, 0, 0, 0, 0, 0, 0, 0, 0
m45_png_jpg.rf.c565c2b69aa1135b668d6bec59377c66.jpg, 0, 0, 0, 0, 0, 0, 0, 0, 0, 0, 0, 0, 0, 0, 0, 0, 0, 1, 0, 0, 0, 0, 0, 0, 0
r68_jpg.rf.c5afa9380d67c9ac195b656d88bc41cb.jpg, 0, 0, 0, 0, 0, 0, 0, 0, 0, 0, 0, 0, 0, 0, 0, 0, 0, 0, 0, 0, 0, 0, 0, 1, 0
p8_jpg.rf.c6a189228d61fd2251f822caaa106cea.jpg, 0, 0, 0, 1, 0, 0, 0, 0, 0, 0, 0, 0, 0, 0, 0, 0, 0, 0, 0, 0, 0, 0, 0, 0, 0
f47_jpg.rf.c4b0e26f96f809397b2372a60a824cf1.jpg, 0, 0, 0, 0, 0, 0, 0, 0, 0, 0, 1, 0, 0, 0, 0, 0, 0, 0, 0, 0, 0, 0, 0, 0, 0
t16_JPG_jpg.rf.c47a7a233c57cebb68d71dc9a32346c4.jpg, 0, 0, 0, 0, 1, 0, 0, 1, 0, 0, 0, 0, 0, 0, 0, 0, 0, 0, 0, 0, 0, 0, 0, 0, 0
b14_jpg.rf.c777d27eb113221b7d28e1b070815d5f.jpg, 0, 0, 0, 0, 0, 0, 1, 0, 0, 0, 0, 0, 0, 0, 0, 0, 0, 0, 0, 0, 0, 0, 0, 0, 0
ku50_jpg.rf.c6fa2c00ab2929995e3dccd97fb7235e.jpg, 0, 0, 0, 0, 0, 0, 0, 0, 1, 0, 0, 0, 0, 0, 0, 1, 0, 0, 0, 0, 0, 0, 0, 0, 0
b27_jpg.rf.c47c82af80515897fa80d1fef7796e4d.jpg, 0, 0, 0, 0, 0, 0, 1, 0, 0, 0, 0, 0, 0, 0, 0, 0, 0, 0, 0, 0, 0, 0, 0, 0, 0
r67_jpg.rf.c72b8e10424f4a39816298ba01815159.jpg, 0, 0, 0, 0, 0, 0, 0, 0, 0, 0, 0, 0, 0, 0, 0, 0, 0, 0, 0, 0, 0, 0, 0, 1, 0
fu31_JPG_jpg.rf.c73705073c74f03bd2e2c4ac6ad29a3d.jpg, 0, 0, 0, 0, 0, 1, 0, 0, 0, 0, 0, 0, 1, 0, 0, 0, 0, 0, 0, 0, 0, 0, 0, 0, 0
p3_JPG_jpg.rf.c7262563e5b2d4544819cb3f7332e779.jpg, 0, 0, 0, 1, 0, 0, 0, 0, 0, 0, 0, 0, 0, 0, 0, 0, 0, 0, 0, 0, 0, 0, 0, 0, 0
f44_png_jpg.rf.c7fbc85ca19fec66acfc9fce4f715433.jpg, 0, 0, 0, 0, 0, 0, 0, 0, 0, 0, 1, 0, 0, 0, 0, 0, 0, 0, 0, 0, 0, 0, 0, 0, 0
b8_jpg.rf.c8083e1d37833dc3969a6c18f4e09a31.jpg, 0, 0, 0, 0, 0, 0, 1, 0, 0, 0, 0, 0, 0, 0, 0, 0, 0, 0, 0, 0, 0, 0, 0, 0, 0
pa13_JPG_jpg.rf.c89529af03d54e34f3e098cbf3827bf1.jpg, 0, 0, 0, 0, 0, 0, 0, 0, 0, 0, 0, 0, 0, 0, 0, 0, 0, 0, 0, 0, 1, 0, 0, 0, 0
k67_jpg.rf.c83b194ccf5961d526fb4772175473b6.jpg, 0, 0, 1, 0, 0, 0, 0, 0, 0, 0, 0, 0, 0, 0, 0, 0, 0, 0, 0, 0, 0, 0, 0, 0, 0
p23_jpg.rf.c79722d6f78781f11f3330f67e5d8a7a.jpg, 0, 0, 0, 1, 0, 0, 0, 0, 0, 0, 0, 0, 0, 0, 0, 0, 0, 0, 0, 0, 0, 0, 0, 0, 0
pa33_JPG_jpg.rf.c8a4acbf90102cf0c7fd6b64a0daeeae.jpg, 0, 0, 0, 0, 0, 0, 0, 0, 0, 0, 0, 0, 0, 0, 0, 0, 0, 0, 0, 0, 1, 0, 0, 0, 0
t63_jpg.rf.c87e1cc08578bab5e63bddc4ece6307f.jpg, 0, 0, 0, 0, 1, 0, 0, 1, 0, 0, 0, 0, 0, 0, 0, 0, 0, 0, 0, 0, 0, 0, 0, 0, 0
p47_JPG_jpg.rf.c83abb3bb57c89bbb2641bd5db0663fc.jpg, 0, 0, 0, 1, 0, 0, 0, 0, 0, 0, 0, 0, 0, 0, 0, 0, 0, 0, 0, 0, 0, 0, 0, 0, 0
e39_JPG_jpg.rf.c914b38cb85e7e59a678549dab1941b7.jpg, 0, 1, 0, 0, 0, 0, 0, 0, 0, 0, 0, 0, 0, 0, 0, 0, 0, 0, 0, 0, 0, 0, 0, 0, 0
fu25_JPG_jpg.rf.c81da79a9cc60cb1b4a824a693d04c30.jpg, 0, 0, 0, 0, 0, 1, 0, 0, 0, 0, 0, 0, 1, 0, 0, 0, 0, 0, 0, 0, 0, 0, 0, 0, 0
e6_JPG_jpg.rf.c8dbdba1e6fdb8780ec94492126eaf6e.jpg, 0, 1, 0, 0, 0, 0, 0, 0, 0, 0, 0, 0, 0, 0, 0, 0, 0, 0, 0, 0, 0, 0, 0, 0, 0
n64_JPG_jpg.rf.c979ba063fa7ebb650f08dc21486e862.jpg, 0, 0, 0, 0, 0, 1, 0, 0, 0, 0, 0, 0, 0, 0, 0, 0, 0, 0, 1, 0, 0, 0, 0, 0, 0
r35_jpg.rf.c87b382bcb6a5d3659dd92ef50f09725.jpg, 0, 0, 0, 0, 0, 0, 0, 0, 0, 0, 0, 0, 0, 0, 0, 0, 0, 0, 0, 0, 0, 0, 0, 1, 0
f47_JPG_jpg.rf.c921a8a5d7af10f37df6dc0c4710df47.jpg, 0, 0, 0, 0, 0, 1, 0, 0, 0, 0, 0, 1, 0, 0, 0, 0, 0, 0, 0, 0, 0, 0, 0, 0, 0
r26_jpg.rf.c7ffc384f3bb713aaa0169e99160dc65.jpg, 0, 0, 0, 0, 0, 0, 0, 0, 0, 0, 0, 0, 0, 0, 0, 0, 0, 0, 0, 0, 0, 0, 0, 1, 0
fl36_JPG_jpg.rf.c82a89d4ccbecefd3e5341a7baf2be5c.jpg, 0, 0, 0, 0, 0, 0, 0, 0, 0, 1, 0, 0, 0, 0, 1, 0, 0, 0, 0, 0, 0, 0, 0, 0, 0
p4_JPG_jpg.rf.c95d021fae831989c68e4ec8bef31c89.jpg, 0, 0, 0, 0, 0, 0, 0, 0, 0, 0, 0, 0, 0, 0, 0, 0, 0, 0, 0, 0, 0, 0, 1, 0, 0
h1_jpg.rf.c925b6ec46eebb0ccc41dce0706d8938.jpg, 0, 0, 0, 0, 0, 0, 0, 0, 0, 0, 0, 0, 0, 1, 0, 0, 0, 0, 0, 0, 0, 0, 0, 0, 0
w54_jpg.rf.c97c934416cee1b95d813952c175f3f8.jpg, 0, 0, 0, 0, 0, 0, 0, 0, 0, 0, 0, 0, 0, 0, 0, 0, 0, 0, 0, 0, 0, 0, 0, 0, 1
r21_jpg.rf.c9c0a99e86e33e4b829bda9392de62d3.jpg, 0, 0, 0, 0, 0, 0, 0, 0, 0, 0, 0, 0, 0, 0, 0, 0, 0, 0, 0, 0, 0, 0, 0, 1, 0
ku55_jpg.rf.c9a06144f38462b6b4d6584092e6c890.jpg, 0, 0, 0, 0, 0, 0, 0, 0, 1, 0, 0, 0, 0, 0, 0, 1, 0, 0, 0, 0, 0, 0, 0, 0, 0
p12_jpg.rf.c9a7d4e37d3048793da4b4a644886a21.jpg, 0, 0, 0, 1, 0, 0, 0, 0, 0, 0, 0, 0, 0, 0, 0, 0, 0, 0, 0, 0, 0, 0, 0, 0, 0
p29_jpg.rf.c8ea47a4fd43ad3fa3a47d960e2b843f.jpg, 0, 0, 0, 0, 0, 0, 0, 0, 0, 0, 0, 0, 0, 0, 0, 0, 0, 0, 0, 1, 0, 0, 0, 0, 0
m5_jpg.rf.c9c4e13aa7900dc9973a0f66b4e26d8f.jpg, 0, 0, 0, 0, 0, 0, 0, 0, 0, 0, 0, 0, 0, 0, 0, 0, 0, 1, 0, 0, 0, 0, 0, 0, 0
b3_jpg.rf.ca00675254d78fb40c9ea8e3749a63dc.jpg, 0, 0, 0, 0, 0, 0, 1, 0, 0, 0, 0, 0, 0, 0, 0, 0, 0, 0, 0, 0, 0, 0, 0, 0, 0
fl59_JPG_jpg.rf.cb426365b663787e9a7c2bb0a7ce4b32.jpg, 0, 0, 0, 0, 0, 0, 0, 0, 0, 1, 0, 0, 0, 0, 1, 0, 0, 0, 0, 0, 0, 0, 0, 0, 0
p6_jpg.rf.cabc620c28cb1b73210faa56477e850b.jpg, 0, 0, 0, 0, 0, 0, 0, 0, 0, 0, 0, 0, 0, 0, 0, 0, 0, 0, 0, 0, 0, 0, 1, 0, 0
w9_jpg.rf.cb6fd70f42884415d706c82e89ebdc0e.jpg, 0, 0, 0, 0, 0, 0, 0, 0, 0, 0, 0, 0, 0, 0, 0, 0, 0, 0, 0, 0, 0, 0, 0, 0, 1
r22_jpg.rf.ca8b5409bc849ef7d28402175e490366.jpg, 0, 0, 0, 0, 0, 0, 0, 0, 0, 0, 0, 0, 0, 0, 0, 0, 0, 0, 0, 0, 0, 0, 0, 1, 0
r63_jpg.rf.caa267eda2c361f4e7d026c4c7ffc9ef.jpg, 0, 0, 0, 0, 0, 0, 0, 0, 0, 0, 0, 0, 0, 0, 0, 0, 0, 0, 0, 0, 0, 0, 0, 1, 0
t35_jpg.rf.ca681548394867bf2e104327262d2d2d.jpg, 0, 0, 0, 0, 1, 0, 0, 1, 0, 0, 0, 0, 0, 0, 0, 0, 0, 0, 0, 0, 0, 0, 0, 0, 0
f40_JPG_jpg.rf.c9e4451bd88b477700a07c4635071152.jpg, 0, 0, 0, 0, 0, 1, 0, 0, 0, 0, 0, 1, 0, 0, 0, 0, 0, 0, 0, 0, 0, 0, 0, 0, 0
r1_jpg.rf.cb950731fe75f03bf166da05d1d5b456.jpg, 0, 0, 0, 0, 0, 0, 0, 0, 0, 0, 0, 0, 0, 0, 0, 0, 0, 0, 0, 0, 0, 0, 0, 1, 0
w2_jpg.rf.cb714dfbbcc887a6da718ffa118a27ac.jpg, 0, 0, 0, 0, 0, 0, 0, 0, 0, 0, 0, 0, 0, 0, 0, 0, 0, 0, 0, 0, 0, 0, 0, 0, 1
n55_JPG_jpg.rf.ca6153b92d5a742ecea06b769de64d35.jpg, 0, 0, 0, 0, 0, 1, 0, 0, 0, 0, 0, 0, 0, 0, 0, 0, 0, 0, 1, 0, 0, 0, 0, 0, 0
pa60_JPG_jpg.rf.caeb2b6ad1fd4c01de8f9c0b07650011.jpg, 0, 0, 0, 0, 0, 0, 0, 0, 0, 0, 0, 0, 0, 0, 0, 0, 0, 0, 0, 0, 1, 0, 0, 0, 0
p4_jpg.rf.cbf9180952bb1c8989485cc19bb47407.jpg, 0, 0, 0, 0, 0, 0, 0, 0, 0, 0, 0, 0, 0, 0, 0, 0, 0, 0, 0, 1, 0, 0, 0, 0, 0
p33_jpg.rf.cbe145b8bd9e836361a05c22088159ec.jpg, 0, 0, 0, 0, 0, 0, 0, 0, 0, 0, 0, 0, 0, 0, 0, 0, 0, 0, 0, 0, 0, 0, 1, 0, 0
n34_JPG_jpg.rf.ca814bcb39d7a7f2d4fef36b92d16bd4.jpg, 0, 0, 0, 0, 0, 1, 0, 0, 0, 0, 0, 0, 0, 0, 0, 0, 0, 0, 1, 0, 0, 0, 0, 0, 0
k40_jpg.rf.cb5642ccf9d0435ad71757b170c871ef.jpg, 0, 0, 1, 0, 0, 0, 0, 0, 0, 0, 0, 0, 0, 0, 0, 0, 0, 0, 0, 0, 0, 0, 0, 0, 0
k45_jpg.rf.cba2b86d038c1b6108eedfa9ff4e9744.jpg, 0, 0, 1, 0, 0, 0, 0, 0, 0, 0, 0, 0, 0, 0, 0, 0, 0, 0, 0, 0, 0, 0, 0, 0, 0
pa63_JPG_jpg.rf.caf6e06de85a72da956302311ebffa36.jpg, 0, 0, 0, 0, 0, 0, 0, 0, 0, 0, 0, 0, 0, 0, 0, 0, 0, 0, 0, 0, 1, 0, 0, 0, 0
h47_png_jpg.rf.cc2911334477954d9ee216a296955776.jpg, 0, 0, 0, 0, 0, 0, 0, 0, 0, 0, 0, 0, 0, 1, 0, 0, 0, 0, 0, 0, 0, 0, 0, 0, 0
n62_JPG_jpg.rf.cc27db25b44fe6474239b6da65d86982.jpg, 0, 0, 0, 0, 0, 1, 0, 0, 0, 0, 0, 0, 0, 0, 0, 0, 0, 0, 1, 0, 0, 0, 0, 0, 0
f22_jpg.rf.cc1f7c30571b85c26756624ef1cb02e1.jpg, 0, 0, 0, 0, 0, 0, 0, 0, 0, 0, 1, 0, 0, 0, 0, 0, 0, 0, 0, 0, 0, 0, 0, 0, 0
k34_jpg.rf.cab9b413c8d98e956688a68860c60037.jpg, 0, 0, 1, 0, 0, 0, 0, 0, 0, 0, 0, 0, 0, 0, 0, 0, 0, 0, 0, 0, 0, 0, 0, 0, 0
f55_JPG_jpg.rf.cc2ee1c5ed21bd4d28b06422d05e926f.jpg, 0, 0, 0, 0, 0, 1, 0, 0, 0, 0, 0, 1, 0, 0, 0, 0, 0, 0, 0, 0, 0, 0, 0, 0, 0
e60_JPG_jpg.rf.cb6e5a54bc7bd6bb8ba15a1351a12683.jpg, 0, 1, 0, 0, 0, 0, 0, 0, 0, 0, 0, 0, 0, 0, 0, 0, 0, 0, 0, 0, 0, 0, 0, 0, 0
p33_jpg.rf.cb813aa215c728c66bfe653d3cf91419.jpg, 0, 0, 0, 0, 0, 0, 0, 0, 0, 0, 0, 0, 0, 0, 0, 0, 0, 0, 0, 1, 0, 0, 0, 0, 0
m59_jpg.rf.cbf35490611e19d3e95e56a49eb0bb3d.jpg, 0, 0, 0, 0, 0, 0, 0, 0, 0, 0, 0, 0, 0, 0, 0, 0, 1, 0, 0, 0, 0, 0, 0, 0, 0
fl19_JPG_jpg.rf.cc742c4f6d191c9f4bacaf2b7e77b6e2.jpg, 0, 0, 0, 0, 0, 0, 0, 0, 0, 1, 0, 0, 0, 0, 1, 0, 0, 0, 0, 0, 0, 0, 0, 0, 0
t16_JPG_jpg.rf.ccb289faf9122d2fc8f2229f76186551.jpg, 0, 0, 0, 0, 1, 0, 0, 1, 0, 0, 0, 0, 0, 0, 0, 0, 0, 0, 0, 0, 0, 0, 0, 0, 0
b13_jpg.rf.ccee6ca18b60d504078ee74410e0ff15.jpg, 0, 0, 0, 0, 0, 0, 1, 0, 0, 0, 0, 0, 0, 0, 0, 0, 0, 0, 0, 0, 0, 0, 0, 0, 0
h48_jpg.rf.ccfaca088865678842879340b722a4ce.jpg, 0, 0, 0, 0, 0, 0, 0, 0, 0, 0, 0, 0, 0, 1, 0, 0, 0, 0, 0, 0, 0, 0, 0, 0, 0
pa2_JPG_jpg.rf.cc389b3450751dfcf8f9fba90b9966d5.jpg, 0, 0, 0, 0, 0, 0, 0, 0, 0, 0, 0, 0, 0, 0, 0, 0, 0, 0, 0, 0, 1, 0, 0, 0, 0
f36_JPG_jpg.rf.cdcf4243b43e748299832743ce783cab.jpg, 0, 0, 0, 0, 0, 1, 0, 0, 0, 0, 0, 1, 0, 0, 0, 0, 0, 0, 0, 0, 0, 0, 0, 0, 0
r9_jpg.rf.cd18a861ebaa6c0b7a80672f5e3e0971.jpg, 0, 0, 0, 0, 0, 0, 0, 0, 0, 0, 0, 0, 0, 0, 0, 0, 0, 0, 0, 0, 0, 0, 0, 1, 0
fl18_JPG_jpg.rf.cdb6a1c62b1c2fafd5dda4e9127b4ea8.jpg, 0, 0, 0, 0, 0, 0, 0, 0, 0, 1, 0, 0, 0, 0, 1, 0, 0, 0, 0, 0, 0, 0, 0, 0, 0
r81_png_jpg.rf.ce3da285394e2e6d97cfca6230c58ea7.jpg, 0, 0, 0, 0, 0, 0, 0, 0, 0, 0, 0, 0, 0, 0, 0, 0, 0, 0, 0, 0, 0, 0, 0, 1, 0
d34_jpg.rf.ce1b73312bac138f38f5de4fbdacfc52.jpg, 1, 0, 0, 0, 0, 0, 0, 0, 0, 0, 0, 0, 0, 0, 0, 0, 0, 0, 0, 0, 0, 1, 0, 0, 0
e16_JPG_jpg.rf.cd5f1e1ed88ddc59e3c5bdd81f69ed6b.jpg, 0, 1, 0, 0, 0, 0, 0, 0, 0, 0, 0, 0, 0, 0, 0, 0, 0, 0, 0, 0, 0, 0, 0, 0, 0
h46_jpg.rf.ccf8e49744598c256609902331040b46.jpg, 0, 0, 0, 0, 0, 0, 0, 0, 0, 0, 0, 0, 0, 1, 0, 0, 0, 0, 0, 0, 0, 0, 0, 0, 0
h59_jpg.rf.cdd04e941ec54a63f52276b7fcb0c983.jpg, 0, 0, 0, 0, 0, 0, 0, 0, 0, 0, 0, 0, 0, 1, 0, 0, 0, 0, 0, 0, 0, 0, 0, 0, 0
r84_jpg.rf.cc936afbfaed26674a8705a63a644aaa.jpg, 0, 0, 0, 0, 0, 0, 0, 0, 0, 0, 0, 0, 0, 0, 0, 0, 0, 0, 0, 0, 0, 0, 0, 1, 0
p44_jpg.rf.cd4c4ab0320a5a8be9b5451126756ca6.jpg, 0, 0, 0, 0, 0, 0, 0, 0, 0, 0, 0, 0, 0, 0, 0, 0, 0, 0, 0, 1, 0, 0, 0, 0, 0
b41_jpg.rf.cc6e990891bcbe5186c3a07f2e1fca32.jpg, 0, 0, 0, 0, 0, 0, 1, 0, 0, 0, 0, 0, 0, 0, 0, 0, 0, 0, 0, 0, 0, 0, 0, 0, 0
n1_JPG_jpg.rf.ce1baee7944c5df5ff05f4c165014bfc.jpg, 0, 0, 0, 0, 0, 1, 0, 0, 0, 0, 0, 0, 0, 0, 0, 0, 0, 0, 1, 0, 0, 0, 0, 0, 0
w62_JPG_jpg.rf.ccd830996c17434a8cb59e28f5a071b2.jpg, 0, 0, 0, 0, 0, 0, 0, 0, 0, 0, 0, 0, 0, 0, 0, 0, 0, 0, 0, 0, 0, 0, 0, 0, 1
fl21_JPG_jpg.rf.ccca4511a791e168850272f09a98ba0d.jpg, 0, 0, 0, 0, 0, 0, 0, 0, 0, 1, 0, 0, 0, 0, 1, 0, 0, 0, 0, 0, 0, 0, 0, 0, 0
b20_jpeg_jpg.rf.ce3dbed80e81746d78c5e8b6916203df.jpg, 0, 0, 0, 0, 0, 0, 1, 0, 0, 0, 0, 0, 0, 0, 0, 0, 0, 0, 0, 0, 0, 0, 0, 0, 0
t48_jpg.rf.cd0e2fc3be36faaa978ff5c9f4a8cf63.jpg, 0, 0, 0, 0, 1, 0, 0, 1, 0, 0, 0, 0, 0, 0, 0, 0, 0, 0, 0, 0, 0, 0, 0, 0, 0
b21_jpg.rf.ce2ddf7474602ee8687b525c1986ff7e.jpg, 0, 0, 0, 0, 0, 0, 1, 0, 0, 0, 0, 0, 0, 0, 0, 0, 0, 0, 0, 0, 0, 0, 0, 0, 0
b3_jpg.rf.cdf820863e51e737cba2cb280a260029.jpg, 0, 0, 0, 0, 0, 0, 1, 0, 0, 0, 0, 0, 0, 0, 0, 0, 0, 0, 0, 0, 0, 0, 0, 0, 0
t9_png_jpg.rf.cdb0c0c5808026c881bebaa540893b6a.jpg, 0, 0, 0, 0, 1, 0, 0, 1, 0, 0, 0, 0, 0, 0, 0, 0, 0, 0, 0, 0, 0, 0, 0, 0, 0
r74_jpg.rf.cd61638a39081e91a63d9026c7b0ce47.jpg, 0, 0, 0, 0, 0, 0, 0, 0, 0, 0, 0, 0, 0, 0, 0, 0, 0, 0, 0, 0, 0, 0, 0, 1, 0
fl9_JPG_jpg.rf.ccdd2f08092a4f67f592a1d9af15be51.jpg, 0, 0, 0, 0, 0, 0, 0, 0, 0, 1, 0, 0, 0, 0, 1, 0, 0, 0, 0, 0, 0, 0, 0, 0, 0
e2_JPG_jpg.rf.ce7558d28510c7914ec36b4a7cb2e927.jpg, 0, 1, 0, 0, 0, 0, 0, 0, 0, 0, 0, 0, 0, 0, 0, 0, 0, 0, 0, 0, 0, 0, 0, 0, 0
k61_jpg.rf.ce82f7dcfc0ed5578ec0f0693c75fc9f.jpg, 0, 0, 1, 0, 0, 0, 0, 0, 0, 0, 0, 0, 0, 0, 0, 0, 0, 0, 0, 0, 0, 0, 0, 0, 0
ku67_jpeg_jpg.rf.cea0995cca9413d30a86619145237b83.jpg, 0, 0, 0, 0, 0, 0, 0, 0, 1, 0, 0, 0, 0, 0, 0, 1, 0, 0, 0, 0, 0, 0, 0, 0, 0
d19_png_jpg.rf.cf2e7db2fca54625305584b534ab997a.jpg, 1, 0, 0, 0, 0, 0, 0, 0, 0, 0, 0, 0, 0, 0, 0, 0, 0, 0, 0, 0, 0, 1, 0, 0, 0
r15_jpg.rf.ceaf662aa5d3ea8ded196cccf9b9a82a.jpg, 0, 0, 0, 0, 0, 0, 0, 0, 0, 0, 0, 0, 0, 0, 0, 0, 0, 0, 0, 0, 0, 0, 0, 1, 0
f9_jpg.rf.ceb5927d91f10819079301c8c3862137.jpg, 0, 0, 0, 0, 0, 0, 0, 0, 0, 0, 1, 0, 0, 0, 0, 0, 0, 0, 0, 0, 0, 0, 0, 0, 0
h43_jpg.rf.d026824b2a67f7abc69fe95dd43366e4.jpg, 0, 0, 0, 0, 0, 0, 0, 0, 0, 0, 0, 0, 0, 1, 0, 0, 0, 0, 0, 0, 0, 0, 0, 0, 0
w22_jpg.rf.cea99e3d11a0bda9829bcac5e8dcb2cf.jpg, 0, 0, 0, 0, 0, 0, 0, 0, 0, 0, 0, 0, 0, 0, 0, 0, 0, 0, 0, 0, 0, 0, 0, 0, 1
f9_JPG_jpg.rf.cea68c9e378e94e7232d1eef2fb8f8e1.jpg, 0, 0, 0, 0, 0, 1, 0, 0, 0, 0, 0, 1, 0, 0, 0, 0, 0, 0, 0, 0, 0, 0, 0, 0, 0
fl15_JPG_jpg.rf.cebd7f922f792fa34384b398a623d410.jpg, 0, 0, 0, 0, 0, 0, 0, 0, 0, 1, 0, 0, 0, 0, 1, 0, 0, 0, 0, 0, 0, 0, 0, 0, 0
m4_JPG_jpg.rf.ceb6aa1a1e15661a20eba82fbcf8ec4e.jpg, 0, 0, 0, 0, 0, 0, 0, 0, 0, 0, 0, 0, 0, 0, 0, 0, 1, 0, 0, 0, 0, 0, 0, 0, 0
fu53_JPG_jpg.rf.d013c0034b401007bbc2ab9ded98913b.jpg, 0, 0, 0, 0, 0, 1, 0, 0, 0, 0, 0, 0, 1, 0, 0, 0, 0, 0, 0, 0, 0, 0, 0, 0, 0
w34_jpg.rf.d03cfb7a48e4e2eab3020fb9831303a7.jpg, 0, 0, 0, 0, 0, 0, 0, 0, 0, 0, 0, 0, 0, 0, 0, 0, 0, 0, 0, 0, 0, 0, 0, 0, 1
b22_jpg.rf.d0caf9caf0088bafd6293f8d9a246308.jpg, 0, 0, 0, 0, 0, 0, 1, 0, 0, 0, 0, 0, 0, 0, 0, 0, 0, 0, 0, 0, 0, 0, 0, 0, 0
f40_jpg.rf.cecb478525b93fd0f160f990de4742b8.jpg, 0, 0, 0, 0, 0, 0, 0, 0, 0, 0, 1, 0, 0, 0, 0, 0, 0, 0, 0, 0, 0, 0, 0, 0, 0
m3_jpg.rf.d09ec219ebac6dd86c24a77e1ca747c7.jpg, 0, 0, 0, 0, 0, 0, 0, 0, 0, 0, 0, 0, 0, 0, 0, 0, 0, 1, 0, 0, 0, 0, 0, 0, 0
fl10_JPG_jpg.rf.cfc27e73946c42bb56a17c5f0e7ef4d5.jpg, 0, 0, 0, 0, 0, 0, 0, 0, 0, 1, 0, 0, 0, 0, 1, 0, 0, 0, 0, 0, 0, 0, 0, 0, 0
n49_JPG_jpg.rf.ceda81eeeb4c9cb409406b2b597f0cf9.jpg, 0, 0, 0, 0, 0, 1, 0, 0, 0, 0, 0, 0, 0, 0, 0, 0, 0, 0, 1, 0, 0, 0, 0, 0, 0
p65_JPG_jpg.rf.d0a7404431d35810add759c7662e4161.jpg, 0, 0, 0, 1, 0, 0, 0, 0, 0, 0, 0, 0, 0, 0, 0, 0, 0, 0, 0, 0, 0, 0, 0, 0, 0
w67_JPG_jpg.rf.d079f45654017b9bfe6be584cf78fb2c.jpg, 0, 0, 0, 0, 0, 0, 0, 0, 0, 0, 0, 0, 0, 0, 0, 0, 0, 0, 0, 0, 0, 0, 0, 0, 1
n10_JPG_jpg.rf.d0534cd9a701dae6df9447b5ce83fc0e.jpg, 0, 0, 0, 0, 0, 1, 0, 0, 0, 0, 0, 0, 0, 0, 0, 0, 0, 0, 1, 0, 0, 0, 0, 0, 0
b47_jpg.rf.d01806e8e435b619b7201d047a2d12b5.jpg, 0, 0, 0, 0, 0, 0, 1, 0, 0, 0, 0, 0, 0, 0, 0, 0, 0, 0, 0, 0, 0, 0, 0, 0, 0
ku45_JPG_jpg.rf.d09d0e1cd7077a35a7419785800d84e6.jpg, 0, 0, 0, 0, 0, 0, 0, 0, 1, 0, 0, 0, 0, 0, 0, 1, 0, 0, 0, 0, 0, 0, 0, 0, 0
m50_jpg.rf.d0fe9db16106318d6178071af7c9763e.jpg, 0, 0, 0, 0, 0, 0, 0, 0, 0, 0, 0, 0, 0, 0, 0, 0, 1, 0, 0, 0, 0, 0, 0, 0, 0
fu28_JPG_jpg.rf.ceb662afbd72bae6a0e737415c5f0c96.jpg, 0, 0, 0, 0, 0, 1, 0, 0, 0, 0, 0, 0, 1, 0, 0, 0, 0, 0, 0, 0, 0, 0, 0, 0, 0
f39_jpg.rf.cf8e54696e15f70aedf77b4de359100a.jpg, 0, 0, 0, 0, 0, 0, 0, 0, 0, 0, 1, 0, 0, 0, 0, 0, 0, 0, 0, 0, 0, 0, 0, 0, 0
t41_JPG_jpg.rf.d0dc6653e61dce7c0a141012e9991a09.jpg, 0, 0, 0, 0, 1, 0, 0, 1, 0, 0, 0, 0, 0, 0, 0, 0, 0, 0, 0, 0, 0, 0, 0, 0, 0
fu48_JPG_jpg.rf.cea3fe076131400126a19767fed7d00c.jpg, 0, 0, 0, 0, 0, 1, 0, 0, 0, 0, 0, 0, 1, 0, 0, 0, 0, 0, 0, 0, 0, 0, 0, 0, 0
pa43_jpg.rf.d0f206c14dccb7efb58c190fd354153f.jpg, 0, 0, 0, 0, 0, 0, 0, 0, 0, 0, 0, 0, 0, 0, 0, 0, 0, 0, 0, 0, 1, 0, 0, 0, 0
p18_jpg.rf.d10b4f9e519b564b3cd5a15b95358fe8.jpg, 0, 0, 0, 1, 0, 0, 0, 0, 0, 0, 0, 0, 0, 0, 0, 0, 0, 0, 0, 0, 0, 0, 0, 0, 0
e1_jpg.rf.d0fda4660a1e7bfe98aa3e38c3b3d146.jpg, 0, 1, 0, 0, 0, 0, 0, 0, 0, 0, 0, 0, 0, 0, 0, 0, 0, 0, 0, 0, 0, 0, 0, 0, 0
h69_png_jpg.rf.d12efd2219ae4a4c7df2a71da03f006e.jpg, 0, 0, 0, 0, 0, 0, 0, 0, 0, 0, 0, 0, 0, 1, 0, 0, 0, 0, 0, 0, 0, 0, 0, 0, 0
f3_jpg.rf.d1d121c8b4a8473d53697d13c59b59f2.jpg, 0, 0, 0, 0, 0, 0, 0, 0, 0, 0, 1, 0, 0, 0, 0, 0, 0, 0, 0, 0, 0, 0, 0, 0, 0
d46_jpg.rf.d20ff715d742b81e9d994847da9642d9.jpg, 1, 0, 0, 0, 0, 0, 0, 0, 0, 0, 0, 0, 0, 0, 0, 0, 0, 0, 0, 0, 0, 1, 0, 0, 0
r2_jpg.rf.d134ec3eeb24e179df940787416560c0.jpg, 0, 0, 0, 0, 0, 0, 0, 0, 0, 0, 0, 0, 0, 0, 0, 0, 0, 0, 0, 0, 0, 0, 0, 1, 0
pa15_JPG_jpg.rf.d2f633bd62b265182b8faec225e2cfbc.jpg, 0, 0, 0, 0, 0, 0, 0, 0, 0, 0, 0, 0, 0, 0, 0, 0, 0, 0, 0, 0, 1, 0, 0, 0, 0
p1_jpg.rf.d33ed3e4a91d966a9d5acc3f4affee15.jpg, 0, 0, 0, 0, 0, 0, 0, 0, 0, 0, 0, 0, 0, 0, 0, 0, 0, 0, 0, 0, 0, 0, 1, 0, 0
e1_jpg.rf.d2cac5733c6d43c81f86b15c9b9d67f0.jpg, 0, 1, 0, 0, 0, 0, 0, 0, 0, 0, 0, 0, 0, 0, 0, 0, 0, 0, 0, 0, 0, 0, 0, 0, 0
pa19_JPG_jpg.rf.d1ea034ed153470a8d3fc4e045b7cd8e.jpg, 0, 0, 0, 0, 0, 0, 0, 0, 0, 0, 0, 0, 0, 0, 0, 0, 0, 0, 0, 0, 1, 0, 0, 0, 0
p47_jpg.rf.d2e90bfab2c5eb66518d3bfac7fc71e7.jpg, 0, 0, 0, 0, 0, 0, 0, 0, 0, 0, 0, 0, 0, 0, 0, 0, 0, 0, 0, 1, 0, 0, 0, 0, 0
f58_jpg.rf.d1e1e624166ea58a83ac42afac54ac6c.jpg, 0, 0, 0, 0, 0, 0, 0, 0, 0, 0, 1, 0, 0, 0, 0, 0, 0, 0, 0, 0, 0, 0, 0, 0, 0
fu27_JPG_jpg.rf.d1608df4ccfeda64eb687939de3e113d.jpg, 0, 0, 0, 0, 0, 1, 0, 0, 0, 0, 0, 0, 1, 0, 0, 0, 0, 0, 0, 0, 0, 0, 0, 0, 0
pa14_JPG_jpg.rf.d1fbb9ec5dd86de57d2c5988a467532e.jpg, 0, 0, 0, 0, 0, 0, 0, 0, 0, 0, 0, 0, 0, 0, 0, 0, 0, 0, 0, 0, 1, 0, 0, 0, 0
t15_jpg.rf.d168e94f504138cbbd25b5b79f9908a7.jpg, 0, 0, 0, 0, 1, 0, 0, 1, 0, 0, 0, 0, 0, 0, 0, 0, 0, 0, 0, 0, 0, 0, 0, 0, 0
f10_JPG_jpg.rf.d163db37f8908da9804b59e82f89318c.jpg, 0, 0, 0, 0, 0, 1, 0, 0, 0, 0, 0, 1, 0, 0, 0, 0, 0, 0, 0, 0, 0, 0, 0, 0, 0
w53_jpg.rf.d2ffe5ed4a52c599542fed5a2965f112.jpg, 0, 0, 0, 0, 0, 0, 0, 0, 0, 0, 0, 0, 0, 0, 0, 0, 0, 0, 0, 0, 0, 0, 0, 0, 1
h23_jpg.rf.d212ca5d25ec9b6ed5761f7ae5b98572.jpg, 0, 0, 0, 0, 0, 0, 0, 0, 0, 0, 0, 0, 0, 1, 0, 0, 0, 0, 0, 0, 0, 0, 0, 0, 0
h41_jpg.rf.d289e85e8db5dba34426161148afa817.jpg, 0, 0, 0, 0, 0, 0, 0, 0, 0, 0, 0, 0, 0, 1, 0, 0, 0, 0, 0, 0, 0, 0, 0, 0, 0
e15_jpg.rf.d2f1e4b2acc8436395c6166557a14af0.jpg, 0, 1, 0, 0, 0, 0, 0, 0, 0, 0, 0, 0, 0, 0, 0, 0, 0, 0, 0, 0, 0, 0, 0, 0, 0
fl2_JPG_jpg.rf.d2a61d0f8935192fb44b7a96db18c72c.jpg, 0, 0, 0, 0, 0, 0, 0, 0, 0, 1, 0, 0, 0, 0, 1, 0, 0, 0, 0, 0, 0, 0, 0, 0, 0
f6_JPG_jpg.rf.d115a548efe56138cc3561575d473d87.jpg, 0, 0, 0, 0, 0, 1, 0, 0, 0, 0, 0, 1, 0, 0, 0, 0, 0, 0, 0, 0, 0, 0, 0, 0, 0
f9_JPG_jpg.rf.d344984e0da59937a60826e5aed5dd8e.jpg, 0, 0, 0, 0, 0, 1, 0, 0, 0, 0, 0, 1, 0, 0, 0, 0, 0, 0, 0, 0, 0, 0, 0, 0, 0
w7_jpg.rf.d23897be56c150c82c7e8c421ecf6e6d.jpg, 0, 0, 0, 0, 0, 0, 0, 0, 0, 0, 0, 0, 0, 0, 0, 0, 0, 0, 0, 0, 0, 0, 0, 0, 1
n10_JPG_jpg.rf.d21d1fd12a3340ba7bef52755b16a84a.jpg, 0, 0, 0, 0, 0, 1, 0, 0, 0, 0, 0, 0, 0, 0, 0, 0, 0, 0, 1, 0, 0, 0, 0, 0, 0
h46_jpg.rf.d150b2df98f6f12092473ea768d2a724.jpg, 0, 0, 0, 0, 0, 0, 0, 0, 0, 0, 0, 0, 0, 1, 0, 0, 0, 0, 0, 0, 0, 0, 0, 0, 0
m13_jpg.rf.d34e9cef7745f081eeea6376bf5b60a9.jpg, 0, 0, 0, 0, 0, 0, 0, 0, 0, 0, 0, 0, 0, 0, 0, 0, 0, 1, 0, 0, 0, 0, 0, 0, 0
e10_JPG_jpg.rf.d1fa6adc510976e0223bec6f834401a1.jpg, 0, 1, 0, 0, 0, 0, 0, 0, 0, 0, 0, 0, 0, 0, 0, 0, 0, 0, 0, 0, 0, 0, 0, 0, 0
m1_jpg.rf.d3c4c1cdde7746f8126e7190684a9d21.jpg, 0, 0, 0, 0, 0, 0, 0, 0, 0, 0, 0, 0, 0, 0, 0, 0, 0, 1, 0, 0, 0, 0, 0, 0, 0
f56_JPG_jpg.rf.d3c8c4682f1b4bfe47e8c58439f8800a.jpg, 0, 0, 0, 0, 0, 0, 0, 0, 0, 0, 1, 0, 0, 0, 0, 0, 0, 0, 0, 0, 0, 0, 0, 0, 0
e49_jpg.rf.d37a2e18163b704210b4d58e1f76c42f.jpg, 0, 1, 0, 0, 0, 0, 0, 0, 0, 0, 0, 0, 0, 0, 0, 0, 0, 0, 0, 0, 0, 0, 0, 0, 0
p2_JPG_jpg.rf.d38e47da242e0897949787b1923b08eb.jpg, 0, 0, 0, 1, 0, 0, 0, 0, 0, 0, 0, 0, 0, 0, 0, 0, 0, 0, 0, 0, 0, 0, 0, 0, 0
fu47_JPG_jpg.rf.d3b95525e07a7a804bd1939eb9a794e2.jpg, 0, 0, 0, 0, 0, 1, 0, 0, 0, 0, 0, 0, 1, 0, 0, 0, 0, 0, 0, 0, 0, 0, 0, 0, 0
ku50_jpg.rf.d3f1b14b5303eba58bea496767c36a0c.jpg, 0, 0, 0, 0, 0, 0, 0, 0, 1, 0, 0, 0, 0, 0, 0, 1, 0, 0, 0, 0, 0, 0, 0, 0, 0
m21_jpg.rf.d4ff18e1573cf6e2458507812e78373e.jpg, 0, 0, 0, 0, 0, 0, 0, 0, 0, 0, 0, 0, 0, 0, 0, 0, 0, 1, 0, 0, 0, 0, 0, 0, 0
t33_jpeg_jpg.rf.d4ab61ff65123fd27db04e586828cf7b.jpg, 0, 0, 0, 0, 1, 0, 0, 1, 0, 0, 0, 0, 0, 0, 0, 0, 0, 0, 0, 0, 0, 0, 0, 0, 0
n66_JPG_jpg.rf.d4b8e6ee8e32a4e0149df48fd7c1960e.jpg, 0, 0, 0, 0, 0, 1, 0, 0, 0, 0, 0, 0, 0, 0, 0, 0, 0, 0, 1, 0, 0, 0, 0, 0, 0
t36_JPG_jpg.rf.d3f2853fe52c3e0317b7d75cc0456c00.jpg, 0, 0, 0, 0, 1, 0, 0, 1, 0, 0, 0, 0, 0, 0, 0, 0, 0, 0, 0, 0, 0, 0, 0, 0, 0
fl36_JPG_jpg.rf.d4be4ae3ca6a55809983b8f1147e7966.jpg, 0, 0, 0, 0, 0, 0, 0, 0, 0, 1, 0, 0, 0, 0, 1, 0, 0, 0, 0, 0, 0, 0, 0, 0, 0
k5_jpg.rf.d5ed50d411305cff378853ed183a65af.jpg, 0, 0, 1, 0, 0, 0, 0, 0, 0, 0, 0, 0, 0, 0, 0, 0, 0, 0, 0, 0, 0, 0, 0, 0, 0
ku59_JPG_jpg.rf.d5160111013ce515a38924cadc294274.jpg, 0, 0, 0, 0, 0, 0, 0, 0, 1, 0, 0, 0, 0, 0, 0, 1, 0, 0, 0, 0, 0, 0, 0, 0, 0
fl37_JPG_jpg.rf.d4911a9d54488c314ffa64b91299fe1b.jpg, 0, 0, 0, 0, 0, 0, 0, 0, 0, 1, 0, 0, 0, 0, 1, 0, 0, 0, 0, 0, 0, 0, 0, 0, 0
fl61_JPG_jpg.rf.d492929c03a39839ce6db23bfc9b25ea.jpg, 0, 0, 0, 0, 0, 0, 0, 0, 0, 1, 0, 0, 0, 0, 1, 0, 0, 0, 0, 0, 0, 0, 0, 0, 0
fl68_JPG_jpg.rf.d3ed822469c0a4e8aa825e6c67fb0837.jpg, 0, 0, 0, 0, 0, 0, 0, 0, 0, 1, 0, 0, 0, 0, 1, 0, 0, 0, 0, 0, 0, 0, 0, 0, 0
d54_jpg.rf.d4e0be7ce25202efe956509a84967537.jpg, 1, 0, 0, 0, 0, 0, 0, 0, 0, 0, 0, 0, 0, 0, 0, 0, 0, 0, 0, 0, 0, 1, 0, 0, 0
p40_JPG_jpg.rf.d4c7a0883ed732b7b99439279c4061d4.jpg, 0, 0, 0, 1, 0, 0, 0, 0, 0, 0, 0, 0, 0, 0, 0, 0, 0, 0, 0, 0, 0, 0, 0, 0, 0
fl43_JPG_jpg.rf.d434b603dbbcf331d85408ff02019136.jpg, 0, 0, 0, 0, 0, 0, 0, 0, 0, 1, 0, 0, 0, 0, 1, 0, 0, 0, 0, 0, 0, 0, 0, 0, 0
fu40_JPG_jpg.rf.d586ff471793475bc8e617dfc8c634ec.jpg, 0, 0, 0, 0, 0, 1, 0, 0, 0, 0, 0, 0, 1, 0, 0, 0, 0, 0, 0, 0, 0, 0, 0, 0, 0
k47_png_jpg.rf.d522b24a974622df59cdecb410be3fc0.jpg, 0, 0, 1, 0, 0, 0, 0, 0, 0, 0, 0, 0, 0, 0, 0, 0, 0, 0, 0, 0, 0, 0, 0, 0, 0
t15_jpg.rf.d52c9816d903a6f23aa8e4de1cda53af.jpg, 0, 0, 0, 0, 1, 0, 0, 1, 0, 0, 0, 0, 0, 0, 0, 0, 0, 0, 0, 0, 0, 0, 0, 0, 0
m40_jpg.rf.d5191b91b6ea0015bca025f399919677.jpg, 0, 0, 0, 0, 0, 0, 0, 0, 0, 0, 0, 0, 0, 0, 0, 0, 0, 1, 0, 0, 0, 0, 0, 0, 0
w56_jpg.rf.d567f25bcc9a2fdc4c0a4426adb5ba00.jpg, 0, 0, 0, 0, 0, 0, 0, 0, 0, 0, 0, 0, 0, 0, 0, 0, 0, 0, 0, 0, 0, 0, 0, 0, 1
k47_png_jpg.rf.d37140e93909855191d613cb8e7b9877.jpg, 0, 0, 1, 0, 0, 0, 0, 0, 0, 0, 0, 0, 0, 0, 0, 0, 0, 0, 0, 0, 0, 0, 0, 0, 0
n54_JPG_jpg.rf.d631d38a302ac61d50b42c25d51d3266.jpg, 0, 0, 0, 0, 0, 1, 0, 0, 0, 0, 0, 0, 0, 0, 0, 0, 0, 0, 1, 0, 0, 0, 0, 0, 0
n23_JPG_jpg.rf.d6178ccf72fe24785c32da1126c132ef.jpg, 0, 0, 0, 0, 0, 1, 0, 0, 0, 0, 0, 0, 0, 0, 0, 0, 0, 0, 1, 0, 0, 0, 0, 0, 0
fl50_JPG_jpg.rf.d661fa47e0974f36a55363ded8b130db.jpg, 0, 0, 0, 0, 0, 0, 0, 0, 0, 1, 0, 0, 0, 0, 1, 0, 0, 0, 0, 0, 0, 0, 0, 0, 0
m83_jpg.rf.d6b726234abcd9a41f3a671a16fa558b.jpg, 0, 0, 0, 0, 0, 0, 0, 0, 0, 0, 0, 0, 0, 0, 0, 0, 0, 1, 0, 0, 0, 0, 0, 0, 0
pa24_JPG_jpg.rf.d7c2a657d6bf1e0dc3069c4ad74798d4.jpg, 0, 0, 0, 0, 0, 0, 0, 0, 0, 0, 0, 0, 0, 0, 0, 0, 0, 0, 0, 0, 1, 0, 0, 0, 0
pa21_JPG_jpg.rf.d716d943bb25a0c622e8bad80327d14f.jpg, 0, 0, 0, 0, 0, 0, 0, 0, 0, 0, 0, 0, 0, 0, 0, 0, 0, 0, 0, 0, 1, 0, 0, 0, 0
fl55_JPG_jpg.rf.d79352ab87a003acbe5e2c4ac75620e4.jpg, 0, 0, 0, 0, 0, 0, 0, 0, 0, 1, 0, 0, 0, 0, 1, 0, 0, 0, 0, 0, 0, 0, 0, 0, 0
t10_jpeg_jpg.rf.d66e343e3846e841da7959ad9e385d85.jpg, 0, 0, 0, 0, 1, 0, 0, 1, 0, 0, 0, 0, 0, 0, 0, 0, 0, 0, 0, 0, 0, 0, 0, 0, 0
f19_jpg.rf.d67c911c670b508b4fbf24e92771a40c.jpg, 0, 0, 0, 0, 0, 0, 0, 0, 0, 0, 1, 0, 0, 0, 0, 0, 0, 0, 0, 0, 0, 0, 0, 0, 0
m60_jpg.rf.d8339d7b3ff92be32db54c9c5cd05b0b.jpg, 0, 0, 0, 0, 0, 0, 0, 0, 0, 0, 0, 0, 0, 0, 0, 0, 0, 1, 0, 0, 0, 0, 0, 0, 0
b9_jpg.rf.d6fcb4b108b9d53c24d3438d8343c04b.jpg, 0, 0, 0, 0, 0, 0, 1, 0, 0, 0, 0, 0, 0, 0, 0, 0, 0, 0, 0, 0, 0, 0, 0, 0, 0
f1_jpg.rf.d805d068ad0fbf49c866d77bcca5491c.jpg, 0, 0, 0, 0, 0, 0, 0, 0, 0, 0, 1, 0, 0, 0, 0, 0, 0, 0, 0, 0, 0, 0, 0, 0, 0
t61_JPG_jpg.rf.d92893067206bad740863085543a681b.jpg, 0, 0, 0, 0, 1, 0, 0, 1, 0, 0, 0, 0, 0, 0, 0, 0, 0, 0, 0, 0, 0, 0, 0, 0, 0
fl29_JPG_jpg.rf.d83b55396cb7a365d3bd370cc88c546a.jpg, 0, 0, 0, 0, 0, 0, 0, 0, 0, 1, 0, 0, 0, 0, 1, 0, 0, 0, 0, 0, 0, 0, 0, 0, 0
ku41_jpg.rf.d7f5c19b48ad1c2bcbec66ae4273d090.jpg, 0, 0, 0, 0, 0, 0, 0, 0, 1, 0, 0, 0, 0, 0, 0, 1, 0, 0, 0, 0, 0, 0, 0, 0, 0
p22_jpg.rf.d7cd762f3124c0cd095c75865132d079.jpg, 0, 0, 0, 0, 0, 0, 0, 0, 0, 0, 0, 0, 0, 0, 0, 0, 0, 0, 0, 0, 0, 0, 1, 0, 0
pa37_jpg.rf.d71bd5ebea7775971aecce4c3e7453f6.jpg, 0, 0, 0, 0, 0, 0, 0, 0, 0, 0, 0, 0, 0, 0, 0, 0, 0, 0, 0, 0, 1, 0, 0, 0, 0
fl12_JPG_jpg.rf.d920f734cddf4d7e33a28c758e216271.jpg, 0, 0, 0, 0, 0, 0, 0, 0, 0, 1, 0, 0, 0, 0, 1, 0, 0, 0, 0, 0, 0, 0, 0, 0, 0
fl51_JPG_jpg.rf.d7fb3027088661dd76f376ed091409d7.jpg, 0, 0, 0, 0, 0, 0, 0, 0, 0, 1, 0, 0, 0, 0, 1, 0, 0, 0, 0, 0, 0, 0, 0, 0, 0
r28_jpg.rf.d7c3c57aa9d812dc19e60446383d08aa.jpg, 0, 0, 0, 0, 0, 0, 0, 0, 0, 0, 0, 0, 0, 0, 0, 0, 0, 0, 0, 0, 0, 0, 0, 1, 0
b23_jpg.rf.d6b81e90c6b52b0da21f96b7cf93d8b3.jpg, 0, 0, 0, 0, 0, 0, 1, 0, 0, 0, 0, 0, 0, 0, 0, 0, 0, 0, 0, 0, 0, 0, 0, 0, 0
r59_jpg.rf.d8573f803cede61b9b40ddc5f950f5de.jpg, 0, 0, 0, 0, 0, 0, 0, 0, 0, 0, 0, 0, 0, 0, 0, 0, 0, 0, 0, 0, 0, 0, 0, 1, 0
r7_jpg.rf.d891e807d0192fe7c2e2cbc58ee25d52.jpg, 0, 0, 0, 0, 0, 0, 0, 0, 0, 0, 0, 0, 0, 0, 0, 0, 0, 0, 0, 0, 0, 0, 0, 1, 0
e19_JPG_jpg.rf.d7e731b8a64693febd957f257dc09de8.jpg, 0, 1, 0, 0, 0, 0, 0, 0, 0, 0, 0, 0, 0, 0, 0, 0, 0, 0, 0, 0, 0, 0, 0, 0, 0
n15_JPG_jpg.rf.d83c8382c6cc59a3fecd3d3cda005c48.jpg, 0, 0, 0, 0, 0, 1, 0, 0, 0, 0, 0, 0, 0, 0, 0, 0, 0, 0, 1, 0, 0, 0, 0, 0, 0
fl26_JPG_jpg.rf.d97332271679f1b24bfaa6d29c0f7e57.jpg, 0, 0, 0, 0, 0, 0, 0, 0, 0, 1, 0, 0, 0, 0, 1, 0, 0, 0, 0, 0, 0, 0, 0, 0, 0
w14_jpg.rf.d8ba53495078e3f04555e7d9e8d06993.jpg, 0, 0, 0, 0, 0, 0, 0, 0, 0, 0, 0, 0, 0, 0, 0, 0, 0, 0, 0, 0, 0, 0, 0, 0, 1
p62_jpg.rf.d8a0a51b77bfc792f9c57b162cb46ad7.jpg, 0, 0, 0, 0, 0, 0, 0, 0, 0, 0, 0, 0, 0, 0, 0, 0, 0, 0, 0, 0, 0, 0, 1, 0, 0
f35_JPG_jpg.rf.da4360f0c119cf16a032f37374cdf5b1.jpg, 0, 0, 0, 0, 0, 0, 0, 0, 0, 0, 1, 0, 0, 0, 0, 0, 0, 0, 0, 0, 0, 0, 0, 0, 0
pa11_JPG_jpg.rf.d9bdeeda5ec5dad2510dd9fbbde7a266.jpg, 0, 0, 0, 0, 0, 0, 0, 0, 0, 0, 0, 0, 0, 0, 0, 0, 0, 0, 0, 0, 1, 0, 0, 0, 0
r46_jpeg_jpg.rf.d9c0f886aea27c46df6985f983da4924.jpg, 0, 0, 0, 0, 0, 0, 0, 0, 0, 0, 0, 0, 0, 0, 0, 0, 0, 0, 0, 0, 0, 0, 0, 1, 0
e25_JPG_jpg.rf.da0f273dea4a854b76b46480292bc61e.jpg, 0, 1, 0, 0, 0, 0, 0, 0, 0, 0, 0, 0, 0, 0, 0, 0, 0, 0, 0, 0, 0, 0, 0, 0, 0
b17_jpg.rf.da4ddca5934a7d18c35e9faa0b626362.jpg, 0, 0, 0, 0, 0, 0, 1, 0, 0, 0, 0, 0, 0, 0, 0, 0, 0, 0, 0, 0, 0, 0, 0, 0, 0
m33_JPG_jpg.rf.d9eb62e7ee0ddd8035f5decd3ee18fef.jpg, 0, 0, 0, 0, 0, 0, 0, 0, 0, 0, 0, 0, 0, 0, 0, 0, 0, 1, 0, 0, 0, 0, 0, 0, 0
w7_jpg.rf.da438940dfaf1303c23ba443760a261c.jpg, 0, 0, 0, 0, 0, 0, 0, 0, 0, 0, 0, 0, 0, 0, 0, 0, 0, 0, 0, 0, 0, 0, 0, 0, 1
k5_jpg.rf.db0cae876dc41c902e7bab3cd3fd6153.jpg, 0, 0, 1, 0, 0, 0, 0, 0, 0, 0, 0, 0, 0, 0, 0, 0, 0, 0, 0, 0, 0, 0, 0, 0, 0
ku39_jpg.rf.daac3bd744844e2464d132da54640f71.jpg, 0, 0, 0, 0, 0, 0, 0, 0, 1, 0, 0, 0, 0, 0, 0, 1, 0, 0, 0, 0, 0, 0, 0, 0, 0
fu16_JPG_jpg.rf.da493f4361fe32d3a4ae84fb89ddc573.jpg, 0, 0, 0, 0, 0, 1, 0, 0, 0, 0, 0, 0, 1, 0, 0, 0, 0, 0, 0, 0, 0, 0, 0, 0, 0
w6_jpg.rf.d99f30f8968ea49b8a05c759230b2ec3.jpg, 0, 0, 0, 0, 0, 0, 0, 0, 0, 0, 0, 0, 0, 0, 0, 0, 0, 0, 0, 0, 0, 0, 0, 0, 1
b12_jpg.rf.daab35cc8c1ad4e767a4be2d22e6704c.jpg, 0, 0, 0, 0, 0, 0, 1, 0, 0, 0, 0, 0, 0, 0, 0, 0, 0, 0, 0, 0, 0, 0, 0, 0, 0
fu34_JPG_jpg.rf.dba6563fbf97fe1a7d07796d4ef950a8.jpg, 0, 0, 0, 0, 0, 1, 0, 0, 0, 0, 0, 0, 1, 0, 0, 0, 0, 0, 0, 0, 0, 0, 0, 0, 0
f19_jpg.rf.dbca25eda06ab92e7c4db86dc3d6803d.jpg, 0, 0, 0, 0, 0, 0, 0, 0, 0, 0, 1, 0, 0, 0, 0, 0, 0, 0, 0, 0, 0, 0, 0, 0, 0
e53_JPG_jpg.rf.db7126cad1a516aa583c7278cc3325a7.jpg, 0, 1, 0, 0, 0, 0, 0, 0, 0, 0, 0, 0, 0, 0, 0, 0, 0, 0, 0, 0, 0, 0, 0, 0, 0
p22_jpg.rf.db10f6a9727ea09b865be33cb4d0b9d4.jpg, 0, 0, 0, 0, 0, 0, 0, 0, 0, 0, 0, 0, 0, 0, 0, 0, 0, 0, 0, 0, 0, 0, 1, 0, 0
ku14_jpg.rf.db8b5b0a55b4257fc87193a7bd98ac85.jpg, 0, 0, 0, 0, 0, 0, 0, 0, 1, 0, 0, 0, 0, 0, 0, 1, 0, 0, 0, 0, 0, 0, 0, 0, 0
fl40_JPG_jpg.rf.db82a4ead766b9f9bd19f0baa33f0b20.jpg, 0, 0, 0, 0, 0, 0, 0, 0, 0, 1, 0, 0, 0, 0, 1, 0, 0, 0, 0, 0, 0, 0, 0, 0, 0
pa65_JPG_jpg.rf.da984969d9ba42ca545e95c82f71db46.jpg, 0, 0, 0, 0, 0, 0, 0, 0, 0, 0, 0, 0, 0, 0, 0, 0, 0, 0, 0, 0, 1, 0, 0, 0, 0
f36_jpg.rf.dbc6211ab5bec03583903848aafeb6cf.jpg, 0, 0, 0, 0, 0, 0, 0, 0, 0, 0, 1, 0, 0, 0, 0, 0, 0, 0, 0, 0, 0, 0, 0, 0, 0
fu1_jpg.rf.db6e86101d332939514a2882ede65afe.jpg, 0, 0, 0, 0, 0, 1, 0, 0, 0, 0, 0, 0, 1, 0, 0, 0, 0, 0, 0, 0, 0, 0, 0, 0, 0
p17_JPG_jpg.rf.daaf437bb5177b8354105ffc3302921e.jpg, 0, 0, 0, 1, 0, 0, 0, 0, 0, 0, 0, 0, 0, 0, 0, 0, 0, 0, 0, 0, 0, 0, 0, 0, 0
k54_JPG_jpg.rf.da7448d502d875b6a80f163dbf0fd0cb.jpg, 0, 0, 1, 0, 0, 0, 0, 0, 0, 0, 0, 0, 0, 0, 0, 0, 0, 0, 0, 0, 0, 0, 0, 0, 0
t50_jpg.rf.db65c4096b571b7a8d9344db59979338.jpg, 0, 0, 0, 0, 1, 0, 0, 1, 0, 0, 0, 0, 0, 0, 0, 0, 0, 0, 0, 0, 0, 0, 0, 0, 0
fl11_JPG_jpg.rf.db7a3093f3b980911191e2c5a782cb81.jpg, 0, 0, 0, 0, 0, 0, 0, 0, 0, 1, 0, 0, 0, 0, 1, 0, 0, 0, 0, 0, 0, 0, 0, 0, 0
ku7_JPG_jpg.rf.dbd479c5b7b16c63b946cd90a052d529.jpg, 0, 0, 0, 0, 0, 0, 0, 0, 1, 0, 0, 0, 0, 0, 0, 1, 0, 0, 0, 0, 0, 0, 0, 0, 0
ku30_jpg.rf.dbd68a73c13d224c4fa5f2b332d3fc03.jpg, 0, 0, 0, 0, 0, 0, 0, 0, 1, 0, 0, 0, 0, 0, 0, 1, 0, 0, 0, 0, 0, 0, 0, 0, 0
d51_jpg.rf.dbe1bf312bec1468671e5262bca363d5.jpg, 1, 0, 0, 0, 0, 0, 0, 0, 0, 0, 0, 0, 0, 0, 0, 0, 0, 0, 0, 0, 0, 1, 0, 0, 0
k56_JPG_jpg.rf.dca346074c345545f2f43c275bc8abac.jpg, 0, 0, 1, 0, 0, 0, 0, 0, 0, 0, 0, 0, 0, 0, 0, 0, 0, 0, 0, 0, 0, 0, 0, 0, 0
n26_JPG_jpg.rf.dbe551c26e3f7afdc3baf09cdb58fbf7.jpg, 0, 0, 0, 0, 0, 1, 0, 0, 0, 0, 0, 0, 0, 0, 0, 0, 0, 0, 1, 0, 0, 0, 0, 0, 0
ku58_JPG_jpg.rf.dd97c79cd6b0c5a996637d3742edf52e.jpg, 0, 0, 0, 0, 0, 0, 0, 0, 1, 0, 0, 0, 0, 0, 0, 1, 0, 0, 0, 0, 0, 0, 0, 0, 0
m67_jpg.rf.dc0bf4d8fca44c2868736b00f7f2192e.jpg, 0, 0, 0, 0, 0, 0, 0, 0, 0, 0, 0, 0, 0, 0, 0, 0, 0, 1, 0, 0, 0, 0, 0, 0, 0
d70_JPG_jpg.rf.dc3ea1889daee4cdd45034e9dc2a3304.jpg, 1, 0, 0, 0, 0, 0, 0, 0, 0, 0, 0, 0, 0, 0, 0, 0, 0, 0, 0, 0, 0, 1, 0, 0, 0
p51_jpg.rf.dcb3732176d777ead8dc503ce2cc57bf.jpg, 0, 0, 0, 0, 0, 0, 0, 0, 0, 0, 0, 0, 0, 0, 0, 0, 0, 0, 0, 1, 0, 0, 0, 0, 0
n55_JPG_jpg.rf.dca50c35d159d89e3694a0d79a2cc4b3.jpg, 0, 0, 0, 0, 0, 1, 0, 0, 0, 0, 0, 0, 0, 0, 0, 0, 0, 0, 1, 0, 0, 0, 0, 0, 0
pa23_JPG_jpg.rf.dd123f0b5254636e72d94193c9b1bf75.jpg, 0, 0, 0, 0, 0, 0, 0, 0, 0, 0, 0, 0, 0, 0, 0, 0, 0, 0, 0, 0, 1, 0, 0, 0, 0
w41_jpg.rf.dbf595727cc4e765935587a2ef3cbc09.jpg, 0, 0, 0, 0, 0, 0, 0, 0, 0, 0, 0, 0, 0, 0, 0, 0, 0, 0, 0, 0, 0, 0, 0, 0, 1
e28_JPG_jpg.rf.dd435c3470eb35956be7519d83678312.jpg, 0, 1, 0, 0, 0, 0, 0, 0, 0, 0, 0, 0, 0, 0, 0, 0, 0, 0, 0, 0, 0, 0, 0, 0, 0
n49_JPG_jpg.rf.de084acec2b79b400fdad4a824966237.jpg, 0, 0, 0, 0, 0, 1, 0, 0, 0, 0, 0, 0, 0, 0, 0, 0, 0, 0, 1, 0, 0, 0, 0, 0, 0
d24_jpg.rf.dd7fbb7106828d549f24cc6436714c88.jpg, 1, 0, 0, 0, 0, 0, 0, 0, 0, 0, 0, 0, 0, 0, 0, 0, 0, 0, 0, 0, 0, 1, 0, 0, 0
r22_jpg.rf.ddf47318ed9bc1cff096d5e84bbe9292.jpg, 0, 0, 0, 0, 0, 0, 0, 0, 0, 0, 0, 0, 0, 0, 0, 0, 0, 0, 0, 0, 0, 0, 0, 1, 0
w56_jpg.rf.ddfd5a6e6668f08dd6cc1f49c069cd10.jpg, 0, 0, 0, 0, 0, 0, 0, 0, 0, 0, 0, 0, 0, 0, 0, 0, 0, 0, 0, 0, 0, 0, 0, 0, 1
f30_jpg.rf.de6344b55ad2e4e61897bca48cec1713.jpg, 0, 0, 0, 0, 0, 0, 0, 0, 0, 0, 1, 0, 0, 0, 0, 0, 0, 0, 0, 0, 0, 0, 0, 0, 0
p58_JPG_jpg.rf.dd78c6c9532ec343b84215a2bbb0c572.jpg, 0, 0, 0, 1, 0, 0, 0, 0, 0, 0, 0, 0, 0, 0, 0, 0, 0, 0, 0, 0, 0, 0, 0, 0, 0
b2_jpg.rf.dc652aff606312c5d4e5a0977e9513cd.jpg, 0, 0, 0, 0, 0, 0, 1, 0, 0, 0, 0, 0, 0, 0, 0, 0, 0, 0, 0, 0, 0, 0, 0, 0, 0
w37_jpg.rf.ddeb0562a7ba9cf5d093cfe2db3f1d9b.jpg, 0, 0, 0, 0, 0, 0, 0, 0, 0, 0, 0, 0, 0, 0, 0, 0, 0, 0, 0, 0, 0, 0, 0, 0, 1
ku10_JPG_jpg.rf.dbe1b9c4f90173de0666de8daaf8dcae.jpg, 0, 0, 0, 0, 0, 0, 0, 0, 1, 0, 0, 0, 0, 0, 0, 1, 0, 0, 0, 0, 0, 0, 0, 0, 0
ku36_jpg.rf.dc811f6590d48b02afaf5d3168f1da24.jpg, 0, 0, 0, 0, 0, 0, 0, 0, 1, 0, 0, 0, 0, 0, 0, 1, 0, 0, 0, 0, 0, 0, 0, 0, 0
d52_jpg.rf.de7080666cb07e09339b8a985d466d68.jpg, 1, 0, 0, 0, 0, 0, 0, 0, 0, 0, 0, 0, 0, 0, 0, 0, 0, 0, 0, 0, 0, 1, 0, 0, 0
n45_JPG_jpg.rf.de95af87b77be8cb6bcce180479b0af8.jpg, 0, 0, 0, 0, 0, 1, 0, 0, 0, 0, 0, 0, 0, 0, 0, 0, 0, 0, 1, 0, 0, 0, 0, 0, 0
f22_JPG_jpg.rf.de8605269c1df065f7643d2d6d76b819.jpg, 0, 0, 0, 0, 0, 1, 0, 0, 0, 0, 0, 1, 0, 0, 0, 0, 0, 0, 0, 0, 0, 0, 0, 0, 0
ku60_JPG_jpg.rf.dc56b19d4bd8fa320c33ca4f15f9faf0.jpg, 0, 0, 0, 0, 0, 0, 0, 0, 1, 0, 0, 0, 0, 0, 0, 1, 0, 0, 0, 0, 0, 0, 0, 0, 0
fu59_JPG_jpg.rf.debb0380edf7bdbae7e7fb819de7af94.jpg, 0, 0, 0, 0, 0, 1, 0, 0, 0, 0, 0, 0, 1, 0, 0, 0, 0, 0, 0, 0, 0, 0, 0, 0, 0
ku60_JPG_jpg.rf.df1dfafa45d901b381f5827ae0293b5c.jpg, 0, 0, 0, 0, 0, 0, 0, 0, 1, 0, 0, 0, 0, 0, 0, 1, 0, 0, 0, 0, 0, 0, 0, 0, 0
r69_jpg.rf.dea33b540d30b6e0af1a00f84cc6f52a.jpg, 0, 0, 0, 0, 0, 0, 0, 0, 0, 0, 0, 0, 0, 0, 0, 0, 0, 0, 0, 0, 0, 0, 0, 1, 0
b63_jpg.rf.df77dbe14d78dc8c9c7da467af93c1fb.jpg, 0, 0, 0, 0, 0, 0, 1, 0, 0, 0, 0, 0, 0, 0, 0, 0, 0, 0, 0, 0, 0, 0, 0, 0, 0
fl58_JPG_jpg.rf.df811a19c4aace3ed7ba263969cfd99e.jpg, 0, 0, 0, 0, 0, 0, 0, 0, 0, 1, 0, 0, 0, 0, 1, 0, 0, 0, 0, 0, 0, 0, 0, 0, 0
w38_jpg.rf.df5f9756bd7e397215be511c002d0021.jpg, 0, 0, 0, 0, 0, 0, 0, 0, 0, 0, 0, 0, 0, 0, 0, 0, 0, 0, 0, 0, 0, 0, 0, 0, 1
pa52_JPG_jpg.rf.dfe6911da7dd68604e9c45cd8b51c28f.jpg, 0, 0, 0, 0, 0, 0, 0, 0, 0, 0, 0, 0, 0, 0, 0, 0, 0, 0, 0, 0, 1, 0, 0, 0, 0
d50_JPG_jpg.rf.e0644fda9176bddf932084c3e35e9d7b.jpg, 1, 0, 0, 0, 0, 0, 0, 0, 0, 0, 0, 0, 0, 0, 0, 0, 0, 0, 0, 0, 0, 1, 0, 0, 0
p38_jpg.rf.e0b287940ecaf02ad55f1766e4a41ce9.jpg, 0, 0, 0, 0, 0, 0, 0, 0, 0, 0, 0, 0, 0, 0, 0, 0, 0, 0, 0, 0, 0, 0, 1, 0, 0
m76_jpg.rf.e073994204bb2211fad6589e7b6f5e4b.jpg, 0, 0, 0, 0, 0, 0, 0, 0, 0, 0, 0, 0, 0, 0, 0, 0, 0, 1, 0, 0, 0, 0, 0, 0, 0
r7_jpg.rf.e13514ac289910e1c598d1e0ab2dad79.jpg, 0, 0, 0, 0, 0, 0, 0, 0, 0, 0, 0, 0, 0, 0, 0, 0, 0, 0, 0, 0, 0, 0, 0, 1, 0
r49_JPG_jpg.rf.e101d3aa1223c78c12a339870bf2a03b.jpg, 0, 0, 0, 0, 0, 0, 0, 0, 0, 0, 0, 0, 0, 0, 0, 0, 0, 0, 0, 0, 0, 0, 0, 1, 0
w23_jpg.rf.df6d06e854c1ef1ebefdbef67dca14b5.jpg, 0, 0, 0, 0, 0, 0, 0, 0, 0, 0, 0, 0, 0, 0, 0, 0, 0, 0, 0, 0, 0, 0, 0, 0, 1
k49_jpg.rf.df33c689c3cb69c256a27ef5eaec00e2.jpg, 0, 0, 1, 0, 0, 0, 0, 0, 0, 0, 0, 0, 0, 0, 0, 0, 0, 0, 0, 0, 0, 0, 0, 0, 0
t58_png_jpg.rf.df1ab70c4bcf0f77fc5781ba8f1b50b1.jpg, 0, 0, 0, 0, 1, 0, 0, 1, 0, 0, 0, 0, 0, 0, 0, 0, 0, 0, 0, 0, 0, 0, 0, 0, 0
p26_JPG_jpg.rf.e02c7a48840e9fe4bf145b68daaaec61.jpg, 0, 0, 0, 1, 0, 0, 0, 0, 0, 0, 0, 0, 0, 0, 0, 0, 0, 0, 0, 0, 0, 0, 0, 0, 0
fu49_JPG_jpg.rf.dfe45c0963d59a280dceef70e7d35b1d.jpg, 0, 0, 0, 0, 0, 1, 0, 0, 0, 0, 0, 0, 1, 0, 0, 0, 0, 0, 0, 0, 0, 0, 0, 0, 0
m69_JPG_jpg.rf.dfe49a269785489e8c5b6b52963a9db5.jpg, 0, 0, 0, 0, 0, 0, 0, 0, 0, 0, 0, 0, 0, 0, 0, 0, 1, 0, 0, 0, 0, 0, 0, 0, 0
pa29_jpg.rf.e11a5cf7b638118787d56fa433270fb5.jpg, 0, 0, 0, 0, 0, 0, 0, 0, 0, 0, 0, 0, 0, 0, 0, 0, 0, 0, 0, 0, 1, 0, 0, 0, 0
fu12_JPG_jpg.rf.e149e26335e39d101c12a27c9167b539.jpg, 0, 0, 0, 0, 0, 1, 0, 0, 0, 0, 0, 0, 1, 0, 0, 0, 0, 0, 0, 0, 0, 0, 0, 0, 0
m53_jpg.rf.df86bdfac7c897d3cbec0f030c4d2498.jpg, 0, 0, 0, 0, 0, 0, 0, 0, 0, 0, 0, 0, 0, 0, 0, 0, 0, 1, 0, 0, 0, 0, 0, 0, 0
d6_jpg.rf.e03244c32b2262c063ddc15d6294cd54.jpg, 1, 0, 0, 0, 0, 0, 0, 0, 0, 0, 0, 0, 0, 0, 0, 0, 0, 0, 0, 0, 0, 1, 0, 0, 0
fu44_JPG_jpg.rf.e079361ca1e70c06e871e783b9322fea.jpg, 0, 0, 0, 0, 0, 1, 0, 0, 0, 0, 0, 0, 1, 0, 0, 0, 0, 0, 0, 0, 0, 0, 0, 0, 0
e57_jpg.rf.e16c1f222a75b7fe617b10cb4c0632d3.jpg, 0, 1, 0, 0, 0, 0, 0, 0, 0, 0, 0, 0, 0, 0, 0, 0, 0, 0, 0, 0, 0, 0, 0, 0, 0
fu59_JPG_jpg.rf.e20f14dc7ce0fdf9a7f47f2fecd44a05.jpg, 0, 0, 0, 0, 0, 1, 0, 0, 0, 0, 0, 0, 1, 0, 0, 0, 0, 0, 0, 0, 0, 0, 0, 0, 0
fu57_JPG_jpg.rf.e1b3f78f5eacbea403218822e8a0c22b.jpg, 0, 0, 0, 0, 0, 1, 0, 0, 0, 0, 0, 0, 1, 0, 0, 0, 0, 0, 0, 0, 0, 0, 0, 0, 0
pa45_JPG_jpg.rf.e1bec98bba4f603c41dd79d2b3893b6e.jpg, 0, 0, 0, 0, 0, 0, 0, 0, 0, 0, 0, 0, 0, 0, 0, 0, 0, 0, 0, 0, 1, 0, 0, 0, 0
p60_jpg.rf.e0f4b22a97b86694ae4cdb311fe6f570.jpg, 0, 0, 0, 0, 0, 0, 0, 0, 0, 0, 0, 0, 0, 0, 0, 0, 0, 0, 0, 0, 0, 0, 1, 0, 0
r49_JPG_jpg.rf.e228eed728b702d13d02f3fb8df7faa4.jpg, 0, 0, 0, 0, 0, 0, 0, 0, 0, 0, 0, 0, 0, 0, 0, 0, 0, 0, 0, 0, 0, 0, 0, 1, 0
p27_jpg.rf.dfc883cce6e871e020971342d117a27c.jpg, 0, 0, 0, 1, 0, 0, 0, 0, 0, 0, 0, 0, 0, 0, 0, 0, 0, 0, 0, 0, 0, 0, 0, 0, 0
pa9_jpg.rf.e23e572aa1b61588456eaa466ced1f88.jpg, 0, 0, 0, 0, 0, 0, 0, 0, 0, 0, 0, 0, 0, 0, 0, 0, 0, 0, 0, 0, 1, 0, 0, 0, 0
f58_JPG_jpg.rf.e16dcb847b66b6aac073048868e49530.jpg, 0, 0, 0, 0, 0, 1, 0, 0, 0, 0, 0, 1, 0, 0, 0, 0, 0, 0, 0, 0, 0, 0, 0, 0, 0
m82_jpg.rf.e3eeb606daad559d4271d926598b0221.jpg, 0, 0, 0, 0, 0, 0, 0, 0, 0, 0, 0, 0, 0, 0, 0, 0, 0, 1, 0, 0, 0, 0, 0, 0, 0
p18_jpg.rf.e30e662776c3951e227c795df81ee170.jpg, 0, 0, 0, 0, 0, 0, 0, 0, 0, 0, 0, 0, 0, 0, 0, 0, 0, 0, 0, 1, 0, 0, 0, 0, 0
b18_jpg.rf.e2409449c31b7e3220984634063bc260.jpg, 0, 0, 0, 0, 0, 0, 1, 0, 0, 0, 0, 0, 0, 0, 0, 0, 0, 0, 0, 0, 0, 0, 0, 0, 0
fl60_JPG_jpg.rf.e48af53df831824ab5b2875b9ee9aa73.jpg, 0, 0, 0, 0, 0, 0, 0, 0, 0, 1, 0, 0, 0, 0, 1, 0, 0, 0, 0, 0, 0, 0, 0, 0, 0
m56_png_jpg.rf.e386cff383d2b846be59a9f601278aca.jpg, 0, 0, 0, 0, 0, 0, 0, 0, 0, 0, 0, 0, 0, 0, 0, 0, 1, 0, 0, 0, 0, 0, 0, 0, 0
m23_jpg.rf.e4ac3f0c9a0ba67101102add969a6e74.jpg, 0, 0, 0, 0, 0, 0, 0, 0, 0, 0, 0, 0, 0, 0, 0, 0, 0, 1, 0, 0, 0, 0, 0, 0, 0
m24_jpg.rf.e32bfd9692d29037783b81a2b096ec29.jpg, 0, 0, 0, 0, 0, 0, 0, 0, 0, 0, 0, 0, 0, 0, 0, 0, 0, 1, 0, 0, 0, 0, 0, 0, 0
d42_jpg.rf.e261fffd9ddf4b053c4bacd1eeeb3814.jpg, 1, 0, 0, 0, 0, 0, 0, 0, 0, 0, 0, 0, 0, 0, 0, 0, 0, 0, 0, 0, 0, 1, 0, 0, 0
d24_jpg.rf.e2646528b223ffd8afc7d775f48311ae.jpg, 1, 0, 0, 0, 0, 0, 0, 0, 0, 0, 0, 0, 0, 0, 0, 0, 0, 0, 0, 0, 0, 1, 0, 0, 0
r42_jpeg_jpg.rf.e4d1de702dbd54f353d85a2de381e577.jpg, 0, 0, 0, 0, 0, 0, 0, 0, 0, 0, 0, 0, 0, 0, 0, 0, 0, 0, 0, 0, 0, 0, 0, 1, 0
fu8_JPG_jpg.rf.e51fa447f380406c123f9f0511c05d3c.jpg, 0, 0, 0, 0, 0, 1, 0, 0, 0, 0, 0, 0, 1, 0, 0, 0, 0, 0, 0, 0, 0, 0, 0, 0, 0
fl8_JPG_jpg.rf.e5dff910a9e68f7485ec2e33d07fb903.jpg, 0, 0, 0, 0, 0, 0, 0, 0, 0, 1, 0, 0, 0, 0, 1, 0, 0, 0, 0, 0, 0, 0, 0, 0, 0
r36_jpg.rf.e563f775da280921ca604be414b3bd7f.jpg, 0, 0, 0, 0, 0, 0, 0, 0, 0, 0, 0, 0, 0, 0, 0, 0, 0, 0, 0, 0, 0, 0, 0, 1, 0
k46_jpg.rf.e57c3b275b9afdafb46091b303a918e0.jpg, 0, 0, 1, 0, 0, 0, 0, 0, 0, 0, 0, 0, 0, 0, 0, 0, 0, 0, 0, 0, 0, 0, 0, 0, 0
ku56_JPG_jpg.rf.e601876d0d2387dd30caea2da89a3010.jpg, 0, 0, 0, 0, 0, 0, 0, 0, 1, 0, 0, 0, 0, 0, 0, 1, 0, 0, 0, 0, 0, 0, 0, 0, 0
e18_JPG_jpg.rf.e5694f9461a394d4c2354217a5341eee.jpg, 0, 1, 0, 0, 0, 0, 0, 0, 0, 0, 0, 0, 0, 0, 0, 0, 0, 0, 0, 0, 0, 0, 0, 0, 0
p31_jpg.rf.e56d0ef2755d3165ce41d4fb46c5e48e.jpg, 0, 0, 0, 0, 0, 0, 0, 0, 0, 0, 0, 0, 0, 0, 0, 0, 0, 0, 0, 0, 0, 0, 1, 0, 0
n9_JPG_jpg.rf.e666566b3c8534a81ad58cd3f14fc215.jpg, 0, 0, 0, 0, 0, 1, 0, 0, 0, 0, 0, 0, 0, 0, 0, 0, 0, 0, 1, 0, 0, 0, 0, 0, 0
ku57_JPG_jpg.rf.e3ce54776cce3c56fffacba529f9acb2.jpg, 0, 0, 0, 0, 0, 0, 0, 0, 1, 0, 0, 0, 0, 0, 0, 1, 0, 0, 0, 0, 0, 0, 0, 0, 0
ku34_jpg.rf.e6476d9947330fd020cb958197a314d6.jpg, 0, 0, 0, 0, 0, 0, 0, 0, 1, 0, 0, 0, 0, 0, 0, 1, 0, 0, 0, 0, 0, 0, 0, 0, 0
f53_JPG_jpg.rf.e4e62ae2356a10f40d9992c401d61476.jpg, 0, 0, 0, 0, 0, 1, 0, 0, 0, 0, 0, 1, 0, 0, 0, 0, 0, 0, 0, 0, 0, 0, 0, 0, 0
w30_jpg.rf.e64a680659da0b11b9859b2b7ed1a389.jpg, 0, 0, 0, 0, 0, 0, 0, 0, 0, 0, 0, 0, 0, 0, 0, 0, 0, 0, 0, 0, 0, 0, 0, 0, 1
p5_jpg.rf.e58e8145623b242e68db8c17d63b6a4c.jpg, 0, 0, 0, 1, 0, 0, 0, 0, 0, 0, 0, 0, 0, 0, 0, 0, 0, 0, 0, 0, 0, 0, 0, 0, 0
p28_jpg.rf.e4b39a6f0649b9ae642f6f54c926cb9a.jpg, 0, 0, 0, 1, 0, 0, 0, 0, 0, 0, 0, 0, 0, 0, 0, 0, 0, 0, 0, 0, 0, 0, 0, 0, 0
p25_JPG_jpg.rf.e45f8f4233d8b05544b34043b7d271a0.jpg, 0, 0, 0, 1, 0, 0, 0, 0, 0, 0, 0, 0, 0, 0, 0, 0, 0, 0, 0, 0, 0, 0, 0, 0, 0
w38_jpg.rf.e5d674dc9067ada3e593aa8d2cfccdb0.jpg, 0, 0, 0, 0, 0, 0, 0, 0, 0, 0, 0, 0, 0, 0, 0, 0, 0, 0, 0, 0, 0, 0, 0, 0, 1
w44_png_jpg.rf.e6aa311180c542b70f87b4e42cc28dff.jpg, 0, 0, 0, 0, 0, 0, 0, 0, 0, 0, 0, 0, 0, 0, 0, 0, 0, 0, 0, 0, 0, 0, 0, 0, 1
pa35_jpg.rf.e679accb446d86465ec5fa343018873c.jpg, 0, 0, 0, 0, 0, 0, 0, 0, 0, 0, 0, 0, 0, 0, 0, 0, 0, 0, 0, 0, 1, 0, 0, 0, 0
e10_JPG_jpg.rf.e6b64d669ac1ffcba2551b838ec4bc28.jpg, 0, 1, 0, 0, 0, 0, 0, 0, 0, 0, 0, 0, 0, 0, 0, 0, 0, 0, 0, 0, 0, 0, 0, 0, 0
r32_jpg.rf.e6f2bddfcd62b491e5d95278bc243379.jpg, 0, 0, 0, 0, 0, 0, 0, 0, 0, 0, 0, 0, 0, 0, 0, 0, 0, 0, 0, 0, 0, 0, 0, 1, 0
k32_png_jpg.rf.e6d8ad63c615b316ac91230f85f1a9f7.jpg, 0, 0, 1, 0, 0, 0, 0, 0, 0, 0, 0, 0, 0, 0, 0, 0, 0, 0, 0, 0, 0, 0, 0, 0, 0
h49_jpg.rf.e6af2f6631bc16086bc37732b81884b0.jpg, 0, 0, 0, 0, 0, 0, 0, 0, 0, 0, 0, 0, 0, 1, 0, 0, 0, 0, 0, 0, 0, 0, 0, 0, 0
e41_JPG_jpg.rf.e6ebad67fba41590c5e7fd97a7135eac.jpg, 0, 1, 0, 0, 0, 0, 0, 0, 0, 0, 0, 0, 0, 0, 0, 0, 0, 0, 0, 0, 0, 0, 0, 0, 0
t23_jpg.rf.e78973cd30f93017f2ac87e4fba5c28a.jpg, 0, 0, 0, 0, 1, 0, 0, 1, 0, 0, 0, 0, 0, 0, 0, 0, 0, 0, 0, 0, 0, 0, 0, 0, 0
b41_jpg.rf.e8a8265f1e5cfaa1efc9278e0d3ede7e.jpg, 0, 0, 0, 0, 0, 0, 1, 0, 0, 0, 0, 0, 0, 0, 0, 0, 0, 0, 0, 0, 0, 0, 0, 0, 0
n4_JPG_jpg.rf.e7b5ffd0cd64a7864c3e35b62cc2c551.jpg, 0, 0, 0, 0, 0, 1, 0, 0, 0, 0, 0, 0, 0, 0, 0, 0, 0, 0, 1, 0, 0, 0, 0, 0, 0
m65_jpg.rf.e816e5f326bed28684cc9337ade07fc9.jpg, 0, 0, 0, 0, 0, 0, 0, 0, 0, 0, 0, 0, 0, 0, 0, 0, 0, 1, 0, 0, 0, 0, 0, 0, 0
d26_jpg.rf.e7fccd3d8180b8bb5ba19f4b49ed2c76.jpg, 1, 0, 0, 0, 0, 0, 0, 0, 0, 0, 0, 0, 0, 0, 0, 0, 0, 0, 0, 0, 0, 1, 0, 0, 0
fl52_JPG_jpg.rf.e72b384cab3c9e08a01360c23db9d7a0.jpg, 0, 0, 0, 0, 0, 0, 0, 0, 0, 1, 0, 0, 0, 0, 1, 0, 0, 0, 0, 0, 0, 0, 0, 0, 0
p30_jpg.rf.e7396c68fa91f35747131ec864d1fd99.jpg, 0, 0, 0, 0, 0, 0, 0, 0, 0, 0, 0, 0, 0, 0, 0, 0, 0, 0, 0, 0, 0, 0, 1, 0, 0
h23_jpg.rf.e74f519591693b9f9baf9211c737c4e4.jpg, 0, 0, 0, 0, 0, 0, 0, 0, 0, 0, 0, 0, 0, 1, 0, 0, 0, 0, 0, 0, 0, 0, 0, 0, 0
pa27_JPG_jpg.rf.e8939d88f7f5545e12269708e9138986.jpg, 0, 0, 0, 0, 0, 0, 0, 0, 0, 0, 0, 0, 0, 0, 0, 0, 0, 0, 0, 0, 1, 0, 0, 0, 0
d14_jpg.rf.e8ae5045bd3b966c18fdb0232aa46019.jpg, 1, 0, 0, 0, 0, 0, 0, 0, 0, 0, 0, 0, 0, 0, 0, 0, 0, 0, 0, 0, 0, 1, 0, 0, 0
t47_jpg.rf.e8de6f9b355b4f4ab6cd92ab1fc772eb.jpg, 0, 0, 0, 0, 1, 0, 0, 1, 0, 0, 0, 0, 0, 0, 0, 0, 0, 0, 0, 0, 0, 0, 0, 0, 0
f37_JPG_jpg.rf.e6d18b95e79081711e1a9180132f4ace.jpg, 0, 0, 0, 0, 0, 1, 0, 0, 0, 0, 0, 1, 0, 0, 0, 0, 0, 0, 0, 0, 0, 0, 0, 0, 0
fu1_jpg.rf.e993674f3d86a484b4f267c6dbfac374.jpg, 0, 0, 0, 0, 0, 1, 0, 0, 0, 0, 0, 0, 1, 0, 0, 0, 0, 0, 0, 0, 0, 0, 0, 0, 0
p43_jpg.rf.e7d21cdc5fd8c4b402b1c438a0bfefa9.jpg, 0, 0, 0, 0, 0, 0, 0, 0, 0, 0, 0, 0, 0, 0, 0, 0, 0, 0, 0, 1, 0, 0, 0, 0, 0
m10_jpg.rf.e878473fa7b59655c346d0f0d88ecf35.jpg, 0, 0, 0, 0, 0, 0, 0, 0, 0, 0, 0, 0, 0, 0, 0, 0, 0, 1, 0, 0, 0, 0, 0, 0, 0
p54_JPG_jpg.rf.e9e1a250279373cf4953de34056b0198.jpg, 0, 0, 0, 1, 0, 0, 0, 0, 0, 0, 0, 0, 0, 0, 0, 0, 0, 0, 0, 0, 0, 0, 0, 0, 0
p36_jpg.rf.e923aca9fd5d105c59c2ee96beee1353.jpg, 0, 0, 0, 0, 0, 0, 0, 0, 0, 0, 0, 0, 0, 0, 0, 0, 0, 0, 0, 1, 0, 0, 0, 0, 0
f50_JPG_jpg.rf.ea0fb2d273d8c57af7d7b3b08528a30e.jpg, 0, 0, 0, 0, 0, 0, 0, 0, 0, 0, 1, 0, 0, 0, 0, 0, 0, 0, 0, 0, 0, 0, 0, 0, 0
ku69_jpg.rf.ea4ba33e80c09b16aa617b8c3582eed6.jpg, 0, 0, 0, 0, 0, 0, 0, 0, 1, 0, 0, 0, 0, 0, 0, 1, 0, 0, 0, 0, 0, 0, 0, 0, 0
p53_JPG_jpg.rf.ea23ea75fca32f2dfcd966d75079fc8a.jpg, 0, 0, 0, 1, 0, 0, 0, 0, 0, 0, 0, 0, 0, 0, 0, 0, 0, 0, 0, 0, 0, 0, 0, 0, 0
fu30_JPG_jpg.rf.ea100cc92d8b0ca811ec8019118f3ac7.jpg, 0, 0, 0, 0, 0, 1, 0, 0, 0, 0, 0, 0, 1, 0, 0, 0, 0, 0, 0, 0, 0, 0, 0, 0, 0
e38_JPG_jpg.rf.ea04b36b04761bf3c5ee2d19093826b9.jpg, 0, 1, 0, 0, 0, 0, 0, 0, 0, 0, 0, 0, 0, 0, 0, 0, 0, 0, 0, 0, 0, 0, 0, 0, 0
f7_JPG_jpg.rf.ea2fc72adf26ef9bf0a6d8fe4d2fa73d.jpg, 0, 0, 0, 0, 0, 1, 0, 0, 0, 0, 0, 1, 0, 0, 0, 0, 0, 0, 0, 0, 0, 0, 0, 0, 0
b43_jpg.rf.e91e36503ac6ad5db92595343b93ed50.jpg, 0, 0, 0, 0, 0, 0, 1, 0, 0, 0, 0, 0, 0, 0, 0, 0, 0, 0, 0, 0, 0, 0, 0, 0, 0
f24_jpg.rf.ea616156950be4530440883927ab22f6.jpg, 0, 0, 0, 0, 0, 0, 0, 0, 0, 0, 1, 0, 0, 0, 0, 0, 0, 0, 0, 0, 0, 0, 0, 0, 0
r75_jpg.rf.eb14a265f365027a6811692cedd09e09.jpg, 0, 0, 0, 0, 0, 0, 0, 0, 0, 0, 0, 0, 0, 0, 0, 0, 0, 0, 0, 0, 0, 0, 0, 1, 0
e39_JPG_jpg.rf.ea9b2b6c2935e8dcdcd0c45a7c279fda.jpg, 0, 1, 0, 0, 0, 0, 0, 0, 0, 0, 0, 0, 0, 0, 0, 0, 0, 0, 0, 0, 0, 0, 0, 0, 0
pa2_JPG_jpg.rf.ea745e6f21c45ceb1039a10d252b1fbf.jpg, 0, 0, 0, 0, 0, 0, 0, 0, 0, 0, 0, 0, 0, 0, 0, 0, 0, 0, 0, 0, 1, 0, 0, 0, 0
h50_jpg.rf.eba1740ba16c7b61a82dc1cefde56523.jpg, 0, 0, 0, 0, 0, 0, 0, 0, 0, 0, 0, 0, 0, 1, 0, 0, 0, 0, 0, 0, 0, 0, 0, 0, 0
e20_jpg.rf.ead7257d9e4cdbeb4bc115e05593fa9c.jpg, 0, 1, 0, 0, 0, 0, 0, 0, 0, 0, 0, 0, 0, 0, 0, 0, 0, 0, 0, 0, 0, 0, 0, 0, 0
e24_jpg.rf.ec64eebc8e432d301c6e30b5e3b2b29c.jpg, 0, 1, 0, 0, 0, 0, 0, 0, 0, 0, 0, 0, 0, 0, 0, 0, 0, 0, 0, 0, 0, 0, 0, 0, 0
b19_jpg.rf.ea82b4cefe12af2d4860a7520f07fc84.jpg, 0, 0, 0, 0, 0, 0, 1, 0, 0, 0, 0, 0, 0, 0, 0, 0, 0, 0, 0, 0, 0, 0, 0, 0, 0
fl20_JPG_jpg.rf.ea9955a2b01a007d5a8f4fb6b770d193.jpg, 0, 0, 0, 0, 0, 0, 0, 0, 0, 1, 0, 0, 0, 0, 1, 0, 0, 0, 0, 0, 0, 0, 0, 0, 0
p42_JPG_jpg.rf.ec9e65a3c3ca22b0f26b36deb5ce1ff8.jpg, 0, 0, 0, 1, 0, 0, 0, 0, 0, 0, 0, 0, 0, 0, 0, 0, 0, 0, 0, 0, 0, 0, 0, 0, 0
t40_JPG_jpg.rf.eafb358372386edd6d879af2ee67597b.jpg, 0, 0, 0, 0, 1, 0, 0, 1, 0, 0, 0, 0, 0, 0, 0, 0, 0, 0, 0, 0, 0, 0, 0, 0, 0
r29_jpg.rf.eb33b0d5aac15971201b5a706afeec31.jpg, 0, 0, 0, 0, 0, 0, 0, 0, 0, 0, 0, 0, 0, 0, 0, 0, 0, 0, 0, 0, 0, 0, 0, 1, 0
h62_png_jpg.rf.ea9b044319db89443645cb24725b05ed.jpg, 0, 0, 0, 0, 0, 0, 0, 0, 0, 0, 0, 0, 0, 1, 0, 0, 0, 0, 0, 0, 0, 0, 0, 0, 0
p9_jpg.rf.ec102a29281e679a6f2ee9c7e493a752.jpg, 0, 0, 0, 0, 0, 0, 0, 0, 0, 0, 0, 0, 0, 0, 0, 0, 0, 0, 0, 1, 0, 0, 0, 0, 0
k35_png_jpg.rf.ebe72792f3b6c08fd9fb74c484163456.jpg, 0, 0, 1, 0, 0, 0, 0, 0, 0, 0, 0, 0, 0, 0, 0, 0, 0, 0, 0, 0, 0, 0, 0, 0, 0
fu56_JPG_jpg.rf.ed30ee2ad9527dae2c5f6ee1812ce08d.jpg, 0, 0, 0, 0, 0, 1, 0, 0, 0, 0, 0, 0, 1, 0, 0, 0, 0, 0, 0, 0, 0, 0, 0, 0, 0
k59_png_jpg.rf.ec52054999704a4a7f727a9728ee86c8.jpg, 0, 0, 1, 0, 0, 0, 0, 0, 0, 0, 0, 0, 0, 0, 0, 0, 0, 0, 0, 0, 0, 0, 0, 0, 0
fu20_JPG_jpg.rf.ed776f99c704df0507fbf5086be492d5.jpg, 0, 0, 0, 0, 0, 1, 0, 0, 0, 0, 0, 0, 1, 0, 0, 0, 0, 0, 0, 0, 0, 0, 0, 0, 0
f22_JPG_jpg.rf.ed2c6f51931c4ea9c5006e360e55e197.jpg, 0, 0, 0, 0, 0, 1, 0, 0, 0, 0, 0, 1, 0, 0, 0, 0, 0, 0, 0, 0, 0, 0, 0, 0, 0
fl51_JPG_jpg.rf.eab6b5d5d5be1f71c13e8c5d1d1f742b.jpg, 0, 0, 0, 0, 0, 0, 0, 0, 0, 1, 0, 0, 0, 0, 1, 0, 0, 0, 0, 0, 0, 0, 0, 0, 0
d33_jpg.rf.ebcd85553e2b07bbde57ba2360a0a3f1.jpg, 1, 0, 0, 0, 0, 0, 0, 0, 0, 0, 0, 0, 0, 0, 0, 0, 0, 0, 0, 0, 0, 1, 0, 0, 0
n29_JPG_jpg.rf.ed5bb9091ec248bede3029abfd5b360a.jpg, 0, 0, 0, 0, 0, 1, 0, 0, 0, 0, 0, 0, 0, 0, 0, 0, 0, 0, 1, 0, 0, 0, 0, 0, 0
m77_jpg.rf.ec2da065754879528ab27f92a132f83e.jpg, 0, 0, 0, 0, 0, 0, 0, 0, 0, 0, 0, 0, 0, 0, 0, 0, 0, 1, 0, 0, 0, 0, 0, 0, 0
e59_JPG_jpg.rf.ecb18c08525589cf05d17144e54727d8.jpg, 0, 1, 0, 0, 0, 0, 0, 0, 0, 0, 0, 0, 0, 0, 0, 0, 0, 0, 0, 0, 0, 0, 0, 0, 0
w68_JPG_jpg.rf.eca32229e8b9ccf58c43fd0406a4f05d.jpg, 0, 0, 0, 0, 0, 0, 0, 0, 0, 0, 0, 0, 0, 0, 0, 0, 0, 0, 0, 0, 0, 0, 0, 0, 1
fl54_JPG_jpg.rf.ec8199208b10fae2808cbe16dfe83641.jpg, 0, 0, 0, 0, 0, 0, 0, 0, 0, 1, 0, 0, 0, 0, 1, 0, 0, 0, 0, 0, 0, 0, 0, 0, 0
p58_JPG_jpg.rf.ece117adee06d9bac5b24eec834f1f0a.jpg, 0, 0, 0, 1, 0, 0, 0, 0, 0, 0, 0, 0, 0, 0, 0, 0, 0, 0, 0, 0, 0, 0, 0, 0, 0
h71_jpg.rf.ed867d8e92541c4a32a7cbd2a0848b24.jpg, 0, 0, 0, 0, 0, 0, 0, 0, 0, 0, 0, 0, 0, 1, 0, 0, 0, 0, 0, 0, 0, 0, 0, 0, 0
p51_JPG_jpg.rf.edd65204620d2c51fecb4b8a15d31601.jpg, 0, 0, 0, 1, 0, 0, 0, 0, 0, 0, 0, 0, 0, 0, 0, 0, 0, 0, 0, 0, 0, 0, 0, 0, 0
r57_jpg.rf.ed7bd01ef8fffafb1aa118c142cea573.jpg, 0, 0, 0, 0, 0, 0, 0, 0, 0, 0, 0, 0, 0, 0, 0, 0, 0, 0, 0, 0, 0, 0, 0, 1, 0
b57_jpg.rf.010750a297adf894b6ad9933626299a6.jpg, 0, 0, 0, 0, 0, 0, 1, 0, 0, 0, 0, 0, 0, 0, 0, 0, 0, 0, 0, 0, 0, 0, 0, 0, 0
b19_jpg.rf.00a5ca303c34c7ad8e27295d56afa8f1.jpg, 0, 0, 0, 0, 0, 0, 1, 0, 0, 0, 0, 0, 0, 0, 0, 0, 0, 0, 0, 0, 0, 0, 0, 0, 0
fu55_JPG_jpg.rf.00992c5a3b5a64d0e365ed71bcb6d2aa.jpg, 0, 0, 0, 0, 0, 1, 0, 0, 0, 0, 0, 0, 1, 0, 0, 0, 0, 0, 0, 0, 0, 0, 0, 0, 0
f33_JPG_jpg.rf.008f9a3f7a81c81aa7553081822b2b0a.jpg, 0, 0, 0, 0, 0, 1, 0, 0, 0, 0, 0, 1, 0, 0, 0, 0, 0, 0, 0, 0, 0, 0, 0, 0, 0
fu23_JPG_jpg.rf.011470f00df2b8b1a96699e504634182.jpg, 0, 0, 0, 0, 0, 1, 0, 0, 0, 0, 0, 0, 1, 0, 0, 0, 0, 0, 0, 0, 0, 0, 0, 0, 0
p47_jpg.rf.00bae42ed0261fc50783d80ba7a3e9a8.jpg, 0, 0, 0, 0, 0, 0, 0, 0, 0, 0, 0, 0, 0, 0, 0, 0, 0, 0, 0, 0, 0, 0, 1, 0, 0
t34_jpg.rf.002f38cf87431fe26e63ba4904fd9ab3.jpg, 0, 0, 0, 0, 1, 0, 0, 1, 0, 0, 0, 0, 0, 0, 0, 0, 0, 0, 0, 0, 0, 0, 0, 0, 0
ku55_jpg.rf.013347acf8dcd9071c9738a9996f7a04.jpg, 0, 0, 0, 0, 0, 0, 0, 0, 1, 0, 0, 0, 0, 0, 0, 1, 0, 0, 0, 0, 0, 0, 0, 0, 0
p35_JPG_jpg.rf.0171ea70711a7dcfe3c221c9827317b7.jpg, 0, 0, 0, 1, 0, 0, 0, 0, 0, 0, 0, 0, 0, 0, 0, 0, 0, 0, 0, 0, 0, 0, 0, 0, 0
t8_jpg.rf.0054f2b627afde02058efaef0b9b5961.jpg, 0, 0, 0, 0, 1, 0, 0, 1, 0, 0, 0, 0, 0, 0, 0, 0, 0, 0, 0, 0, 0, 0, 0, 0, 0
fu10_JPG_jpg.rf.01670302c8bb45f7862d59faa7b54033.jpg, 0, 0, 0, 0, 0, 1, 0, 0, 0, 0, 0, 0, 1, 0, 0, 0, 0, 0, 0, 0, 0, 0, 0, 0, 0
fl11_JPG_jpg.rf.0137275b9e8c5c22a73d4682a9ea815b.jpg, 0, 0, 0, 0, 0, 0, 0, 0, 0, 1, 0, 0, 0, 0, 1, 0, 0, 0, 0, 0, 0, 0, 0, 0, 0
b32_jpg.rf.00c5d6d228445f80975892409227d5b9.jpg, 0, 0, 0, 0, 0, 0, 1, 0, 0, 0, 0, 0, 0, 0, 0, 0, 0, 0, 0, 0, 0, 0, 0, 0, 0
w66_JPG_jpg.rf.018dc4cd762460383683fbf243de4756.jpg, 0, 0, 0, 0, 0, 0, 0, 0, 0, 0, 0, 0, 0, 0, 0, 0, 0, 0, 0, 0, 0, 0, 0, 0, 1
w32_jpg.rf.01d8ae0bd6684f7e25ea98c2dffbfe93.jpg, 0, 0, 0, 0, 0, 0, 0, 0, 0, 0, 0, 0, 0, 0, 0, 0, 0, 0, 0, 0, 0, 0, 0, 0, 1
r61_JPG_jpg.rf.01b86ca86dcca44e0c19b0351a5654dc.jpg, 0, 0, 0, 0, 0, 0, 0, 0, 0, 0, 0, 0, 0, 0, 0, 0, 0, 0, 0, 0, 0, 0, 0, 1, 0
w24_jpg.rf.02cb698a46fb8c778bdfc4d73fdd9f80.jpg, 0, 0, 0, 0, 0, 0, 0, 0, 0, 0, 0, 0, 0, 0, 0, 0, 0, 0, 0, 0, 0, 0, 0, 0, 1
e23_JPG_jpg.rf.028cab175bf8c09ec8d77ab4ca74a38e.jpg, 0, 1, 0, 0, 0, 0, 0, 0, 0, 0, 0, 0, 0, 0, 0, 0, 0, 0, 0, 0, 0, 0, 0, 0, 0
fl45_JPG_jpg.rf.019215ce624c33212bbce588ffa3e88f.jpg, 0, 0, 0, 0, 0, 0, 0, 0, 0, 1, 0, 0, 0, 0, 1, 0, 0, 0, 0, 0, 0, 0, 0, 0, 0
k37_jpg.rf.01ce82b51b207a7086e0e6932fe59823.jpg, 0, 0, 1, 0, 0, 0, 0, 0, 0, 0, 0, 0, 0, 0, 0, 0, 0, 0, 0, 0, 0, 0, 0, 0, 0
k60_jpg.rf.021a9ded2a4a056782b231f4feb13154.jpg, 0, 0, 1, 0, 0, 0, 0, 0, 0, 0, 0, 0, 0, 0, 0, 0, 0, 0, 0, 0, 0, 0, 0, 0, 0
f43_jpg.rf.02e155b1d7b871f41e07f777f5e64930.jpg, 0, 0, 0, 0, 0, 0, 0, 0, 0, 0, 1, 0, 0, 0, 0, 0, 0, 0, 0, 0, 0, 0, 0, 0, 0
t37_JPG_jpg.rf.02b229929d366170e1cd9c49a03fa1cf.jpg, 0, 0, 0, 0, 1, 0, 0, 1, 0, 0, 0, 0, 0, 0, 0, 0, 0, 0, 0, 0, 0, 0, 0, 0, 0
ku51_jpg.rf.0264846e10c20c1284e0fecbbf00c93e.jpg, 0, 0, 0, 0, 0, 0, 0, 0, 1, 0, 0, 0, 0, 0, 0, 1, 0, 0, 0, 0, 0, 0, 0, 0, 0
w53_jpg.rf.0240f6846d119fb7185eb05e7b1adc96.jpg, 0, 0, 0, 0, 0, 0, 0, 0, 0, 0, 0, 0, 0, 0, 0, 0, 0, 0, 0, 0, 0, 0, 0, 0, 1
f52_JPG_jpg.rf.03279aade321ef4f8c70969c1a47a64e.jpg, 0, 0, 0, 0, 0, 1, 0, 0, 0, 0, 0, 1, 0, 0, 0, 0, 0, 0, 0, 0, 0, 0, 0, 0, 0
k6_jpg.rf.038b751b47a2ecae573b118ba0ef5008.jpg, 0, 0, 1, 0, 0, 0, 0, 0, 0, 0, 0, 0, 0, 0, 0, 0, 0, 0, 0, 0, 0, 0, 0, 0, 0
r6_jpg.rf.02100554375962e1cba75b0a17648a66.jpg, 0, 0, 0, 0, 0, 0, 0, 0, 0, 0, 0, 0, 0, 0, 0, 0, 0, 0, 0, 0, 0, 0, 0, 1, 0
p40_jpg.rf.03ef1c21331a9988570cf7e6be2320e0.jpg, 0, 0, 0, 0, 0, 0, 0, 0, 0, 0, 0, 0, 0, 0, 0, 0, 0, 0, 0, 1, 0, 0, 0, 0, 0
p34_JPG_jpg.rf.0370c892debe6c9c22b737ba5804983c.jpg, 0, 0, 0, 1, 0, 0, 0, 0, 0, 0, 0, 0, 0, 0, 0, 0, 0, 0, 0, 0, 0, 0, 0, 0, 0
k52_JPG_jpg.rf.0375fc7b05cdd8322b271912296af811.jpg, 0, 0, 1, 0, 0, 0, 0, 0, 0, 0, 0, 0, 0, 0, 0, 0, 0, 0, 0, 0, 0, 0, 0, 0, 0
d42_jpg.rf.03ce57e5d206577f648545b6c0f109ca.jpg, 1, 0, 0, 0, 0, 0, 0, 0, 0, 0, 0, 0, 0, 0, 0, 0, 0, 0, 0, 0, 0, 1, 0, 0, 0
p59_jpeg_jpg.rf.02d424f5a5ab523c72ee12c123188722.jpg, 0, 0, 0, 0, 0, 0, 0, 0, 0, 0, 0, 0, 0, 0, 0, 0, 0, 0, 0, 0, 0, 0, 1, 0, 0
n58_JPG_jpg.rf.02f9fbe6f1ba5e5e448618b72157ce68.jpg, 0, 0, 0, 0, 0, 1, 0, 0, 0, 0, 0, 0, 0, 0, 0, 0, 0, 0, 1, 0, 0, 0, 0, 0, 0
f17_JPG_jpg.rf.03e49414ef13677361cc881afd6ca963.jpg, 0, 0, 0, 0, 0, 0, 0, 0, 0, 0, 1, 0, 0, 0, 0, 0, 0, 0, 0, 0, 0, 0, 0, 0, 0
b61_jpg.rf.0349302d700177814df20c732471279b.jpg, 0, 0, 0, 0, 0, 0, 1, 0, 0, 0, 0, 0, 0, 0, 0, 0, 0, 0, 0, 0, 0, 0, 0, 0, 0
e34_jpg.rf.01e5ed1dffb9c35d05b1d900b9154e67.jpg, 0, 1, 0, 0, 0, 0, 0, 0, 0, 0, 0, 0, 0, 0, 0, 0, 0, 0, 0, 0, 0, 0, 0, 0, 0
b6_jpg.rf.025ccb687acf8e69355b600ba0f2b7f4.jpg, 0, 0, 0, 0, 0, 0, 1, 0, 0, 0, 0, 0, 0, 0, 0, 0, 0, 0, 0, 0, 0, 0, 0, 0, 0
e28_JPG_jpg.rf.03fd13f79083b3dd56a033e8b876c849.jpg, 0, 1, 0, 0, 0, 0, 0, 0, 0, 0, 0, 0, 0, 0, 0, 0, 0, 0, 0, 0, 0, 0, 0, 0, 0
w52_jpg.rf.0410eeee7b3bede6af31b3901796a9fe.jpg, 0, 0, 0, 0, 0, 0, 0, 0, 0, 0, 0, 0, 0, 0, 0, 0, 0, 0, 0, 0, 0, 0, 0, 0, 1
n35_JPG_jpg.rf.04127197711e38fa0ff521f4de8444cb.jpg, 0, 0, 0, 0, 0, 1, 0, 0, 0, 0, 0, 0, 0, 0, 0, 0, 0, 0, 1, 0, 0, 0, 0, 0, 0
p48_JPG_jpg.rf.04367de1274473e38267be586618daf8.jpg, 0, 0, 0, 1, 0, 0, 0, 0, 0, 0, 0, 0, 0, 0, 0, 0, 0, 0, 0, 0, 0, 0, 0, 0, 0
f67_JPG_jpg.rf.049f94a606b4cb75e3e827886089f615.jpg, 0, 0, 0, 0, 0, 1, 0, 0, 0, 0, 0, 1, 0, 0, 0, 0, 0, 0, 0, 0, 0, 0, 0, 0, 0
pa2_JPG_jpg.rf.04199f64619488264176877b3e57a813.jpg, 0, 0, 0, 0, 0, 0, 0, 0, 0, 0, 0, 0, 0, 0, 0, 0, 0, 0, 0, 0, 1, 0, 0, 0, 0
e7_png_jpg.rf.043d87425ce60ac0256c100e48258086.jpg, 0, 1, 0, 0, 0, 0, 0, 0, 0, 0, 0, 0, 0, 0, 0, 0, 0, 0, 0, 0, 0, 0, 0, 0, 0
fl28_JPG_jpg.rf.05a33ab81b772feb1c97930640ea24c8.jpg, 0, 0, 0, 0, 0, 0, 0, 0, 0, 1, 0, 0, 0, 0, 1, 0, 0, 0, 0, 0, 0, 0, 0, 0, 0
r47_JPG_jpg.rf.04d5053d20343a44e90f7e5e089de745.jpg, 0, 0, 0, 0, 0, 0, 0, 0, 0, 0, 0, 0, 0, 0, 0, 0, 0, 0, 0, 0, 0, 0, 0, 1, 0
f13_JPG_jpg.rf.05475d6364fb9e59729d57b523002358.jpg, 0, 0, 0, 0, 0, 1, 0, 0, 0, 0, 0, 1, 0, 0, 0, 0, 0, 0, 0, 0, 0, 0, 0, 0, 0
p61_jpg.rf.0542b5c6e2d785771488aa4d15dd72af.jpg, 0, 0, 0, 0, 0, 0, 0, 0, 0, 0, 0, 0, 0, 0, 0, 0, 0, 0, 0, 0, 0, 0, 1, 0, 0
e9_JPG_jpg.rf.04a0c096e92081fe18053d1f15776d47.jpg, 0, 1, 0, 0, 0, 0, 0, 0, 0, 0, 0, 0, 0, 0, 0, 0, 0, 0, 0, 0, 0, 0, 0, 0, 0
p28_JPG_jpg.rf.05b640cdbff345fdfd1a766a2c624dd9.jpg, 0, 0, 0, 0, 0, 0, 0, 0, 0, 0, 0, 0, 0, 0, 0, 0, 0, 0, 0, 0, 0, 0, 1, 0, 0
n43_JPG_jpg.rf.05249b22bbc5bb2adc7e9de3f80b00c8.jpg, 0, 0, 0, 0, 0, 1, 0, 0, 0, 0, 0, 0, 0, 0, 0, 0, 0, 0, 1, 0, 0, 0, 0, 0, 0
fl70_JPG_jpg.rf.05adb5159e96c62b01e6ebe62a1beba9.jpg, 0, 0, 0, 0, 0, 0, 0, 0, 0, 1, 0, 0, 0, 0, 1, 0, 0, 0, 0, 0, 0, 0, 0, 0, 0
w30_jpg.rf.04903ce6c192e3865768abadf1aa9fd9.jpg, 0, 0, 0, 0, 0, 0, 0, 0, 0, 0, 0, 0, 0, 0, 0, 0, 0, 0, 0, 0, 0, 0, 0, 0, 1
f31_JPG_jpg.rf.05366ceab952816069acb6d9105f303e.jpg, 0, 0, 0, 0, 0, 1, 0, 0, 0, 0, 0, 1, 0, 0, 0, 0, 0, 0, 0, 0, 0, 0, 0, 0, 0
p32_JPG_jpg.rf.05fb55ecd6c7b684527ed1fb63616cdb.jpg, 0, 0, 0, 1, 0, 0, 0, 0, 0, 0, 0, 0, 0, 0, 0, 0, 0, 0, 0, 0, 0, 0, 0, 0, 0
k10_jpg.rf.06b4782f25792176e3707a72dfbe65b3.jpg, 0, 0, 1, 0, 0, 0, 0, 0, 0, 0, 0, 0, 0, 0, 0, 0, 0, 0, 0, 0, 0, 0, 0, 0, 0
f51_jpg.rf.07275b2f1b86845e2c8966bdebb350df.jpg, 0, 0, 0, 0, 0, 0, 0, 0, 0, 0, 1, 0, 0, 0, 0, 0, 0, 0, 0, 0, 0, 0, 0, 0, 0
p1_jpg.rf.064e36f8b8fd6f6ae3bf2e556c79727e.jpg, 0, 0, 0, 1, 0, 0, 0, 0, 0, 0, 0, 0, 0, 0, 0, 0, 0, 0, 0, 0, 0, 0, 0, 0, 0
m59_jpg.rf.07b86ac9aa3feb1916e8cf15b69f61b7.jpg, 0, 0, 0, 0, 0, 0, 0, 0, 0, 0, 0, 0, 0, 0, 0, 0, 0, 1, 0, 0, 0, 0, 0, 0, 0
t28_jpg.rf.0784c48b64477279b90be55368bc26bd.jpg, 0, 0, 0, 0, 1, 0, 0, 1, 0, 0, 0, 0, 0, 0, 0, 0, 0, 0, 0, 0, 0, 0, 0, 0, 0
w6_jpg.rf.07841b1288bcc30772f63306c1b8898b.jpg, 0, 0, 0, 0, 0, 0, 0, 0, 0, 0, 0, 0, 0, 0, 0, 0, 0, 0, 0, 0, 0, 0, 0, 0, 1
d59_JPG_jpg.rf.053a55c70199cdc97c80e58273df6a83.jpg, 1, 0, 0, 0, 0, 0, 0, 0, 0, 0, 0, 0, 0, 0, 0, 0, 0, 0, 0, 0, 0, 1, 0, 0, 0
f3_jpg.rf.062c98e0c589808ce8c56b4fadd11644.jpg, 0, 0, 0, 0, 0, 0, 0, 0, 0, 0, 1, 0, 0, 0, 0, 0, 0, 0, 0, 0, 0, 0, 0, 0, 0
t38_jpg.rf.06feeb5733da659348edd415fe517816.jpg, 0, 0, 0, 0, 1, 0, 0, 1, 0, 0, 0, 0, 0, 0, 0, 0, 0, 0, 0, 0, 0, 0, 0, 0, 0
p35_JPG_jpg.rf.07bccebf089fe974b289c8d4a68ea461.jpg, 0, 0, 0, 1, 0, 0, 0, 0, 0, 0, 0, 0, 0, 0, 0, 0, 0, 0, 0, 0, 0, 0, 0, 0, 0
m31_jpg.rf.07c9fb2c882081471b2afd7aea539db7.jpg, 0, 0, 0, 0, 0, 0, 0, 0, 0, 0, 0, 0, 0, 0, 0, 0, 0, 1, 0, 0, 0, 0, 0, 0, 0
ku12_jpg.rf.0830d826e578645db2d76b09be14491a.jpg, 0, 0, 0, 0, 0, 0, 0, 0, 1, 0, 0, 0, 0, 0, 0, 1, 0, 0, 0, 0, 0, 0, 0, 0, 0
n35_JPG_jpg.rf.083a6f50ba10b6ec618ae940bbfa52e9.jpg, 0, 0, 0, 0, 0, 1, 0, 0, 0, 0, 0, 0, 0, 0, 0, 0, 0, 0, 1, 0, 0, 0, 0, 0, 0
m7_jpg.rf.094d75a87dec932dbe2957a1af35510e.jpg, 0, 0, 0, 0, 0, 0, 0, 0, 0, 0, 0, 0, 0, 0, 0, 0, 1, 0, 0, 0, 0, 0, 0, 0, 0
t35_jpg.rf.099f51796fccfee4c74f0b5a76326f6c.jpg, 0, 0, 0, 0, 1, 0, 0, 1, 0, 0, 0, 0, 0, 0, 0, 0, 0, 0, 0, 0, 0, 0, 0, 0, 0
r51_jpg.rf.0903c0dba4600b2dc58b96a03e930b55.jpg, 0, 0, 0, 0, 0, 0, 0, 0, 0, 0, 0, 0, 0, 0, 0, 0, 0, 0, 0, 0, 0, 0, 0, 1, 0
fl41_JPG_jpg.rf.08bf0898ea3973a53865dcc4fb19f59e.jpg, 0, 0, 0, 0, 0, 0, 0, 0, 0, 1, 0, 0, 0, 0, 1, 0, 0, 0, 0, 0, 0, 0, 0, 0, 0
w3_jpg.rf.0904958e3ec4422b2299ac4296d8ab9d.jpg, 0, 0, 0, 0, 0, 0, 0, 0, 0, 0, 0, 0, 0, 0, 0, 0, 0, 0, 0, 0, 0, 0, 0, 0, 1
f65_jpg.rf.088608d11a272cc97eb37eb11f112ca5.jpg, 0, 0, 0, 0, 0, 0, 0, 0, 0, 0, 1, 0, 0, 0, 0, 0, 0, 0, 0, 0, 0, 0, 0, 0, 0
n6_JPG_jpg.rf.08395d3b52c9de681f55e2e9d791f56f.jpg, 0, 0, 0, 0, 0, 1, 0, 0, 0, 0, 0, 0, 0, 0, 0, 0, 0, 0, 1, 0, 0, 0, 0, 0, 0
pa26_JPG_jpg.rf.09ad6ae7c2f38e7d8a5dd17e96a0cc7b.jpg, 0, 0, 0, 0, 0, 0, 0, 0, 0, 0, 0, 0, 0, 0, 0, 0, 0, 0, 0, 0, 1, 0, 0, 0, 0
fu62_JPG_jpg.rf.094d925c8d104f376c35296ac02a4246.jpg, 0, 0, 0, 0, 0, 1, 0, 0, 0, 0, 0, 0, 1, 0, 0, 0, 0, 0, 0, 0, 0, 0, 0, 0, 0
n21_JPG_jpg.rf.096d7ead8aa0e136190f56a9db08049d.jpg, 0, 0, 0, 0, 0, 1, 0, 0, 0, 0, 0, 0, 0, 0, 0, 0, 0, 0, 1, 0, 0, 0, 0, 0, 0
b56_png_jpg.rf.08a69648a37d09f126190e4040411bdb.jpg, 0, 0, 0, 0, 0, 0, 1, 0, 0, 0, 0, 0, 0, 0, 0, 0, 0, 0, 0, 0, 0, 0, 0, 0, 0
m5_jpg.rf.09a76d9dab980cda35877ff5e3c6201a.jpg, 0, 0, 0, 0, 0, 0, 0, 0, 0, 0, 0, 0, 0, 0, 0, 0, 0, 1, 0, 0, 0, 0, 0, 0, 0
p41_jpg.rf.096613eeea6e875fbd44104f71b325c6.jpg, 0, 0, 0, 0, 0, 0, 0, 0, 0, 0, 0, 0, 0, 0, 0, 0, 0, 0, 0, 0, 0, 0, 1, 0, 0
fu50_JPG_jpg.rf.9451f8c2a1de1ae8de0cf99e3698309b.jpg, 0, 0, 0, 0, 0, 1, 0, 0, 0, 0, 0, 0, 1, 0, 0, 0, 0, 0, 0, 0, 0, 0, 0, 0, 0
p32_jpg.rf.942791ccf809c3175d6d0755716b5a01.jpg, 0, 0, 0, 0, 0, 0, 0, 0, 0, 0, 0, 0, 0, 0, 0, 0, 0, 0, 0, 1, 0, 0, 0, 0, 0
ku43_jpg.rf.943fdeadebe4776b5870c95f19fe5adc.jpg, 0, 0, 0, 0, 0, 0, 0, 0, 1, 0, 0, 0, 0, 0, 0, 1, 0, 0, 0, 0, 0, 0, 0, 0, 0
e15_jpg.rf.942aa6d780a04f8e9ed805ad233dd548.jpg, 0, 1, 0, 0, 0, 0, 0, 0, 0, 0, 0, 0, 0, 0, 0, 0, 0, 0, 0, 0, 0, 0, 0, 0, 0
pa4_JPG_jpg.rf.9471aebabea819d26641f386b2b28cef.jpg, 0, 0, 0, 0, 0, 0, 0, 0, 0, 0, 0, 0, 0, 0, 0, 0, 0, 0, 0, 0, 1, 0, 0, 0, 0
fu7_JPG_jpg.rf.948cdd8664f715ffcca5cf00e66e4828.jpg, 0, 0, 0, 0, 0, 1, 0, 0, 0, 0, 0, 0, 1, 0, 0, 0, 0, 0, 0, 0, 0, 0, 0, 0, 0
k61_jpg.rf.94802dae1befe5bb739ccb10d95271a9.jpg, 0, 0, 1, 0, 0, 0, 0, 0, 0, 0, 0, 0, 0, 0, 0, 0, 0, 0, 0, 0, 0, 0, 0, 0, 0
p25_jpg.rf.94afad6d397668b094cd3dcb91f3a3bd.jpg, 0, 0, 0, 0, 0, 0, 0, 0, 0, 0, 0, 0, 0, 0, 0, 0, 0, 0, 0, 1, 0, 0, 0, 0, 0
ku37_jpg.rf.94315c3dee944688caf9e51e7e184d5e.jpg, 0, 0, 0, 0, 0, 0, 0, 0, 1, 0, 0, 0, 0, 0, 0, 1, 0, 0, 0, 0, 0, 0, 0, 0, 0
t18_jpg.rf.9487060015c2d7b2120ba8ccadff066c.jpg, 0, 0, 0, 0, 1, 0, 0, 1, 0, 0, 0, 0, 0, 0, 0, 0, 0, 0, 0, 0, 0, 0, 0, 0, 0
pa36_JPG_jpg.rf.94c63141ee1c687bdbe141ed289827a8.jpg, 0, 0, 0, 0, 0, 0, 0, 0, 0, 0, 0, 0, 0, 0, 0, 0, 0, 0, 0, 0, 1, 0, 0, 0, 0
fl56_JPG_jpg.rf.94e1594b58259f708f4897b31731d8e2.jpg, 0, 0, 0, 0, 0, 0, 0, 0, 0, 1, 0, 0, 0, 0, 1, 0, 0, 0, 0, 0, 0, 0, 0, 0, 0
fl4_JPG_jpg.rf.94e0e19206a595c35608a15a89e52af9.jpg, 0, 0, 0, 0, 0, 0, 0, 0, 0, 1, 0, 0, 0, 0, 1, 0, 0, 0, 0, 0, 0, 0, 0, 0, 0
pa39_JPG_jpg.rf.95383e681699b8b509f7323a4c727d2f.jpg, 0, 0, 0, 0, 0, 0, 0, 0, 0, 0, 0, 0, 0, 0, 0, 0, 0, 0, 0, 0, 1, 0, 0, 0, 0
m74_jpg.rf.94f4ac8408bed0e825a6767985d8cfdf.jpg, 0, 0, 0, 0, 0, 0, 0, 0, 0, 0, 0, 0, 0, 0, 0, 0, 0, 1, 0, 0, 0, 0, 0, 0, 0
f39_jpg.rf.95c1e8fc30b827825e7fc4d3a6badb4d.jpg, 0, 0, 0, 0, 0, 0, 0, 0, 0, 0, 1, 0, 0, 0, 0, 0, 0, 0, 0, 0, 0, 0, 0, 0, 0
fl35_JPG_jpg.rf.93e0a86b1a45976fb975588297e8f8de.jpg, 0, 0, 0, 0, 0, 0, 0, 0, 0, 1, 0, 0, 0, 0, 1, 0, 0, 0, 0, 0, 0, 0, 0, 0, 0
t50_jpg.rf.940e9cf8dbeb5dba75068638d86c4c0f.jpg, 0, 0, 0, 0, 1, 0, 0, 1, 0, 0, 0, 0, 0, 0, 0, 0, 0, 0, 0, 0, 0, 0, 0, 0, 0
p24_JPG_jpg.rf.959f340a7bec7cd9597ec54afda485ef.jpg, 0, 0, 0, 1, 0, 0, 0, 0, 0, 0, 0, 0, 0, 0, 0, 0, 0, 0, 0, 0, 0, 0, 0, 0, 0
fu11_JPG_jpg.rf.9598a856c99ff023ab69c9fa5c272570.jpg, 0, 0, 0, 0, 0, 1, 0, 0, 0, 0, 0, 0, 1, 0, 0, 0, 0, 0, 0, 0, 0, 0, 0, 0, 0
fl64_JPG_jpg.rf.958d55cdac4d945cdfc1668c949c90f5.jpg, 0, 0, 0, 0, 0, 0, 0, 0, 0, 1, 0, 0, 0, 0, 1, 0, 0, 0, 0, 0, 0, 0, 0, 0, 0
k18_jpg.rf.955f4f2fe666b31dbd0706a13861f383.jpg, 0, 0, 1, 0, 0, 0, 0, 0, 0, 0, 0, 0, 0, 0, 0, 0, 0, 0, 0, 0, 0, 0, 0, 0, 0
f1_JPG_jpg.rf.941433a7f44cad0e4658fb240745ab0a.jpg, 0, 0, 0, 0, 0, 1, 0, 0, 0, 0, 0, 1, 0, 0, 0, 0, 0, 0, 0, 0, 0, 0, 0, 0, 0
n42_JPG_jpg.rf.9520adfaf6cf8b161db050f0b1b35e6c.jpg, 0, 0, 0, 0, 0, 1, 0, 0, 0, 0, 0, 0, 0, 0, 0, 0, 0, 0, 1, 0, 0, 0, 0, 0, 0
fl53_JPG_jpg.rf.954a27b22e6bd899361cb41601068698.jpg, 0, 0, 0, 0, 0, 0, 0, 0, 0, 1, 0, 0, 0, 0, 1, 0, 0, 0, 0, 0, 0, 0, 0, 0, 0
n34_JPG_jpg.rf.964c1f83ac047409b198c78f4edc469c.jpg, 0, 0, 0, 0, 0, 1, 0, 0, 0, 0, 0, 0, 0, 0, 0, 0, 0, 0, 1, 0, 0, 0, 0, 0, 0
ku44_jpg.rf.968966f49e8316159d6c6151e5e9ef19.jpg, 0, 0, 0, 0, 0, 0, 0, 0, 1, 0, 0, 0, 0, 0, 0, 1, 0, 0, 0, 0, 0, 0, 0, 0, 0
n6_JPG_jpg.rf.96759c904bf2a36ea371e079b21f7a6b.jpg, 0, 0, 0, 0, 0, 1, 0, 0, 0, 0, 0, 0, 0, 0, 0, 0, 0, 0, 1, 0, 0, 0, 0, 0, 0
ku63_JPG_jpg.rf.971abe928faba7a7ff0946a3645355f8.jpg, 0, 0, 0, 0, 0, 0, 0, 0, 1, 0, 0, 0, 0, 0, 0, 1, 0, 0, 0, 0, 0, 0, 0, 0, 0
p55_jpg.rf.96f7e2a2bb1e6ab44cebf39e5ec650b5.jpg, 0, 0, 0, 0, 0, 0, 0, 0, 0, 0, 0, 0, 0, 0, 0, 0, 0, 0, 0, 0, 0, 0, 1, 0, 0
b28_jpg.rf.9673c9c8dc9b626860ff8ffce99b302f.jpg, 0, 0, 0, 0, 0, 0, 1, 0, 0, 0, 0, 0, 0, 0, 0, 0, 0, 0, 0, 0, 0, 0, 0, 0, 0
k58_jpg.rf.965b83a1c0157bad83ede312f12843a8.jpg, 0, 0, 1, 0, 0, 0, 0, 0, 0, 0, 0, 0, 0, 0, 0, 0, 0, 0, 0, 0, 0, 0, 0, 0, 0
f19_JPG_jpg.rf.966b39d9748dede4c71c9f92d36a5c11.jpg, 0, 0, 0, 0, 0, 1, 0, 0, 0, 0, 0, 1, 0, 0, 0, 0, 0, 0, 0, 0, 0, 0, 0, 0, 0
k66_JPG_jpg.rf.96b964145c84d0fb2221dd9a693ac1e9.jpg, 0, 0, 1, 0, 0, 0, 0, 0, 0, 0, 0, 0, 0, 0, 0, 0, 0, 0, 0, 0, 0, 0, 0, 0, 0
e43_jpg.rf.972019cdce242f97daa5b29aadcd13de.jpg, 0, 1, 0, 0, 0, 0, 0, 0, 0, 0, 0, 0, 0, 0, 0, 0, 0, 0, 0, 0, 0, 0, 0, 0, 0
e51_JPG_jpg.rf.96c00964087b7724ec7a61a47ea16d5a.jpg, 0, 1, 0, 0, 0, 0, 0, 0, 0, 0, 0, 0, 0, 0, 0, 0, 0, 0, 0, 0, 0, 0, 0, 0, 0
fu42_JPG_jpg.rf.9732a2b94918353dd3c07544e44c967f.jpg, 0, 0, 0, 0, 0, 1, 0, 0, 0, 0, 0, 0, 1, 0, 0, 0, 0, 0, 0, 0, 0, 0, 0, 0, 0
f53_jpg.rf.97a4cf8f5162bb3b3feca2928db0cfe6.jpg, 0, 0, 0, 0, 0, 0, 0, 0, 0, 0, 1, 0, 0, 0, 0, 0, 0, 0, 0, 0, 0, 0, 0, 0, 0
r42_jpeg_jpg.rf.982ecc544511a6a170f7b01a7d4aa9d8.jpg, 0, 0, 0, 0, 0, 0, 0, 0, 0, 0, 0, 0, 0, 0, 0, 0, 0, 0, 0, 0, 0, 0, 0, 1, 0
fu30_JPG_jpg.rf.98809984ee5bb3feb8bda8e06aaf5a70.jpg, 0, 0, 0, 0, 0, 1, 0, 0, 0, 0, 0, 0, 1, 0, 0, 0, 0, 0, 0, 0, 0, 0, 0, 0, 0
pa49_JPG_jpg.rf.9769d6d2300c069f5f781644fe44fc03.jpg, 0, 0, 0, 0, 0, 0, 0, 0, 0, 0, 0, 0, 0, 0, 0, 0, 0, 0, 0, 0, 1, 0, 0, 0, 0
t59_jpg.rf.9850360ccacf8387bd4c9a6a202088a8.jpg, 0, 0, 0, 0, 1, 0, 0, 1, 0, 0, 0, 0, 0, 0, 0, 0, 0, 0, 0, 0, 0, 0, 0, 0, 0
n22_JPG_jpg.rf.9872f07eb5374b7cd69559dc668986b9.jpg, 0, 0, 0, 0, 0, 1, 0, 0, 0, 0, 0, 0, 0, 0, 0, 0, 0, 0, 1, 0, 0, 0, 0, 0, 0
f28_jpg.rf.975f374e045ca91f29775be41c2b05dd.jpg, 0, 0, 0, 0, 0, 0, 0, 0, 0, 0, 1, 0, 0, 0, 0, 0, 0, 0, 0, 0, 0, 0, 0, 0, 0
b61_jpg.rf.96d87dad6c6559203e6f732bd29bf212.jpg, 0, 0, 0, 0, 0, 0, 1, 0, 0, 0, 0, 0, 0, 0, 0, 0, 0, 0, 0, 0, 0, 0, 0, 0, 0
n60_JPG_jpg.rf.97cc6e0a55a8fa863143ed5a12f1b977.jpg, 0, 0, 0, 0, 0, 1, 0, 0, 0, 0, 0, 0, 0, 0, 0, 0, 0, 0, 1, 0, 0, 0, 0, 0, 0
f40_jpg.rf.97c397b5e1df495ba42901d5e50c8ed4.jpg, 0, 0, 0, 0, 0, 0, 0, 0, 0, 0, 1, 0, 0, 0, 0, 0, 0, 0, 0, 0, 0, 0, 0, 0, 0
r62_jpg.rf.9868790a1093ae26a50b79af2879b4fd.jpg, 0, 0, 0, 0, 0, 0, 0, 0, 0, 0, 0, 0, 0, 0, 0, 0, 0, 0, 0, 0, 0, 0, 0, 1, 0
fl41_JPG_jpg.rf.983a1fd09cd3c3566beb5ce3558e805a.jpg, 0, 0, 0, 0, 0, 0, 0, 0, 0, 1, 0, 0, 0, 0, 1, 0, 0, 0, 0, 0, 0, 0, 0, 0, 0
fl67_JPG_jpg.rf.980079a7fe8bd4c75497bc4ad53fed3a.jpg, 0, 0, 0, 0, 0, 0, 0, 0, 0, 1, 0, 0, 0, 0, 1, 0, 0, 0, 0, 0, 0, 0, 0, 0, 0
r8_jpg.rf.98ac6076b488c5493c2d09823e143cb7.jpg, 0, 0, 0, 0, 0, 0, 0, 0, 0, 0, 0, 0, 0, 0, 0, 0, 0, 0, 0, 0, 0, 0, 0, 1, 0
m63_png_jpg.rf.989e36b02c0924f4f65c7a6fe82fb139.jpg, 0, 0, 0, 0, 0, 0, 0, 0, 0, 0, 0, 0, 0, 0, 0, 0, 1, 0, 0, 0, 0, 0, 0, 0, 0
f35_JPG_jpg.rf.9917e167b35230ea283a60fd1230faf0.jpg, 0, 0, 0, 0, 0, 1, 0, 0, 0, 0, 0, 1, 0, 0, 0, 0, 0, 0, 0, 0, 0, 0, 0, 0, 0
p70_jpg.rf.99b9f82df96633ed5f40b6283a2db3bc.jpg, 0, 0, 0, 0, 0, 0, 0, 0, 0, 0, 0, 0, 0, 0, 0, 0, 0, 0, 0, 0, 0, 0, 1, 0, 0
r53_jpg.rf.995a9f7334eadda37fecc47a4f186373.jpg, 0, 0, 0, 0, 0, 0, 0, 0, 0, 0, 0, 0, 0, 0, 0, 0, 0, 0, 0, 0, 0, 0, 0, 1, 0
fl58_JPG_jpg.rf.99576f562505f837038940e671e06c20.jpg, 0, 0, 0, 0, 0, 0, 0, 0, 0, 1, 0, 0, 0, 0, 1, 0, 0, 0, 0, 0, 0, 0, 0, 0, 0
m50_jpg.rf.999378f81cfa00f5a45687f4e15ace46.jpg, 0, 0, 0, 0, 0, 0, 0, 0, 0, 0, 0, 0, 0, 0, 0, 0, 1, 0, 0, 0, 0, 0, 0, 0, 0
fl19_JPG_jpg.rf.9a3604d0097b92a9309540ca6f2c645e.jpg, 0, 0, 0, 0, 0, 0, 0, 0, 0, 1, 0, 0, 0, 0, 1, 0, 0, 0, 0, 0, 0, 0, 0, 0, 0
r5_png_jpg.rf.9a5a854e935ac25c6e397153e4ab3498.jpg, 0, 0, 0, 0, 0, 0, 0, 0, 0, 0, 0, 0, 0, 0, 0, 0, 0, 0, 0, 0, 0, 0, 0, 1, 0
n71_JPG_jpg.rf.9a8b01118de798b16b2dad2defbf6724.jpg, 0, 0, 0, 0, 0, 1, 0, 0, 0, 0, 0, 0, 0, 0, 0, 0, 0, 0, 1, 0, 0, 0, 0, 0, 0
d32_jpg.rf.9909f81e02a25679874693f274cf435b.jpg, 1, 0, 0, 0, 0, 0, 0, 0, 0, 0, 0, 0, 0, 0, 0, 0, 0, 0, 0, 0, 0, 1, 0, 0, 0
r2_jpg.rf.989cd9245033b2da199937c81b88f6c0.jpg, 0, 0, 0, 0, 0, 0, 0, 0, 0, 0, 0, 0, 0, 0, 0, 0, 0, 0, 0, 0, 0, 0, 0, 1, 0
ku40_jpg.rf.9ad3b9fa995e2b8a2db975128db9c0a9.jpg, 0, 0, 0, 0, 0, 0, 0, 0, 1, 0, 0, 0, 0, 0, 0, 1, 0, 0, 0, 0, 0, 0, 0, 0, 0
t21_jpg.rf.99cc3b0277ec231db1718641873a310e.jpg, 0, 0, 0, 0, 1, 0, 0, 1, 0, 0, 0, 0, 0, 0, 0, 0, 0, 0, 0, 0, 0, 0, 0, 0, 0
m11_jpg.rf.99d28e8080146a0ee87196fff46177df.jpg, 0, 0, 0, 0, 0, 0, 0, 0, 0, 0, 0, 0, 0, 0, 0, 0, 0, 1, 0, 0, 0, 0, 0, 0, 0
b21_jpg.rf.99d725fc91bd15bfd22bf8fb52d06838.jpg, 0, 0, 0, 0, 0, 0, 1, 0, 0, 0, 0, 0, 0, 0, 0, 0, 0, 0, 0, 0, 0, 0, 0, 0, 0
fu14_JPG_jpg.rf.98e63e254e943c0f6596395d4c26e925.jpg, 0, 0, 0, 0, 0, 1, 0, 0, 0, 0, 0, 0, 1, 0, 0, 0, 0, 0, 0, 0, 0, 0, 0, 0, 0
f47_JPG_jpg.rf.99b76afcd0999dfb7dc8d0fbfb099f84.jpg, 0, 0, 0, 0, 0, 1, 0, 0, 0, 0, 0, 1, 0, 0, 0, 0, 0, 0, 0, 0, 0, 0, 0, 0, 0
k31_jpg.rf.99fe1270580bd6c871cc096ed85ed16d.jpg, 0, 0, 1, 0, 0, 0, 0, 0, 0, 0, 0, 0, 0, 0, 0, 0, 0, 0, 0, 0, 0, 0, 0, 0, 0
ku61_jpg.rf.99146098a18b4d0a17fcd8ec5adf71f2.jpg, 0, 0, 0, 0, 0, 0, 0, 0, 1, 0, 0, 0, 0, 0, 0, 1, 0, 0, 0, 0, 0, 0, 0, 0, 0
w25_jpg.rf.9aa91f41aea11e2ff7c38e2c6c006c74.jpg, 0, 0, 0, 0, 0, 0, 0, 0, 0, 0, 0, 0, 0, 0, 0, 0, 0, 0, 0, 0, 0, 0, 0, 0, 1
w5_jpg.rf.9ae3939dcf7d93389000ccb76d4bd9c0.jpg, 0, 0, 0, 0, 0, 0, 0, 0, 0, 0, 0, 0, 0, 0, 0, 0, 0, 0, 0, 0, 0, 0, 0, 0, 1
fl31_JPG_jpg.rf.992e7c965cb32b35cd0b2da22316ca95.jpg, 0, 0, 0, 0, 0, 0, 0, 0, 0, 1, 0, 0, 0, 0, 1, 0, 0, 0, 0, 0, 0, 0, 0, 0, 0
p36_JPG_jpg.rf.9adc8c357a6185f7bb5b7b4554f386cd.jpg, 0, 0, 0, 1, 0, 0, 0, 0, 0, 0, 0, 0, 0, 0, 0, 0, 0, 0, 0, 0, 0, 0, 0, 0, 0
n1_JPG_jpg.rf.9a9e638d00f68f9bb83bdc610dfbc770.jpg, 0, 0, 0, 0, 0, 1, 0, 0, 0, 0, 0, 0, 0, 0, 0, 0, 0, 0, 1, 0, 0, 0, 0, 0, 0
m45_png_jpg.rf.9bbebcb00b716c2f1ec7c4859e381598.jpg, 0, 0, 0, 0, 0, 0, 0, 0, 0, 0, 0, 0, 0, 0, 0, 0, 0, 1, 0, 0, 0, 0, 0, 0, 0
m32_jpg.rf.9b06601920498085060ecb8125ebeed2.jpg, 0, 0, 0, 0, 0, 0, 0, 0, 0, 0, 0, 0, 0, 0, 0, 0, 0, 1, 0, 0, 0, 0, 0, 0, 0
r12_jpg.rf.9b24216e52ee33cd0ab97b2699bee54c.jpg, 0, 0, 0, 0, 0, 0, 0, 0, 0, 0, 0, 0, 0, 0, 0, 0, 0, 0, 0, 0, 0, 0, 0, 1, 0
h46_jpg.rf.9b7969ece0d92780e4b9cba6ee988c7c.jpg, 0, 0, 0, 0, 0, 0, 0, 0, 0, 0, 0, 0, 0, 1, 0, 0, 0, 0, 0, 0, 0, 0, 0, 0, 0
p61_JPG_jpg.rf.9b1aa3e6834d18099a35c86839d42008.jpg, 0, 0, 0, 1, 0, 0, 0, 0, 0, 0, 0, 0, 0, 0, 0, 0, 0, 0, 0, 0, 0, 0, 0, 0, 0
w13_jpg.rf.9be9a3dbaf8a22badcd10d6e6fd6858d.jpg, 0, 0, 0, 0, 0, 0, 0, 0, 0, 0, 0, 0, 0, 0, 0, 0, 0, 0, 0, 0, 0, 0, 0, 0, 1
fu67_JPG_jpg.rf.9be31872a39a17c501d66394ffb067de.jpg, 0, 0, 0, 0, 0, 1, 0, 0, 0, 0, 0, 0, 1, 0, 0, 0, 0, 0, 0, 0, 0, 0, 0, 0, 0
d4_png_jpg.rf.9b83ac6d3d3856802c66d7d90d0b478c.jpg, 1, 0, 0, 0, 0, 0, 0, 0, 0, 0, 0, 0, 0, 0, 0, 0, 0, 0, 0, 0, 0, 1, 0, 0, 0
fl35_JPG_jpg.rf.9c9ccaa85a3d78a7641e14e1c2e55f19.jpg, 0, 0, 0, 0, 0, 0, 0, 0, 0, 1, 0, 0, 0, 0, 1, 0, 0, 0, 0, 0, 0, 0, 0, 0, 0
d42_jpg.rf.9cc9bdfa95bea6a9cd8c599e51b39e4f.jpg, 1, 0, 0, 0, 0, 0, 0, 0, 0, 0, 0, 0, 0, 0, 0, 0, 0, 0, 0, 0, 0, 1, 0, 0, 0
fu37_JPG_jpg.rf.9c34bf6994f9e1622d02c80eb29c0427.jpg, 0, 0, 0, 0, 0, 1, 0, 0, 0, 0, 0, 0, 1, 0, 0, 0, 0, 0, 0, 0, 0, 0, 0, 0, 0
b8_jpg.rf.9cccdf2608d923ddb1ef9c2c24f37f20.jpg, 0, 0, 0, 0, 0, 0, 1, 0, 0, 0, 0, 0, 0, 0, 0, 0, 0, 0, 0, 0, 0, 0, 0, 0, 0
p67_jpg.rf.9cc51793341d5ed7bcf6cd5d32ff7fae.jpg, 0, 0, 0, 0, 0, 0, 0, 0, 0, 0, 0, 0, 0, 0, 0, 0, 0, 0, 0, 0, 0, 0, 1, 0, 0
fl12_JPG_jpg.rf.9d8e9c97e61b99026f7363aa5f3d8b12.jpg, 0, 0, 0, 0, 0, 0, 0, 0, 0, 1, 0, 0, 0, 0, 1, 0, 0, 0, 0, 0, 0, 0, 0, 0, 0
b45_jpg.rf.9d7b31ba7dc859aa2c35fbe19acd4c00.jpg, 0, 0, 0, 0, 0, 0, 1, 0, 0, 0, 0, 0, 0, 0, 0, 0, 0, 0, 0, 0, 0, 0, 0, 0, 0
m4_jpg.rf.9d2d6167cb44a31bdab3f534ff9eaf7d.jpg, 0, 0, 0, 0, 0, 0, 0, 0, 0, 0, 0, 0, 0, 0, 0, 0, 0, 1, 0, 0, 0, 0, 0, 0, 0
ku62_jpg.rf.9d4308edd06587d5fdde7e38e92ab737.jpg, 0, 0, 0, 0, 0, 0, 0, 0, 1, 0, 0, 0, 0, 0, 0, 1, 0, 0, 0, 0, 0, 0, 0, 0, 0
fu28_JPG_jpg.rf.9ca239724c01edd2d4deaeba3fc575a5.jpg, 0, 0, 0, 0, 0, 1, 0, 0, 0, 0, 0, 0, 1, 0, 0, 0, 0, 0, 0, 0, 0, 0, 0, 0, 0
e5_jpg.rf.9cdacbb09ddc5b2ccdb2aefba719de1d.jpg, 0, 1, 0, 0, 0, 0, 0, 0, 0, 0, 0, 0, 0, 0, 0, 0, 0, 0, 0, 0, 0, 0, 0, 0, 0
fl49_JPG_jpg.rf.9c01545be34937d4a5c5676025f5ac60.jpg, 0, 0, 0, 0, 0, 0, 0, 0, 0, 1, 0, 0, 0, 0, 1, 0, 0, 0, 0, 0, 0, 0, 0, 0, 0
f40_jpg.rf.9d1da3dd16604217749a330d1ecd1da5.jpg, 0, 0, 0, 0, 0, 0, 0, 0, 0, 0, 1, 0, 0, 0, 0, 0, 0, 0, 0, 0, 0, 0, 0, 0, 0
f1_jpg.rf.9da3ea135d9de7f6cace3108eebcbc18.jpg, 0, 0, 0, 0, 0, 0, 0, 0, 0, 0, 1, 0, 0, 0, 0, 0, 0, 0, 0, 0, 0, 0, 0, 0, 0
p45_jpg.rf.9cac4edba7fd70ceb2414d583166ec20.jpg, 0, 0, 0, 0, 0, 0, 0, 0, 0, 0, 0, 0, 0, 0, 0, 0, 0, 0, 0, 1, 0, 0, 0, 0, 0
pa47_JPG_jpg.rf.9de5262fa21b1f8fed549740ab373868.jpg, 0, 0, 0, 0, 0, 0, 0, 0, 0, 0, 0, 0, 0, 0, 0, 0, 0, 0, 0, 0, 1, 0, 0, 0, 0
m35_png_jpg.rf.9dd390a9d6008796732d6aebcbca0943.jpg, 0, 0, 0, 0, 0, 0, 0, 0, 0, 0, 0, 0, 0, 0, 0, 0, 0, 1, 0, 0, 0, 0, 0, 0, 0
b38_jpg.rf.9ddf3e6f4f8f58392f31280615deeb9a.jpg, 0, 0, 0, 0, 0, 0, 1, 0, 0, 0, 0, 0, 0, 0, 0, 0, 0, 0, 0, 0, 0, 0, 0, 0, 0
fl33_JPG_jpg.rf.9e22d9ca2e132822d7373b6c9dd4377b.jpg, 0, 0, 0, 0, 0, 0, 0, 0, 0, 1, 0, 0, 0, 0, 1, 0, 0, 0, 0, 0, 0, 0, 0, 0, 0
r57_jpg.rf.9e75eeac6a75224f8f890baff7874bd5.jpg, 0, 0, 0, 0, 0, 0, 0, 0, 0, 0, 0, 0, 0, 0, 0, 0, 0, 0, 0, 0, 0, 0, 0, 1, 0
p31_jpg.rf.9ed4be8bcd6a6ee7f3d850672d85733b.jpg, 0, 0, 0, 0, 0, 0, 0, 0, 0, 0, 0, 0, 0, 0, 0, 0, 0, 0, 0, 0, 0, 0, 1, 0, 0
f14_JPG_jpg.rf.9e94a4b3261d916299b3de2bbe9da843.jpg, 0, 0, 0, 0, 0, 0, 0, 0, 0, 0, 1, 0, 0, 0, 0, 0, 0, 0, 0, 0, 0, 0, 0, 0, 0
t19_jpg.rf.9f6f29f762c31864a4ecf80d822eb00a.jpg, 0, 0, 0, 0, 1, 0, 0, 1, 0, 0, 0, 0, 0, 0, 0, 0, 0, 0, 0, 0, 0, 0, 0, 0, 0
e42_JPG_jpg.rf.9f24154a925793745bc4a10104789c1e.jpg, 0, 1, 0, 0, 0, 0, 0, 0, 0, 0, 0, 0, 0, 0, 0, 0, 0, 0, 0, 0, 0, 0, 0, 0, 0
ku44_jpg.rf.9e486e70480f6cf98484e7b0f5d27e02.jpg, 0, 0, 0, 0, 0, 0, 0, 0, 1, 0, 0, 0, 0, 0, 0, 1, 0, 0, 0, 0, 0, 0, 0, 0, 0
m4_JPG_jpg.rf.9f606847b0d958eec2362658887cf8db.jpg, 0, 0, 0, 0, 0, 0, 0, 0, 0, 0, 0, 0, 0, 0, 0, 0, 1, 0, 0, 0, 0, 0, 0, 0, 0
w12_jpg.rf.9eb6a531a613df0d45b6b06e8e5acf39.jpg, 0, 0, 0, 0, 0, 0, 0, 0, 0, 0, 0, 0, 0, 0, 0, 0, 0, 0, 0, 0, 0, 0, 0, 0, 1
m36_jpg.rf.9e99a52da3c6413ccaf5dbafba84fd5f.jpg, 0, 0, 0, 0, 0, 0, 0, 0, 0, 0, 0, 0, 0, 0, 0, 0, 0, 1, 0, 0, 0, 0, 0, 0, 0
p39_JPG_jpg.rf.9f250a1058baa4ce7bce1b899a182c64.jpg, 0, 0, 0, 1, 0, 0, 0, 0, 0, 0, 0, 0, 0, 0, 0, 0, 0, 0, 0, 0, 0, 0, 0, 0, 0
fl21_JPG_jpg.rf.a033b19a9614ec9b42dc153212cd81f2.jpg, 0, 0, 0, 0, 0, 0, 0, 0, 0, 1, 0, 0, 0, 0, 1, 0, 0, 0, 0, 0, 0, 0, 0, 0, 0
n63_JPG_jpg.rf.9fca502e1b46788ee4ab3df1ed3289ab.jpg, 0, 0, 0, 0, 0, 1, 0, 0, 0, 0, 0, 0, 0, 0, 0, 0, 0, 0, 1, 0, 0, 0, 0, 0, 0
fu55_JPG_jpg.rf.9fcb08cea4b1868afc01a28d595c29e7.jpg, 0, 0, 0, 0, 0, 1, 0, 0, 0, 0, 0, 0, 1, 0, 0, 0, 0, 0, 0, 0, 0, 0, 0, 0, 0
p51_jpg.rf.9e2a4521f0090c6b9d6baf192e8d82fd.jpg, 0, 0, 0, 0, 0, 0, 0, 0, 0, 0, 0, 0, 0, 0, 0, 0, 0, 0, 0, 1, 0, 0, 0, 0, 0
w8_jpg.rf.9f9c214f2747ac207b403a6fc4db3574.jpg, 0, 0, 0, 0, 0, 0, 0, 0, 0, 0, 0, 0, 0, 0, 0, 0, 0, 0, 0, 0, 0, 0, 0, 0, 1
f38_JPG_jpg.rf.9ffd2eac4b272d12a46a48363ec29041.jpg, 0, 0, 0, 0, 0, 1, 0, 0, 0, 0, 0, 1, 0, 0, 0, 0, 0, 0, 0, 0, 0, 0, 0, 0, 0
b47_jpg.rf.9f144de3ab4ab6b0537aa6ee0f7686af.jpg, 0, 0, 0, 0, 0, 0, 1, 0, 0, 0, 0, 0, 0, 0, 0, 0, 0, 0, 0, 0, 0, 0, 0, 0, 0
b15_jpg.rf.9f63a35c782c422db507579256de382a.jpg, 0, 0, 0, 0, 0, 0, 1, 0, 0, 0, 0, 0, 0, 0, 0, 0, 0, 0, 0, 0, 0, 0, 0, 0, 0
fl47_JPG_jpg.rf.9fa0da22d0ed1f24a2aeab228b8f8ad0.jpg, 0, 0, 0, 0, 0, 0, 0, 0, 0, 1, 0, 0, 0, 0, 1, 0, 0, 0, 0, 0, 0, 0, 0, 0, 0
e14_jpg.rf.9fd63cb3bcda763e2d41d19490f35b76.jpg, 0, 1, 0, 0, 0, 0, 0, 0, 0, 0, 0, 0, 0, 0, 0, 0, 0, 0, 0, 0, 0, 0, 0, 0, 0
t40_JPG_jpg.rf.a025539aa1e7d9df3f3460b657797249.jpg, 0, 0, 0, 0, 1, 0, 0, 1, 0, 0, 0, 0, 0, 0, 0, 0, 0, 0, 0, 0, 0, 0, 0, 0, 0
f69_JPG_jpg.rf.a03911a06b7721e5171af7f007b93ba5.jpg, 0, 0, 0, 0, 0, 1, 0, 0, 0, 0, 0, 1, 0, 0, 0, 0, 0, 0, 0, 0, 0, 0, 0, 0, 0
ku13_JPG_jpg.rf.9e79e39acebd2556c5a0f82701c2ae35.jpg, 0, 0, 0, 0, 0, 0, 0, 0, 1, 0, 0, 0, 0, 0, 0, 1, 0, 0, 0, 0, 0, 0, 0, 0, 0
f48_JPG_jpg.rf.9fdc3fcff29b2236d8c918b4160a5d12.jpg, 0, 0, 0, 0, 0, 1, 0, 0, 0, 0, 0, 1, 0, 0, 0, 0, 0, 0, 0, 0, 0, 0, 0, 0, 0
b13_jpg.rf.a06d5942c303ad037a41ea417eb06766.jpg, 0, 0, 0, 0, 0, 0, 1, 0, 0, 0, 0, 0, 0, 0, 0, 0, 0, 0, 0, 0, 0, 0, 0, 0, 0
fl4_JPG_jpg.rf.a06f5523605a023be8022aa7acee81b4.jpg, 0, 0, 0, 0, 0, 0, 0, 0, 0, 1, 0, 0, 0, 0, 1, 0, 0, 0, 0, 0, 0, 0, 0, 0, 0
n20_JPG_jpg.rf.a071e097072293629ab6e37c14fdadd3.jpg, 0, 0, 0, 0, 0, 1, 0, 0, 0, 0, 0, 0, 0, 0, 0, 0, 0, 0, 1, 0, 0, 0, 0, 0, 0
m54_jpg.rf.a0c1bd87445f6e899dd002f1ff1be60a.jpg, 0, 0, 0, 0, 0, 0, 0, 0, 0, 0, 0, 0, 0, 0, 0, 0, 1, 0, 0, 0, 0, 0, 0, 0, 0
b2_jpg.rf.a1c133a46428ac771a574ae93521981a.jpg, 0, 0, 0, 0, 0, 0, 1, 0, 0, 0, 0, 0, 0, 0, 0, 0, 0, 0, 0, 0, 0, 0, 0, 0, 0
n27_JPG_jpg.rf.a20426dd77243b00211ab1fd7771ec9e.jpg, 0, 0, 0, 0, 0, 1, 0, 0, 0, 0, 0, 0, 0, 0, 0, 0, 0, 0, 1, 0, 0, 0, 0, 0, 0
m33_jpg.rf.a0f671f9ef0d03d6840d197fcf19fac0.jpg, 0, 0, 0, 0, 0, 0, 0, 0, 0, 0, 0, 0, 0, 0, 0, 0, 1, 0, 0, 0, 0, 0, 0, 0, 0
n61_JPG_jpg.rf.a22b2f12071875a609645ae9c9b8d0c9.jpg, 0, 0, 0, 0, 0, 1, 0, 0, 0, 0, 0, 0, 0, 0, 0, 0, 0, 0, 1, 0, 0, 0, 0, 0, 0
f27_JPG_jpg.rf.a1eb56ce1a4d4dec01eb4a2640a84838.jpg, 0, 0, 0, 0, 0, 1, 0, 0, 0, 0, 0, 1, 0, 0, 0, 0, 0, 0, 0, 0, 0, 0, 0, 0, 0
r64_png_jpg.rf.a110745841577bf4991b61a3a3ece0db.jpg, 0, 0, 0, 0, 0, 0, 0, 0, 0, 0, 0, 0, 0, 0, 0, 0, 0, 0, 0, 0, 0, 0, 0, 1, 0
p6_jpg.rf.a12a695314dfc293740b7e5903e6642e.jpg, 0, 0, 0, 0, 0, 0, 0, 0, 0, 0, 0, 0, 0, 0, 0, 0, 0, 0, 0, 0, 0, 0, 1, 0, 0
f54_JPG_jpg.rf.a2827f596e9ab98d324da8f8838957e1.jpg, 0, 0, 0, 0, 0, 1, 0, 0, 0, 0, 0, 1, 0, 0, 0, 0, 0, 0, 0, 0, 0, 0, 0, 0, 0
m1_jpg.rf.a26456fffb64c6be67bddb134a09d385.jpg, 0, 0, 0, 0, 0, 0, 0, 0, 0, 0, 0, 0, 0, 0, 0, 0, 1, 0, 0, 0, 0, 0, 0, 0, 0
p54_jpg.rf.a2da795cedd649564653d9d97cb0f728.jpg, 0, 0, 0, 0, 0, 0, 0, 0, 0, 0, 0, 0, 0, 0, 0, 0, 0, 0, 0, 1, 0, 0, 0, 0, 0
ku62_jpg.rf.a20e01b6d94b4c02b6683f94fa4afc20.jpg, 0, 0, 0, 0, 0, 0, 0, 0, 1, 0, 0, 0, 0, 0, 0, 1, 0, 0, 0, 0, 0, 0, 0, 0, 0
fl34_JPG_jpg.rf.a2f1964d70e428672598ab8a16d55965.jpg, 0, 0, 0, 0, 0, 0, 0, 0, 0, 1, 0, 0, 0, 0, 1, 0, 0, 0, 0, 0, 0, 0, 0, 0, 0
b25_jpg.rf.a2e0bab0b54e28825f58218204953490.jpg, 0, 0, 0, 0, 0, 0, 1, 0, 0, 0, 0, 0, 0, 0, 0, 0, 0, 0, 0, 0, 0, 0, 0, 0, 0
b45_jpg.rf.a392a2f590218e58c96177570ac39f17.jpg, 0, 0, 0, 0, 0, 0, 1, 0, 0, 0, 0, 0, 0, 0, 0, 0, 0, 0, 0, 0, 0, 0, 0, 0, 0
d32_jpg.rf.a37f91386dfbf2bcef9065402406acee.jpg, 1, 0, 0, 0, 0, 0, 0, 0, 0, 0, 0, 0, 0, 0, 0, 0, 0, 0, 0, 0, 0, 1, 0, 0, 0
fl57_JPG_jpg.rf.a3642859972ebce7d5426b131a8e40f8.jpg, 0, 0, 0, 0, 0, 0, 0, 0, 0, 1, 0, 0, 0, 0, 1, 0, 0, 0, 0, 0, 0, 0, 0, 0, 0
m75_jpg.rf.a18a1694e6f331a7553a1b8340771f31.jpg, 0, 0, 0, 0, 0, 0, 0, 0, 0, 0, 0, 0, 0, 0, 0, 0, 0, 1, 0, 0, 0, 0, 0, 0, 0
e13_jpg.rf.a18751817ab901df3e8e7c8371a50b2c.jpg, 0, 1, 0, 0, 0, 0, 0, 0, 0, 0, 0, 0, 0, 0, 0, 0, 0, 0, 0, 0, 0, 0, 0, 0, 0
p5_jpg.rf.a2a99549848005e53c0bf9fcfe55d92f.jpg, 0, 0, 0, 0, 0, 0, 0, 0, 0, 0, 0, 0, 0, 0, 0, 0, 0, 0, 0, 0, 0, 0, 1, 0, 0
e14_jpg.rf.a382e3c0ed0716e25645f3a1e8c747a1.jpg, 0, 1, 0, 0, 0, 0, 0, 0, 0, 0, 0, 0, 0, 0, 0, 0, 0, 0, 0, 0, 0, 0, 0, 0, 0
k29_jpg.rf.a3cc2707a7f2f64902858d6151f8017b.jpg, 0, 0, 1, 0, 0, 0, 0, 0, 0, 0, 0, 0, 0, 0, 0, 0, 0, 0, 0, 0, 0, 0, 0, 0, 0
f35_JPG_jpg.rf.a3ab5064c893694a0c68dc6eae15d7be.jpg, 0, 0, 0, 0, 0, 1, 0, 0, 0, 0, 0, 1, 0, 0, 0, 0, 0, 0, 0, 0, 0, 0, 0, 0, 0
fl22_JPG_jpg.rf.a3d74dee5b25c548a99091efb1831997.jpg, 0, 0, 0, 0, 0, 0, 0, 0, 0, 1, 0, 0, 0, 0, 1, 0, 0, 0, 0, 0, 0, 0, 0, 0, 0
f49_JPG_jpg.rf.a3daa302259355ea88098f09a306c8a6.jpg, 0, 0, 0, 0, 0, 1, 0, 0, 0, 0, 0, 1, 0, 0, 0, 0, 0, 0, 0, 0, 0, 0, 0, 0, 0
r75_jpg.rf.a2ffa17ef30baa0673db075216d4db18.jpg, 0, 0, 0, 0, 0, 0, 0, 0, 0, 0, 0, 0, 0, 0, 0, 0, 0, 0, 0, 0, 0, 0, 0, 1, 0
f60_JPG_jpg.rf.a483aa6eb04759bd6f691e9004854ffc.jpg, 0, 0, 0, 0, 0, 0, 0, 0, 0, 0, 1, 0, 0, 0, 0, 0, 0, 0, 0, 0, 0, 0, 0, 0, 0
w40_jpg.rf.a603c2be0467cfc66c7879ef26f70d70.jpg, 0, 0, 0, 0, 0, 0, 0, 0, 0, 0, 0, 0, 0, 0, 0, 0, 0, 0, 0, 0, 0, 0, 0, 0, 1
f52_jpg.rf.a510a8e0c97d7c66d3ff91afb0625d81.jpg, 0, 0, 0, 0, 0, 0, 0, 0, 0, 0, 1, 0, 0, 0, 0, 0, 0, 0, 0, 0, 0, 0, 0, 0, 0
w21_jpg.rf.a4f87be2cbb80278ba3cfe96329a2078.jpg, 0, 0, 0, 0, 0, 0, 0, 0, 0, 0, 0, 0, 0, 0, 0, 0, 0, 0, 0, 0, 0, 0, 0, 0, 1
p25_JPG_jpg.rf.a694e9db848d5bc800394ff2ce3ebe0d.jpg, 0, 0, 0, 1, 0, 0, 0, 0, 0, 0, 0, 0, 0, 0, 0, 0, 0, 0, 0, 0, 0, 0, 0, 0, 0
t49_JPG_jpg.rf.a58f4b7937dd1daf6160ed3155c25769.jpg, 0, 0, 0, 0, 1, 0, 0, 1, 0, 0, 0, 0, 0, 0, 0, 0, 0, 0, 0, 0, 0, 0, 0, 0, 0
n8_JPG_jpg.rf.a5ef027eb6104092e6fe74a912fbe130.jpg, 0, 0, 0, 0, 0, 1, 0, 0, 0, 0, 0, 0, 0, 0, 0, 0, 0, 0, 1, 0, 0, 0, 0, 0, 0
pa67_JPG_jpg.rf.a6d765e865e5d2d48ba77fb87202f740.jpg, 0, 0, 0, 0, 0, 0, 0, 0, 0, 0, 0, 0, 0, 0, 0, 0, 0, 0, 0, 0, 1, 0, 0, 0, 0
h70_jpg.rf.a5515a90b19ad6722ec662a2ff9b083d.jpg, 0, 0, 0, 0, 0, 0, 0, 0, 0, 0, 0, 0, 0, 1, 0, 0, 0, 0, 0, 0, 0, 0, 0, 0, 0
n57_JPG_jpg.rf.a7224da81ba457396a0777ed5ce262a2.jpg, 0, 0, 0, 0, 0, 1, 0, 0, 0, 0, 0, 0, 0, 0, 0, 0, 0, 0, 1, 0, 0, 0, 0, 0, 0
r47_JPG_jpg.rf.a6c40c75fbadd229657709c674edfc44.jpg, 0, 0, 0, 0, 0, 0, 0, 0, 0, 0, 0, 0, 0, 0, 0, 0, 0, 0, 0, 0, 0, 0, 0, 1, 0
m15_jpg.rf.a6399795f0ecfba903f609a2c0d0ca15.jpg, 0, 0, 0, 0, 0, 0, 0, 0, 0, 0, 0, 0, 0, 0, 0, 0, 0, 1, 0, 0, 0, 0, 0, 0, 0
w28_jpg.rf.a735dcdf3a6c43ea9d20ed6ebff7e906.jpg, 0, 0, 0, 0, 0, 0, 0, 0, 0, 0, 0, 0, 0, 0, 0, 0, 0, 0, 0, 0, 0, 0, 0, 0, 1
k28_jpg.rf.a40b24a728bf19e70e2abaa72f7f9ec0.jpg, 0, 0, 1, 0, 0, 0, 0, 0, 0, 0, 0, 0, 0, 0, 0, 0, 0, 0, 0, 0, 0, 0, 0, 0, 0
ku65_jpg.rf.a4bc262eb82888f0062cbb95c7d79886.jpg, 0, 0, 0, 0, 0, 0, 0, 0, 1, 0, 0, 0, 0, 0, 0, 1, 0, 0, 0, 0, 0, 0, 0, 0, 0
ku51_jpg.rf.a68acc4d11900c6ae08c59d386783220.jpg, 0, 0, 0, 0, 0, 0, 0, 0, 1, 0, 0, 0, 0, 0, 0, 1, 0, 0, 0, 0, 0, 0, 0, 0, 0
p56_JPG_jpg.rf.a629abfb60dd340a8b146aa499e4db7e.jpg, 0, 0, 0, 1, 0, 0, 0, 0, 0, 0, 0, 0, 0, 0, 0, 0, 0, 0, 0, 0, 0, 0, 0, 0, 0
p42_png_jpg.rf.a72cdb8985715787b0e5367641c5232c.jpg, 0, 0, 0, 0, 0, 0, 0, 0, 0, 0, 0, 0, 0, 0, 0, 0, 0, 0, 0, 1, 0, 0, 0, 0, 0
p29_JPG_jpg.rf.a75b36af9d456ad0834f4d0ac851bec9.jpg, 0, 0, 0, 0, 0, 0, 0, 0, 0, 0, 0, 0, 0, 0, 0, 0, 0, 0, 0, 0, 0, 0, 1, 0, 0
d43_jpg.rf.a538cbbfa92c85a85c917a3bf0366e7b.jpg, 1, 0, 0, 0, 0, 0, 0, 0, 0, 0, 0, 0, 0, 0, 0, 0, 0, 0, 0, 0, 0, 1, 0, 0, 0
d2_jpg.rf.a6eb0514415a3da6ceb6341bad4fa55d.jpg, 1, 0, 0, 0, 0, 0, 0, 0, 0, 0, 0, 0, 0, 0, 0, 0, 0, 0, 0, 0, 0, 1, 0, 0, 0
d15_png_jpg.rf.a3ea3516d6cc69c893e00cada47ab104.jpg, 1, 0, 0, 0, 0, 0, 0, 0, 0, 0, 0, 0, 0, 0, 0, 0, 0, 0, 0, 0, 0, 1, 0, 0, 0
b19_jpg.rf.a6693be9485dc3b45c2ca7ce65888414.jpg, 0, 0, 0, 0, 0, 0, 1, 0, 0, 0, 0, 0, 0, 0, 0, 0, 0, 0, 0, 0, 0, 0, 0, 0, 0
r39_JPG_jpg.rf.a7887b7165540763ef1d5df849381d5b.jpg, 0, 0, 0, 0, 0, 0, 0, 0, 0, 0, 0, 0, 0, 0, 0, 0, 0, 0, 0, 0, 0, 0, 0, 1, 0
e62_JPG_jpg.rf.a5bc7b37fdaf25ff10d049f0b15b8226.jpg, 0, 1, 0, 0, 0, 0, 0, 0, 0, 0, 0, 0, 0, 0, 0, 0, 0, 0, 0, 0, 0, 0, 0, 0, 0
k17_jpg.rf.a75b5fe4af41d68e9d33c71adca9c809.jpg, 0, 0, 1, 0, 0, 0, 0, 0, 0, 0, 0, 0, 0, 0, 0, 0, 0, 0, 0, 0, 0, 0, 0, 0, 0
m61_jpg.rf.a77eb8a4d24039542aef5f4302407926.jpg, 0, 0, 0, 0, 0, 0, 0, 0, 0, 0, 0, 0, 0, 0, 0, 0, 1, 0, 0, 0, 0, 0, 0, 0, 0
m2_jpg.rf.a7c5e1b287a46e070d52ada4f7e54e2e.jpg, 0, 0, 0, 0, 0, 0, 0, 0, 0, 0, 0, 0, 0, 0, 0, 0, 1, 0, 0, 0, 0, 0, 0, 0, 0
f47_jpg.rf.a7f05d956e76338d034d2362f27a347c.jpg, 0, 0, 0, 0, 0, 0, 0, 0, 0, 0, 1, 0, 0, 0, 0, 0, 0, 0, 0, 0, 0, 0, 0, 0, 0
k69_JPG_jpg.rf.a8612a38fc160119951edcabefb66bec.jpg, 0, 0, 1, 0, 0, 0, 0, 0, 0, 0, 0, 0, 0, 0, 0, 0, 0, 0, 0, 0, 0, 0, 0, 0, 0
k15_jpg.rf.a8b3c5de07d1c36809e3dc1ac7e16db9.jpg, 0, 0, 1, 0, 0, 0, 0, 0, 0, 0, 0, 0, 0, 0, 0, 0, 0, 0, 0, 0, 0, 0, 0, 0, 0
pa6_JPG_jpg.rf.a8071360cfa557c7c7edf76629c613d0.jpg, 0, 0, 0, 0, 0, 0, 0, 0, 0, 0, 0, 0, 0, 0, 0, 0, 0, 0, 0, 0, 1, 0, 0, 0, 0
t43_JPG_jpg.rf.a96e64821267231fbe60bcc97b7efc95.jpg, 0, 0, 0, 0, 1, 0, 0, 1, 0, 0, 0, 0, 0, 0, 0, 0, 0, 0, 0, 0, 0, 0, 0, 0, 0
m57_jpeg_jpg.rf.a84f0487c3811a69807727da8bd307ca.jpg, 0, 0, 0, 0, 0, 0, 0, 0, 0, 0, 0, 0, 0, 0, 0, 0, 1, 0, 0, 0, 0, 0, 0, 0, 0
e24_jpg.rf.a894d27ead344f5e9e3a5af41f4ed247.jpg, 0, 1, 0, 0, 0, 0, 0, 0, 0, 0, 0, 0, 0, 0, 0, 0, 0, 0, 0, 0, 0, 0, 0, 0, 0
r27_jpg.rf.a8cbdeac06000613e5c01987b349391b.jpg, 0, 0, 0, 0, 0, 0, 0, 0, 0, 0, 0, 0, 0, 0, 0, 0, 0, 0, 0, 0, 0, 0, 0, 1, 0
fl47_JPG_jpg.rf.a86b95e15eec0c117e6d998adb66ada6.jpg, 0, 0, 0, 0, 0, 0, 0, 0, 0, 1, 0, 0, 0, 0, 1, 0, 0, 0, 0, 0, 0, 0, 0, 0, 0
fl56_JPG_jpg.rf.a87e4bee7ebe3ddc2d5e2e90887286a0.jpg, 0, 0, 0, 0, 0, 0, 0, 0, 0, 1, 0, 0, 0, 0, 1, 0, 0, 0, 0, 0, 0, 0, 0, 0, 0
m72_jpg.rf.a8962cd6e7d9054b4f9cf4fcf8ed28ef.jpg, 0, 0, 0, 0, 0, 0, 0, 0, 0, 0, 0, 0, 0, 0, 0, 0, 0, 1, 0, 0, 0, 0, 0, 0, 0
fl16_JPG_jpg.rf.a79f6a3f42cc15d620b74e55c7041bcf.jpg, 0, 0, 0, 0, 0, 0, 0, 0, 0, 1, 0, 0, 0, 0, 1, 0, 0, 0, 0, 0, 0, 0, 0, 0, 0
b42_jpg.rf.a875bc63ea7650dec54d820436c8d4ee.jpg, 0, 0, 0, 0, 0, 0, 1, 0, 0, 0, 0, 0, 0, 0, 0, 0, 0, 0, 0, 0, 0, 0, 0, 0, 0
f47_jpg.rf.a8320c9d5dd5aeaebee4def85ec32534.jpg, 0, 0, 0, 0, 0, 0, 0, 0, 0, 0, 1, 0, 0, 0, 0, 0, 0, 0, 0, 0, 0, 0, 0, 0, 0
p42_jpg.rf.a8414b226f59817cb47981a7b54034dd.jpg, 0, 0, 0, 0, 0, 0, 0, 0, 0, 0, 0, 0, 0, 0, 0, 0, 0, 0, 0, 0, 0, 0, 1, 0, 0
b46_jpg.rf.a87819283680db1e4bea08238cdbd950.jpg, 0, 0, 0, 0, 0, 0, 1, 0, 0, 0, 0, 0, 0, 0, 0, 0, 0, 0, 0, 0, 0, 0, 0, 0, 0
m13_jpg.rf.a9b5cb4fe8f542cd3bde5e57667b2a8e.jpg, 0, 0, 0, 0, 0, 0, 0, 0, 0, 0, 0, 0, 0, 0, 0, 0, 0, 1, 0, 0, 0, 0, 0, 0, 0
b59_jpg.rf.a9a8da04d7992bac968f280dfbf3d530.jpg, 0, 0, 0, 0, 0, 0, 1, 0, 0, 0, 0, 0, 0, 0, 0, 0, 0, 0, 0, 0, 0, 0, 0, 0, 0
b30_jpg.rf.a8e62a96faeb2cf2528d2ba4077d0752.jpg, 0, 0, 0, 0, 0, 0, 1, 0, 0, 0, 0, 0, 0, 0, 0, 0, 0, 0, 0, 0, 0, 0, 0, 0, 0
f63_jpg.rf.a991112083c4caf68b161717f30893bb.jpg, 0, 0, 0, 0, 0, 0, 0, 0, 0, 0, 1, 0, 0, 0, 0, 0, 0, 0, 0, 0, 0, 0, 0, 0, 0
pa54_JPG_jpg.rf.a805dd635973db6ad418712ea4d8bf29.jpg, 0, 0, 0, 0, 0, 0, 0, 0, 0, 0, 0, 0, 0, 0, 0, 0, 0, 0, 0, 0, 1, 0, 0, 0, 0
w51_jpg.rf.a9ff099aca507653355605c1f30b61ae.jpg, 0, 0, 0, 0, 0, 0, 0, 0, 0, 0, 0, 0, 0, 0, 0, 0, 0, 0, 0, 0, 0, 0, 0, 0, 1
f6_JPG_jpg.rf.aa1389857962904e9a71e68e2b2add38.jpg, 0, 0, 0, 0, 0, 1, 0, 0, 0, 0, 0, 1, 0, 0, 0, 0, 0, 0, 0, 0, 0, 0, 0, 0, 0
e48_JPG_jpg.rf.a9429568022f837a5b32254fbe477250.jpg, 0, 1, 0, 0, 0, 0, 0, 0, 0, 0, 0, 0, 0, 0, 0, 0, 0, 0, 0, 0, 0, 0, 0, 0, 0
pa22_JPG_jpg.rf.ab91f1ff785219b875ac5eb35c21a6de.jpg, 0, 0, 0, 0, 0, 0, 0, 0, 0, 0, 0, 0, 0, 0, 0, 0, 0, 0, 0, 0, 1, 0, 0, 0, 0
ku42_jpg.rf.abb19f02cd6a6219d9292d1b1dbb4327.jpg, 0, 0, 0, 0, 0, 0, 0, 0, 1, 0, 0, 0, 0, 0, 0, 1, 0, 0, 0, 0, 0, 0, 0, 0, 0
h43_jpg.rf.aada2715ec328dddc74c7a0e2c95d37b.jpg, 0, 0, 0, 0, 0, 0, 0, 0, 0, 0, 0, 0, 0, 1, 0, 0, 0, 0, 0, 0, 0, 0, 0, 0, 0
fl65_JPG_jpg.rf.aa5df45fdb1cef467e4175469163aa18.jpg, 0, 0, 0, 0, 0, 0, 0, 0, 0, 1, 0, 0, 0, 0, 1, 0, 0, 0, 0, 0, 0, 0, 0, 0, 0
pa34_jpg.rf.aba4612c4a3d5807f5014394845f265c.jpg, 0, 0, 0, 0, 0, 0, 0, 0, 0, 0, 0, 0, 0, 0, 0, 0, 0, 0, 0, 0, 1, 0, 0, 0, 0
f36_jpg.rf.aab3411db646c72e89b79a601666e4ec.jpg, 0, 0, 0, 0, 0, 0, 0, 0, 0, 0, 1, 0, 0, 0, 0, 0, 0, 0, 0, 0, 0, 0, 0, 0, 0
e13_jpg.rf.abe3ee977ad2ee85cedd8d59770d7475.jpg, 0, 1, 0, 0, 0, 0, 0, 0, 0, 0, 0, 0, 0, 0, 0, 0, 0, 0, 0, 0, 0, 0, 0, 0, 0
b16_jpg.rf.ab31a13e9fb717f5b52c4ad78d8994a4.jpg, 0, 0, 0, 0, 0, 0, 1, 0, 0, 0, 0, 0, 0, 0, 0, 0, 0, 0, 0, 0, 0, 0, 0, 0, 0
d8_jpg.rf.ab113c11bda496de4befceb4d495dd27.jpg, 1, 0, 0, 0, 0, 0, 0, 0, 0, 0, 0, 0, 0, 0, 0, 0, 0, 0, 0, 0, 0, 1, 0, 0, 0
r52_jpg.rf.ac607a4a36e285048ae1e96cf781c791.jpg, 0, 0, 0, 0, 0, 0, 0, 0, 0, 0, 0, 0, 0, 0, 0, 0, 0, 0, 0, 0, 0, 0, 0, 1, 0
b30_jpg.rf.ac746d7336c3a193e61d10a3edfce0ab.jpg, 0, 0, 0, 0, 0, 0, 1, 0, 0, 0, 0, 0, 0, 0, 0, 0, 0, 0, 0, 0, 0, 0, 0, 0, 0
t17_jpg.rf.ab378fd2659569ffb6a83baab3374611.jpg, 0, 0, 0, 0, 1, 0, 0, 1, 0, 0, 0, 0, 0, 0, 0, 0, 0, 0, 0, 0, 0, 0, 0, 0, 0
r83_jpg.rf.abfa38961ebad3cea510042d83438567.jpg, 0, 0, 0, 0, 0, 0, 0, 0, 0, 0, 0, 0, 0, 0, 0, 0, 0, 0, 0, 0, 0, 0, 0, 1, 0
p45_jpg.rf.ac90c9c68c8efbfe260fb6068ffe46ce.jpg, 0, 0, 0, 0, 0, 0, 0, 0, 0, 0, 0, 0, 0, 0, 0, 0, 0, 0, 0, 1, 0, 0, 0, 0, 0
n65_JPG_jpg.rf.accc761efbc27c761c9c839b8481fcc5.jpg, 0, 0, 0, 0, 0, 1, 0, 0, 0, 0, 0, 0, 0, 0, 0, 0, 0, 0, 1, 0, 0, 0, 0, 0, 0
d33_jpg.rf.abb55b9074cb4a738fd01c42251442f2.jpg, 1, 0, 0, 0, 0, 0, 0, 0, 0, 0, 0, 0, 0, 0, 0, 0, 0, 0, 0, 0, 0, 1, 0, 0, 0
pa51_JPG_jpg.rf.ac4d87b741a6aa008fa79d5e617d6668.jpg, 0, 0, 0, 0, 0, 0, 0, 0, 0, 0, 0, 0, 0, 0, 0, 0, 0, 0, 0, 0, 1, 0, 0, 0, 0
m14_jpg.rf.ac8fe5891658bb765bd454489fdf5385.jpg, 0, 0, 0, 0, 0, 0, 0, 0, 0, 0, 0, 0, 0, 0, 0, 0, 0, 1, 0, 0, 0, 0, 0, 0, 0
fu2_JPG_jpg.rf.ad0e9130cdffa98072a19630a3e21003.jpg, 0, 0, 0, 0, 0, 1, 0, 0, 0, 0, 0, 0, 1, 0, 0, 0, 0, 0, 0, 0, 0, 0, 0, 0, 0
p69_jpg.rf.ad584480b054b622918f2b6cfdd51843.jpg, 0, 0, 0, 0, 0, 0, 0, 0, 0, 0, 0, 0, 0, 0, 0, 0, 0, 0, 0, 0, 0, 0, 1, 0, 0
pa51_JPG_jpg.rf.ad4a6b24a56803ca2e855b4b2edbbe2f.jpg, 0, 0, 0, 0, 0, 0, 0, 0, 0, 0, 0, 0, 0, 0, 0, 0, 0, 0, 0, 0, 1, 0, 0, 0, 0
p47_jpg.rf.aa37c8d247121e72818d90f38f44c5b4.jpg, 0, 0, 0, 0, 0, 0, 0, 0, 0, 0, 0, 0, 0, 0, 0, 0, 0, 0, 0, 1, 0, 0, 0, 0, 0
b58_jpg.rf.ace5d57ea5e0a98a25dac78353c6ca84.jpg, 0, 0, 0, 0, 0, 0, 1, 0, 0, 0, 0, 0, 0, 0, 0, 0, 0, 0, 0, 0, 0, 0, 0, 0, 0
p41_jpg.rf.ad0b97b0214dd506899ac89e9e2445a4.jpg, 0, 0, 0, 0, 0, 0, 0, 0, 0, 0, 0, 0, 0, 0, 0, 0, 0, 0, 0, 1, 0, 0, 0, 0, 0
ku1_jpg.rf.acc6a705b7a2216f4df5197731784b44.jpg, 0, 0, 0, 0, 0, 0, 0, 0, 1, 0, 0, 0, 0, 0, 0, 1, 0, 0, 0, 0, 0, 0, 0, 0, 0
f13_jpg.rf.ad6e06115716824767e0d0b225691a41.jpg, 0, 0, 0, 0, 0, 0, 0, 0, 0, 0, 1, 0, 0, 0, 0, 0, 0, 0, 0, 0, 0, 0, 0, 0, 0
b32_jpg.rf.ad2b1bbf480d68beec85adeb448f948c.jpg, 0, 0, 0, 0, 0, 0, 1, 0, 0, 0, 0, 0, 0, 0, 0, 0, 0, 0, 0, 0, 0, 0, 0, 0, 0
fu1_jpg.rf.ad7579217ad45fd70fa8efe1900f51ce.jpg, 0, 0, 0, 0, 0, 1, 0, 0, 0, 0, 0, 0, 1, 0, 0, 0, 0, 0, 0, 0, 0, 0, 0, 0, 0
r36_jpg.rf.ae4a9019566554b293ff208ce5d353fb.jpg, 0, 0, 0, 0, 0, 0, 0, 0, 0, 0, 0, 0, 0, 0, 0, 0, 0, 0, 0, 0, 0, 0, 0, 1, 0
d10_jpg.rf.ae34fc612dcddd3e2e61bffb3c394db6.jpg, 1, 0, 0, 0, 0, 0, 0, 0, 0, 0, 0, 0, 0, 0, 0, 0, 0, 0, 0, 0, 0, 1, 0, 0, 0
t69_jpg.rf.aecd5cd3db6ed0581b1e189aeaf38513.jpg, 0, 0, 0, 0, 1, 0, 0, 1, 0, 0, 0, 0, 0, 0, 0, 0, 0, 0, 0, 0, 0, 0, 0, 0, 0
f63_jpg.rf.af044db5b95e07ff3626e2dc7d0098dd.jpg, 0, 0, 0, 0, 0, 0, 0, 0, 0, 0, 1, 0, 0, 0, 0, 0, 0, 0, 0, 0, 0, 0, 0, 0, 0
r52_jpg.rf.aebd10ca22658a63121be836556e80e3.jpg, 0, 0, 0, 0, 0, 0, 0, 0, 0, 0, 0, 0, 0, 0, 0, 0, 0, 0, 0, 0, 0, 0, 0, 1, 0
p24_JPG_jpg.rf.ae6e762211c91d841bf522789e696a69.jpg, 0, 0, 0, 1, 0, 0, 0, 0, 0, 0, 0, 0, 0, 0, 0, 0, 0, 0, 0, 0, 0, 0, 0, 0, 0
f14_JPG_jpg.rf.af691163b851623ae7d9a423d690aba6.jpg, 0, 0, 0, 0, 0, 0, 0, 0, 0, 0, 1, 0, 0, 0, 0, 0, 0, 0, 0, 0, 0, 0, 0, 0, 0
pa1_JPG_jpg.rf.aeb260a485cb103a9c74c877ad11e345.jpg, 0, 0, 0, 0, 0, 0, 0, 0, 0, 0, 0, 0, 0, 0, 0, 0, 0, 0, 0, 0, 1, 0, 0, 0, 0
p38_jpg.rf.aedcf26dafff93e66ee60ec26088eb4f.jpg, 0, 0, 0, 0, 0, 0, 0, 0, 0, 0, 0, 0, 0, 0, 0, 0, 0, 0, 0, 0, 0, 0, 1, 0, 0
b23_jpg.rf.afaa17bb545ff68dfd96d30a2a6b3a38.jpg, 0, 0, 0, 0, 0, 0, 1, 0, 0, 0, 0, 0, 0, 0, 0, 0, 0, 0, 0, 0, 0, 0, 0, 0, 0
t31_jpg.rf.ad8ea1ae9e2ab62c2136fb4c9d49429b.jpg, 0, 0, 0, 0, 1, 0, 0, 1, 0, 0, 0, 0, 0, 0, 0, 0, 0, 0, 0, 0, 0, 0, 0, 0, 0
fu35_JPG_jpg.rf.af3e572732998cf3dbb67e3840e5ec00.jpg, 0, 0, 0, 0, 0, 1, 0, 0, 0, 0, 0, 0, 1, 0, 0, 0, 0, 0, 0, 0, 0, 0, 0, 0, 0
pa27_JPG_jpg.rf.afa8eb636e669ac402ea0ba0c4d64cd5.jpg, 0, 0, 0, 0, 0, 0, 0, 0, 0, 0, 0, 0, 0, 0, 0, 0, 0, 0, 0, 0, 1, 0, 0, 0, 0
r61_JPG_jpg.rf.afced9901abc41e9c6700de09c7a710e.jpg, 0, 0, 0, 0, 0, 0, 0, 0, 0, 0, 0, 0, 0, 0, 0, 0, 0, 0, 0, 0, 0, 0, 0, 1, 0
t44_JPG_jpg.rf.afddac2e61310a259e31436089795032.jpg, 0, 0, 0, 0, 1, 0, 0, 1, 0, 0, 0, 0, 0, 0, 0, 0, 0, 0, 0, 0, 0, 0, 0, 0, 0
m33_JPG_jpg.rf.b006a1c1645f3bfa196686ace8cd36d9.jpg, 0, 0, 0, 0, 0, 0, 0, 0, 0, 0, 0, 0, 0, 0, 0, 0, 0, 1, 0, 0, 0, 0, 0, 0, 0
n33_JPG_jpg.rf.afd5c5033d732f7311dbfdff47b6d2c5.jpg, 0, 0, 0, 0, 0, 1, 0, 0, 0, 0, 0, 0, 0, 0, 0, 0, 0, 0, 1, 0, 0, 0, 0, 0, 0
n40_JPG_jpg.rf.ae8b3ce7d66a030728f16ddbc3c12e99.jpg, 0, 0, 0, 0, 0, 1, 0, 0, 0, 0, 0, 0, 0, 0, 0, 0, 0, 0, 1, 0, 0, 0, 0, 0, 0
t13_JPG_jpg.rf.b015bc266748e7476794bbb667625e63.jpg, 0, 0, 0, 0, 1, 0, 0, 1, 0, 0, 0, 0, 0, 0, 0, 0, 0, 0, 0, 0, 0, 0, 0, 0, 0
r52_jpg.rf.aed05bb782508bb6a712e3b04c57d630.jpg, 0, 0, 0, 0, 0, 0, 0, 0, 0, 0, 0, 0, 0, 0, 0, 0, 0, 0, 0, 0, 0, 0, 0, 1, 0
fl53_JPG_jpg.rf.af814f942c71be0a18986498574f699e.jpg, 0, 0, 0, 0, 0, 0, 0, 0, 0, 1, 0, 0, 0, 0, 1, 0, 0, 0, 0, 0, 0, 0, 0, 0, 0
f67_JPG_jpg.rf.afd83fcb5a1bfb1e66f549fe1186365b.jpg, 0, 0, 0, 0, 0, 0, 0, 0, 0, 0, 1, 0, 0, 0, 0, 0, 0, 0, 0, 0, 0, 0, 0, 0, 0
f25_JPG_jpg.rf.afdeb3810e01d82de3a33ae076dd8eb4.jpg, 0, 0, 0, 0, 0, 1, 0, 0, 0, 0, 0, 1, 0, 0, 0, 0, 0, 0, 0, 0, 0, 0, 0, 0, 0
w38_jpg.rf.afe61dd33d7dbb7dcd5af598a418407b.jpg, 0, 0, 0, 0, 0, 0, 0, 0, 0, 0, 0, 0, 0, 0, 0, 0, 0, 0, 0, 0, 0, 0, 0, 0, 1
p44_JPG_jpg.rf.b02d7de68e881a897a4a34c472fc46ec.jpg, 0, 0, 0, 1, 0, 0, 0, 0, 0, 0, 0, 0, 0, 0, 0, 0, 0, 0, 0, 0, 0, 0, 0, 0, 0
p68_JPG_jpg.rf.b030ed4feee89ed97d0590a7b0409ade.jpg, 0, 0, 0, 0, 0, 0, 0, 0, 0, 0, 0, 0, 0, 0, 0, 0, 0, 0, 0, 1, 0, 0, 0, 0, 0
h49_jpg.rf.b0c977729104ca423c5d1e26898b15fb.jpg, 0, 0, 0, 0, 0, 0, 0, 0, 0, 0, 0, 0, 0, 1, 0, 0, 0, 0, 0, 0, 0, 0, 0, 0, 0
h25_JPG_jpg.rf.b030f3b21e541de39896ddc10a022c44.jpg, 0, 0, 0, 0, 0, 0, 0, 0, 0, 0, 0, 0, 0, 1, 0, 0, 0, 0, 0, 0, 0, 0, 0, 0, 0
f42_JPG_jpg.rf.b13368b8ae9ea1c791b93662d9e0b3f8.jpg, 0, 0, 0, 0, 0, 1, 0, 0, 0, 0, 0, 1, 0, 0, 0, 0, 0, 0, 0, 0, 0, 0, 0, 0, 0
pa31_JPG_jpg.rf.b03424726b10d2f9bba4cb84adc1c6b2.jpg, 0, 0, 0, 0, 0, 0, 0, 0, 0, 0, 0, 0, 0, 0, 0, 0, 0, 0, 0, 0, 1, 0, 0, 0, 0
d4_png_jpg.rf.b058b01475b99c4cdbb5fbd349b104cb.jpg, 1, 0, 0, 0, 0, 0, 0, 0, 0, 0, 0, 0, 0, 0, 0, 0, 0, 0, 0, 0, 0, 1, 0, 0, 0
e40_jpg.rf.b07e4a5c0143c1c81b90c951a2bc4932.jpg, 0, 1, 0, 0, 0, 0, 0, 0, 0, 0, 0, 0, 0, 0, 0, 0, 0, 0, 0, 0, 0, 0, 0, 0, 0
fl28_JPG_jpg.rf.b0d0b779128af6b2630ef6692519cb60.jpg, 0, 0, 0, 0, 0, 0, 0, 0, 0, 1, 0, 0, 0, 0, 1, 0, 0, 0, 0, 0, 0, 0, 0, 0, 0
k60_jpg.rf.b1869362238afb6fde6e94c5b253e4d6.jpg, 0, 0, 1, 0, 0, 0, 0, 0, 0, 0, 0, 0, 0, 0, 0, 0, 0, 0, 0, 0, 0, 0, 0, 0, 0
ku58_JPG_jpg.rf.b09e066dc72a5aa4bf30a0dc00c2f7c6.jpg, 0, 0, 0, 0, 0, 0, 0, 0, 1, 0, 0, 0, 0, 0, 0, 1, 0, 0, 0, 0, 0, 0, 0, 0, 0
r22_jpg.rf.b356b8faf7e19572814574aa93dce550.jpg, 0, 0, 0, 0, 0, 0, 0, 0, 0, 0, 0, 0, 0, 0, 0, 0, 0, 0, 0, 0, 0, 0, 0, 1, 0
r74_jpg.rf.b2b9794bc579c07d5491a462f809a26c.jpg, 0, 0, 0, 0, 0, 0, 0, 0, 0, 0, 0, 0, 0, 0, 0, 0, 0, 0, 0, 0, 0, 0, 0, 1, 0
fu15_JPG_jpg.rf.b16b4c48327c04cbf2658b5e46339416.jpg, 0, 0, 0, 0, 0, 1, 0, 0, 0, 0, 0, 0, 1, 0, 0, 0, 0, 0, 0, 0, 0, 0, 0, 0, 0
fu60_JPG_jpg.rf.b304305b71485bdf1765c06c33d115e6.jpg, 0, 0, 0, 0, 0, 1, 0, 0, 0, 0, 0, 0, 1, 0, 0, 0, 0, 0, 0, 0, 0, 0, 0, 0, 0
n29_JPG_jpg.rf.b215c8f610d91798d548423660d930d3.jpg, 0, 0, 0, 0, 0, 1, 0, 0, 0, 0, 0, 0, 0, 0, 0, 0, 0, 0, 1, 0, 0, 0, 0, 0, 0
ku63_JPG_jpg.rf.b285deb23d1f8ff85b40cb50c564f212.jpg, 0, 0, 0, 0, 0, 0, 0, 0, 1, 0, 0, 0, 0, 0, 0, 1, 0, 0, 0, 0, 0, 0, 0, 0, 0
d3_jpg.rf.b0f07bab33ca824ef5fcca2077989b50.jpg, 1, 0, 0, 0, 0, 0, 0, 0, 0, 0, 0, 0, 0, 0, 0, 0, 0, 0, 0, 0, 0, 1, 0, 0, 0
e62_JPG_jpg.rf.b1b47bbf9ff57ff0c1d6d553c845e488.jpg, 0, 1, 0, 0, 0, 0, 0, 0, 0, 0, 0, 0, 0, 0, 0, 0, 0, 0, 0, 0, 0, 0, 0, 0, 0
p10_jpg.rf.b0a28be897c720b5076a6c13eb33cdc7.jpg, 0, 0, 0, 1, 0, 0, 0, 0, 0, 0, 0, 0, 0, 0, 0, 0, 0, 0, 0, 0, 0, 0, 0, 0, 0
pa11_JPG_jpg.rf.b242a04c6527a8a24cb030464b05e8c0.jpg, 0, 0, 0, 0, 0, 0, 0, 0, 0, 0, 0, 0, 0, 0, 0, 0, 0, 0, 0, 0, 1, 0, 0, 0, 0
d35_jpg.rf.b089f17eed4bbd2a091e303294f8b204.jpg, 1, 0, 0, 0, 0, 0, 0, 0, 0, 0, 0, 0, 0, 0, 0, 0, 0, 0, 0, 0, 0, 1, 0, 0, 0
w63_JPG_jpg.rf.b33a9af2b95aaed91cf05b66f862dbc5.jpg, 0, 0, 0, 0, 0, 0, 0, 0, 0, 0, 0, 0, 0, 0, 0, 0, 0, 0, 0, 0, 0, 0, 0, 0, 1
p43_jpg.rf.b2224a75477ab9f3c16dd145cf678b11.jpg, 0, 0, 0, 0, 0, 0, 0, 0, 0, 0, 0, 0, 0, 0, 0, 0, 0, 0, 0, 0, 0, 0, 1, 0, 0
f34_JPG_jpg.rf.b2e55d5af7b7b70318a286f4b9f92d99.jpg, 0, 0, 0, 0, 0, 1, 0, 0, 0, 0, 0, 1, 0, 0, 0, 0, 0, 0, 0, 0, 0, 0, 0, 0, 0
r24_jpg.rf.b1c05dc4bd6754d13482fc9f52aa3f2a.jpg, 0, 0, 0, 0, 0, 0, 0, 0, 0, 0, 0, 0, 0, 0, 0, 0, 0, 0, 0, 0, 0, 0, 0, 1, 0
m24_jpg.rf.b3e274b196aeb822a691562c830e0842.jpg, 0, 0, 0, 0, 0, 0, 0, 0, 0, 0, 0, 0, 0, 0, 0, 0, 0, 1, 0, 0, 0, 0, 0, 0, 0
b46_jpg.rf.b40774d4bbd1464c2a84bd3490d5dcc0.jpg, 0, 0, 0, 0, 0, 0, 1, 0, 0, 0, 0, 0, 0, 0, 0, 0, 0, 0, 0, 0, 0, 0, 0, 0, 0
pa69_jpg.rf.b3ce68f6b37f0786be84fe5bc696a898.jpg, 0, 0, 0, 0, 0, 0, 0, 0, 0, 0, 0, 0, 0, 0, 0, 0, 0, 0, 0, 0, 1, 0, 0, 0, 0
k39_jpg.rf.b411e424a4a02d12950782aab8c94934.jpg, 0, 0, 1, 0, 0, 0, 0, 0, 0, 0, 0, 0, 0, 0, 0, 0, 0, 0, 0, 0, 0, 0, 0, 0, 0
b65_jpg.rf.b3f80e9d3670adfc7f5868955b5052dc.jpg, 0, 0, 0, 0, 0, 0, 1, 0, 0, 0, 0, 0, 0, 0, 0, 0, 0, 0, 0, 0, 0, 0, 0, 0, 0
fu15_JPG_jpg.rf.b363593a8b6b3609aff184184ddaa41a.jpg, 0, 0, 0, 0, 0, 1, 0, 0, 0, 0, 0, 0, 1, 0, 0, 0, 0, 0, 0, 0, 0, 0, 0, 0, 0
b33_jpg.rf.b3e377d28ac8b804835e0648bc9393a9.jpg, 0, 0, 0, 0, 0, 0, 1, 0, 0, 0, 0, 0, 0, 0, 0, 0, 0, 0, 0, 0, 0, 0, 0, 0, 0
h31_jpg.rf.b48e4fb419b7331bfc262f0bca3b0fcb.jpg, 0, 0, 0, 0, 0, 0, 0, 0, 0, 0, 0, 0, 0, 1, 0, 0, 0, 0, 0, 0, 0, 0, 0, 0, 0
f22_jpg.rf.b43fd9ad480b9b57caa642828c450960.jpg, 0, 0, 0, 0, 0, 0, 0, 0, 0, 0, 1, 0, 0, 0, 0, 0, 0, 0, 0, 0, 0, 0, 0, 0, 0
n50_JPG_jpg.rf.b414faeab8e99ff74393a1d39607bfac.jpg, 0, 0, 0, 0, 0, 1, 0, 0, 0, 0, 0, 0, 0, 0, 0, 0, 0, 0, 1, 0, 0, 0, 0, 0, 0
p49_png_jpg.rf.b4e6933441e516a66ec3b56e42346f45.jpg, 0, 0, 0, 1, 0, 0, 0, 0, 0, 0, 0, 0, 0, 0, 0, 0, 0, 0, 0, 0, 0, 0, 0, 0, 0
d34_jpg.rf.b569e73d60af8e7b99d8f15df6cb11f5.jpg, 1, 0, 0, 0, 0, 0, 0, 0, 0, 0, 0, 0, 0, 0, 0, 0, 0, 0, 0, 0, 0, 1, 0, 0, 0
e27_JPG_jpg.rf.b5895e10fac54c08a4c95d4389b98db8.jpg, 0, 1, 0, 0, 0, 0, 0, 0, 0, 0, 0, 0, 0, 0, 0, 0, 0, 0, 0, 0, 0, 0, 0, 0, 0
w11_jpg.rf.b4b927463aba9c529cae67ca9f1e8306.jpg, 0, 0, 0, 0, 0, 0, 0, 0, 0, 0, 0, 0, 0, 0, 0, 0, 0, 0, 0, 0, 0, 0, 0, 0, 1
f11_JPG_jpg.rf.b3f7c5fa4db18ed74a70b205d3c46ed2.jpg, 0, 0, 0, 0, 0, 1, 0, 0, 0, 0, 0, 1, 0, 0, 0, 0, 0, 0, 0, 0, 0, 0, 0, 0, 0
fl33_JPG_jpg.rf.b656405753c20aba035634676dd3a5b0.jpg, 0, 0, 0, 0, 0, 0, 0, 0, 0, 1, 0, 0, 0, 0, 1, 0, 0, 0, 0, 0, 0, 0, 0, 0, 0
f32_JPG_jpg.rf.b58c77c9f29964597a72bc61dc155727.jpg, 0, 0, 0, 0, 0, 1, 0, 0, 0, 0, 0, 1, 0, 0, 0, 0, 0, 0, 0, 0, 0, 0, 0, 0, 0
f62_JPG_jpg.rf.b5c8e5a107d32602fd25d301175026b9.jpg, 0, 0, 0, 0, 0, 1, 0, 0, 0, 0, 0, 1, 0, 0, 0, 0, 0, 0, 0, 0, 0, 0, 0, 0, 0
k57_jpg.rf.b5d5d6049b2fcd088825ef97302e9988.jpg, 0, 0, 1, 0, 0, 0, 0, 0, 0, 0, 0, 0, 0, 0, 0, 0, 0, 0, 0, 0, 0, 0, 0, 0, 0
b67_jpg.rf.b5b0b68248edca33db5475d9705e0ca7.jpg, 0, 0, 0, 0, 0, 0, 1, 0, 0, 0, 0, 0, 0, 0, 0, 0, 0, 0, 0, 0, 0, 0, 0, 0, 0
p30_jpg.rf.b45007749315f0f68ff906660060d715.jpg, 0, 0, 0, 0, 0, 0, 0, 0, 0, 0, 0, 0, 0, 0, 0, 0, 0, 0, 0, 0, 0, 0, 1, 0, 0
b44_jpg.rf.b5955def52884e8a29059dd11b055538.jpg, 0, 0, 0, 0, 0, 0, 1, 0, 0, 0, 0, 0, 0, 0, 0, 0, 0, 0, 0, 0, 0, 0, 0, 0, 0
b49_jpg.rf.b579e9c171a29e0bab55639b6a1a4773.jpg, 0, 0, 0, 0, 0, 0, 1, 0, 0, 0, 0, 0, 0, 0, 0, 0, 0, 0, 0, 0, 0, 0, 0, 0, 0
m28_jpg.rf.b692d2f5b435cc868ca4bcc3facb3178.jpg, 0, 0, 0, 0, 0, 0, 0, 0, 0, 0, 0, 0, 0, 0, 0, 0, 0, 1, 0, 0, 0, 0, 0, 0, 0
pa70_JPG_jpg.rf.b583d9af384caaff14d00a5b78536389.jpg, 0, 0, 0, 0, 0, 0, 0, 0, 0, 0, 0, 0, 0, 0, 0, 0, 0, 0, 0, 0, 1, 0, 0, 0, 0
m66_jpg.rf.b66f778a194f6b493a875298ddb3a2d9.jpg, 0, 0, 0, 0, 0, 0, 0, 0, 0, 0, 0, 0, 0, 0, 0, 0, 0, 1, 0, 0, 0, 0, 0, 0, 0
m64_jpg.rf.b803921e2091c7a350a4b9da9a677ec1.jpg, 0, 0, 0, 0, 0, 0, 0, 0, 0, 0, 0, 0, 0, 0, 0, 0, 0, 1, 0, 0, 0, 0, 0, 0, 0
b16_jpg.rf.b72e6681d4cb5e76a9c55c266de978a7.jpg, 0, 0, 0, 0, 0, 0, 1, 0, 0, 0, 0, 0, 0, 0, 0, 0, 0, 0, 0, 0, 0, 0, 0, 0, 0
w18_jpg.rf.b809477f8c701c194a0d2ad3e988e9e8.jpg, 0, 0, 0, 0, 0, 0, 0, 0, 0, 0, 0, 0, 0, 0, 0, 0, 0, 0, 0, 0, 0, 0, 0, 0, 1
n46_JPG_jpg.rf.b73c518de88def7ddde1f0ce7b56bd7f.jpg, 0, 0, 0, 0, 0, 1, 0, 0, 0, 0, 0, 0, 0, 0, 0, 0, 0, 0, 1, 0, 0, 0, 0, 0, 0
r20_jpg.rf.b7bda05dd845449f306e30622bc74684.jpg, 0, 0, 0, 0, 0, 0, 0, 0, 0, 0, 0, 0, 0, 0, 0, 0, 0, 0, 0, 0, 0, 0, 0, 1, 0
k21_jpg.rf.b7c5179082f43c60c0aa920db1226b49.jpg, 0, 0, 1, 0, 0, 0, 0, 0, 0, 0, 0, 0, 0, 0, 0, 0, 0, 0, 0, 0, 0, 0, 0, 0, 0
m23_jpg.rf.b86908ad458f6e464eb714be559d7e90.jpg, 0, 0, 0, 0, 0, 0, 0, 0, 0, 0, 0, 0, 0, 0, 0, 0, 0, 1, 0, 0, 0, 0, 0, 0, 0
f57_JPG_jpg.rf.b86d6a1c0bad0a1804b3b6848afe381d.jpg, 0, 0, 0, 0, 0, 1, 0, 0, 0, 0, 0, 1, 0, 0, 0, 0, 0, 0, 0, 0, 0, 0, 0, 0, 0
f69_JPG_jpg.rf.b820afea7b882555df5224c7888b3015.jpg, 0, 0, 0, 0, 0, 0, 0, 0, 0, 0, 1, 0, 0, 0, 0, 0, 0, 0, 0, 0, 0, 0, 0, 0, 0
r8_jpg.rf.b7beece040969be311a17850e767c58e.jpg, 0, 0, 0, 0, 0, 0, 0, 0, 0, 0, 0, 0, 0, 0, 0, 0, 0, 0, 0, 0, 0, 0, 0, 1, 0
fl9_JPG_jpg.rf.b8a0094a9d4ee0ff621e813185e81544.jpg, 0, 0, 0, 0, 0, 0, 0, 0, 0, 1, 0, 0, 0, 0, 1, 0, 0, 0, 0, 0, 0, 0, 0, 0, 0
r5_png_jpg.rf.b87ef3e018928f21a9ce81e3a4e00476.jpg, 0, 0, 0, 0, 0, 0, 0, 0, 0, 0, 0, 0, 0, 0, 0, 0, 0, 0, 0, 0, 0, 0, 0, 1, 0
f55_JPG_jpg.rf.b7508886f1aad08cabded9bdfc4d7307.jpg, 0, 0, 0, 0, 0, 1, 0, 0, 0, 0, 0, 1, 0, 0, 0, 0, 0, 0, 0, 0, 0, 0, 0, 0, 0
d2_jpg.rf.b84cc7ba4c1da7ebe72d0c5e45bf3f2c.jpg, 1, 0, 0, 0, 0, 0, 0, 0, 0, 0, 0, 0, 0, 0, 0, 0, 0, 0, 0, 0, 0, 1, 0, 0, 0
d50_JPG_jpg.rf.b880377ae67b59e3965f00538e2e87f8.jpg, 1, 0, 0, 0, 0, 0, 0, 0, 0, 0, 0, 0, 0, 0, 0, 0, 0, 0, 0, 0, 0, 1, 0, 0, 0
h66_jpg.rf.b8f9f7c80792f12df676d4654d2290eb.jpg, 0, 0, 0, 0, 0, 0, 0, 0, 0, 0, 0, 0, 0, 1, 0, 0, 0, 0, 0, 0, 0, 0, 0, 0, 0
w24_jpg.rf.b6c328f6ec20bda0aae395bdb6bbe68e.jpg, 0, 0, 0, 0, 0, 0, 0, 0, 0, 0, 0, 0, 0, 0, 0, 0, 0, 0, 0, 0, 0, 0, 0, 0, 1
k23_jpg.rf.b6f736485920db487400c47758499162.jpg, 0, 0, 1, 0, 0, 0, 0, 0, 0, 0, 0, 0, 0, 0, 0, 0, 0, 0, 0, 0, 0, 0, 0, 0, 0
p40_JPG_jpg.rf.b99576026d03d4ecec3982deee06d089.jpg, 0, 0, 0, 1, 0, 0, 0, 0, 0, 0, 0, 0, 0, 0, 0, 0, 0, 0, 0, 0, 0, 0, 0, 0, 0
w29_jpg.rf.b99593dff371e51ea95b7b4418f943d8.jpg, 0, 0, 0, 0, 0, 0, 0, 0, 0, 0, 0, 0, 0, 0, 0, 0, 0, 0, 0, 0, 0, 0, 0, 0, 1
e25_JPG_jpg.rf.b940f8f5b3adebca8799125932428da8.jpg, 0, 1, 0, 0, 0, 0, 0, 0, 0, 0, 0, 0, 0, 0, 0, 0, 0, 0, 0, 0, 0, 0, 0, 0, 0
b8_jpg.rf.b9e0426fc3a2a73d0929839864510634.jpg, 0, 0, 0, 0, 0, 0, 1, 0, 0, 0, 0, 0, 0, 0, 0, 0, 0, 0, 0, 0, 0, 0, 0, 0, 0
m6_jpg.rf.b9c78c7fdd4f0d7c2d967e2c7d76af06.jpg, 0, 0, 0, 0, 0, 0, 0, 0, 0, 0, 0, 0, 0, 0, 0, 0, 1, 0, 0, 0, 0, 0, 0, 0, 0
b45_jpg.rf.b82480040cf56cb481b5b03151db447b.jpg, 0, 0, 0, 0, 0, 0, 1, 0, 0, 0, 0, 0, 0, 0, 0, 0, 0, 0, 0, 0, 0, 0, 0, 0, 0
f2_JPG_jpg.rf.b9d07ce979c737cbc01f0f7c0fa2f150.jpg, 0, 0, 0, 0, 0, 1, 0, 0, 0, 0, 0, 1, 0, 0, 0, 0, 0, 0, 0, 0, 0, 0, 0, 0, 0
p57_jpg.rf.b9ed1cab9825b65f8e199b02a1e1da45.jpg, 0, 0, 0, 0, 0, 0, 0, 0, 0, 0, 0, 0, 0, 0, 0, 0, 0, 0, 0, 0, 0, 0, 1, 0, 0
b12_jpg.rf.b9ff7a5fde19cd92df748079d615c807.jpg, 0, 0, 0, 0, 0, 0, 1, 0, 0, 0, 0, 0, 0, 0, 0, 0, 0, 0, 0, 0, 0, 0, 0, 0, 0
m50_jpg.rf.b966b4438bcc2ab4a4e7c6b2b0e4f96e.jpg, 0, 0, 0, 0, 0, 0, 0, 0, 0, 0, 0, 0, 0, 0, 0, 0, 0, 1, 0, 0, 0, 0, 0, 0, 0
n44_JPG_jpg.rf.b9da1da0316e3a055384997f8cc749fd.jpg, 0, 0, 0, 0, 0, 1, 0, 0, 0, 0, 0, 0, 0, 0, 0, 0, 0, 0, 1, 0, 0, 0, 0, 0, 0
p53_JPG_jpg.rf.ba44825c8d3c7536fca71bc8d5d7acfb.jpg, 0, 0, 0, 0, 0, 0, 0, 0, 0, 0, 0, 0, 0, 0, 0, 0, 0, 0, 0, 1, 0, 0, 0, 0, 0
fu30_JPG_jpg.rf.ba55c67e35237ac59848cdbf3b5343a6.jpg, 0, 0, 0, 0, 0, 1, 0, 0, 0, 0, 0, 0, 1, 0, 0, 0, 0, 0, 0, 0, 0, 0, 0, 0, 0
w17_jpg.rf.bad3502ac214876dc1fc68410849eea9.jpg, 0, 0, 0, 0, 0, 0, 0, 0, 0, 0, 0, 0, 0, 0, 0, 0, 0, 0, 0, 0, 0, 0, 0, 0, 1
r11_jpg.rf.bbe0484b7f956c6cc1207e1d5013e66b.jpg, 0, 0, 0, 0, 0, 0, 0, 0, 0, 0, 0, 0, 0, 0, 0, 0, 0, 0, 0, 0, 0, 0, 0, 1, 0
p41_jpg.rf.bae91427083ba43f7015770ccad48753.jpg, 0, 0, 0, 0, 0, 0, 0, 0, 0, 0, 0, 0, 0, 0, 0, 0, 0, 0, 0, 0, 0, 0, 1, 0, 0
f26_JPG_jpg.rf.bac942b798c46a951a63c88eddfa7129.jpg, 0, 0, 0, 0, 0, 1, 0, 0, 0, 0, 0, 1, 0, 0, 0, 0, 0, 0, 0, 0, 0, 0, 0, 0, 0
p30_jpg.rf.bc36cb53fd23fc152382b55f7cbd3861.jpg, 0, 0, 0, 1, 0, 0, 0, 0, 0, 0, 0, 0, 0, 0, 0, 0, 0, 0, 0, 0, 0, 0, 0, 0, 0
b24_jpg.rf.ba61afefa46df52332727d4da10ccba1.jpg, 0, 0, 0, 0, 0, 0, 1, 0, 0, 0, 0, 0, 0, 0, 0, 0, 0, 0, 0, 0, 0, 0, 0, 0, 0
pa3_JPG_jpg.rf.bc57c7c718bdffd100cbad5d894f2cf8.jpg, 0, 0, 0, 0, 0, 0, 0, 0, 0, 0, 0, 0, 0, 0, 0, 0, 0, 0, 0, 0, 1, 0, 0, 0, 0
n63_JPG_jpg.rf.bd119815880e03d5b991c2a6ea6f9916.jpg, 0, 0, 0, 0, 0, 1, 0, 0, 0, 0, 0, 0, 0, 0, 0, 0, 0, 0, 1, 0, 0, 0, 0, 0, 0
m22_jpg.rf.bc0eef30130fa64038a38d1c06d64659.jpg, 0, 0, 0, 0, 0, 0, 0, 0, 0, 0, 0, 0, 0, 0, 0, 0, 0, 1, 0, 0, 0, 0, 0, 0, 0
ku54_JPG_jpg.rf.bac081bd8fa01abf69d5d23f213f449e.jpg, 0, 0, 0, 0, 0, 0, 0, 0, 1, 0, 0, 0, 0, 0, 0, 1, 0, 0, 0, 0, 0, 0, 0, 0, 0
n16_JPG_jpg.rf.bba40ae9a08aae0508bd6d15e2b675b7.jpg, 0, 0, 0, 0, 0, 1, 0, 0, 0, 0, 0, 0, 0, 0, 0, 0, 0, 0, 1, 0, 0, 0, 0, 0, 0
f8_JPG_jpg.rf.bb18cb9eaec2ef7280650f1ec473d998.jpg, 0, 0, 0, 0, 0, 1, 0, 0, 0, 0, 0, 1, 0, 0, 0, 0, 0, 0, 0, 0, 0, 0, 0, 0, 0
p37_JPG_jpg.rf.bce2cd64f748997b19e1e6ab060fa144.jpg, 0, 0, 0, 1, 0, 0, 0, 0, 0, 0, 0, 0, 0, 0, 0, 0, 0, 0, 0, 0, 0, 0, 0, 0, 0
k39_jpg.rf.bbe6d5c7c1deade2e939beeca1ab2858.jpg, 0, 0, 1, 0, 0, 0, 0, 0, 0, 0, 0, 0, 0, 0, 0, 0, 0, 0, 0, 0, 0, 0, 0, 0, 0
p42_png_jpg.rf.baad402de7af8c3a3a75f5293b7041e9.jpg, 0, 0, 0, 0, 0, 0, 0, 0, 0, 0, 0, 0, 0, 0, 0, 0, 0, 0, 0, 1, 0, 0, 0, 0, 0
m40_jpg.rf.bb6eaf21c1566133f8f69b0432410d16.jpg, 0, 0, 0, 0, 0, 0, 0, 0, 0, 0, 0, 0, 0, 0, 0, 0, 0, 1, 0, 0, 0, 0, 0, 0, 0
n13_JPG_jpg.rf.bcb4b095adda1f79d408361dbdc191a1.jpg, 0, 0, 0, 0, 0, 1, 0, 0, 0, 0, 0, 0, 0, 0, 0, 0, 0, 0, 1, 0, 0, 0, 0, 0, 0
e21_jpg.rf.bcd33c0ede35543811934ab2c92b816b.jpg, 0, 1, 0, 0, 0, 0, 0, 0, 0, 0, 0, 0, 0, 0, 0, 0, 0, 0, 0, 0, 0, 0, 0, 0, 0
h39_JPG_jpg.rf.bc7f8e6a1a684a37e458a342e546551f.jpg, 0, 0, 0, 0, 0, 0, 0, 0, 0, 0, 0, 0, 0, 1, 0, 0, 0, 0, 0, 0, 0, 0, 0, 0, 0
ku63_JPG_jpg.rf.bd24519e85234a20582cb35513acc61a.jpg, 0, 0, 0, 0, 0, 0, 0, 0, 1, 0, 0, 0, 0, 0, 0, 1, 0, 0, 0, 0, 0, 0, 0, 0, 0
p4_jpg.rf.bd3ad2b330bcec9df13c9f727b7ea6c8.jpg, 0, 0, 0, 0, 0, 0, 0, 0, 0, 0, 0, 0, 0, 0, 0, 0, 0, 0, 0, 1, 0, 0, 0, 0, 0
r24_jpg.rf.bacad86d4db10ac93ba8d31c21b43518.jpg, 0, 0, 0, 0, 0, 0, 0, 0, 0, 0, 0, 0, 0, 0, 0, 0, 0, 0, 0, 0, 0, 0, 0, 1, 0
r78_jpg.rf.bd865dc6d6e0b93b017b7a1455132a20.jpg, 0, 0, 0, 0, 0, 0, 0, 0, 0, 0, 0, 0, 0, 0, 0, 0, 0, 0, 0, 0, 0, 0, 0, 1, 0
d40_jpg.rf.bd320f7e86b59b0306e72494c3efab2a.jpg, 1, 0, 0, 0, 0, 0, 0, 0, 0, 0, 0, 0, 0, 0, 0, 0, 0, 0, 0, 0, 0, 1, 0, 0, 0
b29_jpg.rf.bd207df5514fd1d103c4bc4dc30bb277.jpg, 0, 0, 0, 0, 0, 0, 1, 0, 0, 0, 0, 0, 0, 0, 0, 0, 0, 0, 0, 0, 0, 0, 0, 0, 0
p26_jpg.rf.bd19837b29bfd1a50af1a939268b52cf.jpg, 0, 0, 0, 0, 0, 0, 0, 0, 0, 0, 0, 0, 0, 0, 0, 0, 0, 0, 0, 0, 0, 0, 1, 0, 0
m26_jpg.rf.bd9098e4e31c67002ea73db97cefb773.jpg, 0, 0, 0, 0, 0, 0, 0, 0, 0, 0, 0, 0, 0, 0, 0, 0, 0, 1, 0, 0, 0, 0, 0, 0, 0
fl65_JPG_jpg.rf.bf224b7df86e0cf81bc549b9d37b317f.jpg, 0, 0, 0, 0, 0, 0, 0, 0, 0, 1, 0, 0, 0, 0, 1, 0, 0, 0, 0, 0, 0, 0, 0, 0, 0
pa68_JPG_jpg.rf.be2594bae8e39e8140c190f3e77dd735.jpg, 0, 0, 0, 0, 0, 0, 0, 0, 0, 0, 0, 0, 0, 0, 0, 0, 0, 0, 0, 0, 1, 0, 0, 0, 0
f63_jpg.rf.be9f9a2b0e272a9a46939f22151b6f2b.jpg, 0, 0, 0, 0, 0, 0, 0, 0, 0, 0, 1, 0, 0, 0, 0, 0, 0, 0, 0, 0, 0, 0, 0, 0, 0
fl39_JPG_jpg.rf.bf45d344e416dd8c2f7b85d4ce0e5bfa.jpg, 0, 0, 0, 0, 0, 0, 0, 0, 0, 1, 0, 0, 0, 0, 1, 0, 0, 0, 0, 0, 0, 0, 0, 0, 0
f3_JPG_jpg.rf.bdb8c7b39828c55fa08bcc542d595ee9.jpg, 0, 0, 0, 0, 0, 1, 0, 0, 0, 0, 0, 1, 0, 0, 0, 0, 0, 0, 0, 0, 0, 0, 0, 0, 0
ku14_jpg.rf.bd9a5b04595b88801b1462bb376e5121.jpg, 0, 0, 0, 0, 0, 0, 0, 0, 1, 0, 0, 0, 0, 0, 0, 1, 0, 0, 0, 0, 0, 0, 0, 0, 0
b35_jpg.rf.bdd374491e179ed0ce88447bcc3581b3.jpg, 0, 0, 0, 0, 0, 0, 1, 0, 0, 0, 0, 0, 0, 0, 0, 0, 0, 0, 0, 0, 0, 0, 0, 0, 0
p29_JPG_jpg.rf.be7e5cb9471043148973a24bd89c888d.jpg, 0, 0, 0, 0, 0, 0, 0, 0, 0, 0, 0, 0, 0, 0, 0, 0, 0, 0, 0, 0, 0, 0, 1, 0, 0
m2_jpg.rf.bda7014b368fd1ea09b6283ea1d0759d.jpg, 0, 0, 0, 0, 0, 0, 0, 0, 0, 0, 0, 0, 0, 0, 0, 0, 1, 0, 0, 0, 0, 0, 0, 0, 0
t57_jpg.rf.beed9116c4e292931bb1c00a76cdf09b.jpg, 0, 0, 0, 0, 1, 0, 0, 1, 0, 0, 0, 0, 0, 0, 0, 0, 0, 0, 0, 0, 0, 0, 0, 0, 0
fu45_JPG_jpg.rf.bf6965da25b98c85deddee9c720e89db.jpg, 0, 0, 0, 0, 0, 1, 0, 0, 0, 0, 0, 0, 1, 0, 0, 0, 0, 0, 0, 0, 0, 0, 0, 0, 0
w1_jpg.rf.bde0a8f30c3d6ede8bb048955d389556.jpg, 0, 0, 0, 0, 0, 0, 0, 0, 0, 0, 0, 0, 0, 0, 0, 0, 0, 0, 0, 0, 0, 0, 0, 0, 1
w54_jpg.rf.bdba7eb238fdee2b03db2c0d65db2204.jpg, 0, 0, 0, 0, 0, 0, 0, 0, 0, 0, 0, 0, 0, 0, 0, 0, 0, 0, 0, 0, 0, 0, 0, 0, 1
p56_JPG_jpg.rf.bffc129d17e251b55b784bd4452e0a3f.jpg, 0, 0, 0, 1, 0, 0, 0, 0, 0, 0, 0, 0, 0, 0, 0, 0, 0, 0, 0, 0, 0, 0, 0, 0, 0
p66_jpg.rf.bfd2b0556c4086f8c0d5b1ba23508311.jpg, 0, 0, 0, 0, 0, 0, 0, 0, 0, 0, 0, 0, 0, 0, 0, 0, 0, 0, 0, 0, 0, 0, 1, 0, 0
m49_jpg.rf.bec4a6329911e99364348b91a1c9d93c.jpg, 0, 0, 0, 0, 0, 0, 0, 0, 0, 0, 0, 0, 0, 0, 0, 0, 0, 1, 0, 0, 0, 0, 0, 0, 0
fl46_JPG_jpg.rf.bf5a2b9c3badc615bab8a80dbbc00a1c.jpg, 0, 0, 0, 0, 0, 0, 0, 0, 0, 1, 0, 0, 0, 0, 1, 0, 0, 0, 0, 0, 0, 0, 0, 0, 0
m28_jpg.rf.bed82736087c992b0495f2ecfe7ec926.jpg, 0, 0, 0, 0, 0, 0, 0, 0, 0, 0, 0, 0, 0, 0, 0, 0, 0, 1, 0, 0, 0, 0, 0, 0, 0
fl48_JPG_jpg.rf.bf1b6c745af596e65d5eeead03876b1d.jpg, 0, 0, 0, 0, 0, 0, 0, 0, 0, 1, 0, 0, 0, 0, 1, 0, 0, 0, 0, 0, 0, 0, 0, 0, 0
w57_jpg.rf.bf82ee87e381cc44c56739e43af37ed0.jpg, 0, 0, 0, 0, 0, 0, 0, 0, 0, 0, 0, 0, 0, 0, 0, 0, 0, 0, 0, 0, 0, 0, 0, 0, 1
e37_JPG_jpg.rf.bfcc94017d8d797c04bfa31fe2498698.jpg, 0, 1, 0, 0, 0, 0, 0, 0, 0, 0, 0, 0, 0, 0, 0, 0, 0, 0, 0, 0, 0, 0, 0, 0, 0
p29_jpg.rf.bf8bd207ae9b4d4a5aeea9260b5c25b0.jpg, 0, 0, 0, 1, 0, 0, 0, 0, 0, 0, 0, 0, 0, 0, 0, 0, 0, 0, 0, 0, 0, 0, 0, 0, 0
m45_png_jpg.rf.be5678f0186c45804b11346341886d1d.jpg, 0, 0, 0, 0, 0, 0, 0, 0, 0, 0, 0, 0, 0, 0, 0, 0, 0, 1, 0, 0, 0, 0, 0, 0, 0
t35_jpg.rf.bf28ef862865963b12bc772b9cc56ce2.jpg, 0, 0, 0, 0, 1, 0, 0, 1, 0, 0, 0, 0, 0, 0, 0, 0, 0, 0, 0, 0, 0, 0, 0, 0, 0
d47_jpg.rf.bdd679e4d7784bdd1203c3c03ed87120.jpg, 1, 0, 0, 0, 0, 0, 0, 0, 0, 0, 0, 0, 0, 0, 0, 0, 0, 0, 0, 0, 0, 1, 0, 0, 0
fl47_JPG_jpg.rf.c0d022ee2fdb40ac21456dca3d0e31c4.jpg, 0, 0, 0, 0, 0, 0, 0, 0, 0, 1, 0, 0, 0, 0, 1, 0, 0, 0, 0, 0, 0, 0, 0, 0, 0
f29_jpg.rf.c064a2101f7d20de2c5540ebf2402a18.jpg, 0, 0, 0, 0, 0, 0, 0, 0, 0, 0, 1, 0, 0, 0, 0, 0, 0, 0, 0, 0, 0, 0, 0, 0, 0
m41_jpg.rf.c17c4c37c03b8971bd82d5efe1f4cdfd.jpg, 0, 0, 0, 0, 0, 0, 0, 0, 0, 0, 0, 0, 0, 0, 0, 0, 0, 1, 0, 0, 0, 0, 0, 0, 0
f9_JPG_jpg.rf.c0af3d7ae78ad5b18bb7759b593fe5de.jpg, 0, 0, 0, 0, 0, 1, 0, 0, 0, 0, 0, 1, 0, 0, 0, 0, 0, 0, 0, 0, 0, 0, 0, 0, 0
n59_JPG_jpg.rf.c085e844a5152c2908b637443e4536b0.jpg, 0, 0, 0, 0, 0, 1, 0, 0, 0, 0, 0, 0, 0, 0, 0, 0, 0, 0, 1, 0, 0, 0, 0, 0, 0
h42_jpg.rf.c0b77b55fdc689eff8d63afe93c67409.jpg, 0, 0, 0, 0, 0, 0, 0, 0, 0, 0, 0, 0, 0, 1, 0, 0, 0, 0, 0, 0, 0, 0, 0, 0, 0
fu33_JPG_jpg.rf.c067d475a9522ad47a41d4043b690c23.jpg, 0, 0, 0, 0, 0, 1, 0, 0, 0, 0, 0, 0, 1, 0, 0, 0, 0, 0, 0, 0, 0, 0, 0, 0, 0
r66_jpg.rf.c059308be0cbbff53d0e712ddb51e122.jpg, 0, 0, 0, 0, 0, 0, 0, 0, 0, 0, 0, 0, 0, 0, 0, 0, 0, 0, 0, 0, 0, 0, 0, 1, 0
ku16_jpg.rf.c0d18c525012e1afa318595d515b87e1.jpg, 0, 0, 0, 0, 0, 0, 0, 0, 1, 0, 0, 0, 0, 0, 0, 1, 0, 0, 0, 0, 0, 0, 0, 0, 0
w9_jpg.rf.c164bbf03c87612d411f7101a7ba1348.jpg, 0, 0, 0, 0, 0, 0, 0, 0, 0, 0, 0, 0, 0, 0, 0, 0, 0, 0, 0, 0, 0, 0, 0, 0, 1
r25_jpg.rf.c0ed64108197c93028eab22df685f772.jpg, 0, 0, 0, 0, 0, 0, 0, 0, 0, 0, 0, 0, 0, 0, 0, 0, 0, 0, 0, 0, 0, 0, 0, 1, 0
ku62_jpg.rf.c0ffa82e91cc0a43a69e4f26fb1adeff.jpg, 0, 0, 0, 0, 0, 0, 0, 0, 1, 0, 0, 0, 0, 0, 0, 1, 0, 0, 0, 0, 0, 0, 0, 0, 0
f35_JPG_jpg.rf.c05d0ff277716be87c905406e6bdd6c2.jpg, 0, 0, 0, 0, 0, 0, 0, 0, 0, 0, 1, 0, 0, 0, 0, 0, 0, 0, 0, 0, 0, 0, 0, 0, 0
pa8_JPG_jpg.rf.c0a48997a8a0bb726a30623549ddd282.jpg, 0, 0, 0, 0, 0, 0, 0, 0, 0, 0, 0, 0, 0, 0, 0, 0, 0, 0, 0, 0, 1, 0, 0, 0, 0
k19_jpg.rf.c18aac00ad5f4339f139883b63fcfcb3.jpg, 0, 0, 1, 0, 0, 0, 0, 0, 0, 0, 0, 0, 0, 0, 0, 0, 0, 0, 0, 0, 0, 0, 0, 0, 0
t19_jpg.rf.c1bd97c31e04ee4b2688c6c623358249.jpg, 0, 0, 0, 0, 1, 0, 0, 1, 0, 0, 0, 0, 0, 0, 0, 0, 0, 0, 0, 0, 0, 0, 0, 0, 0
p10_jpg.rf.c1b39277c4e28e7c19494e89afa087e6.jpg, 0, 0, 0, 1, 0, 0, 0, 0, 0, 0, 0, 0, 0, 0, 0, 0, 0, 0, 0, 0, 0, 0, 0, 0, 0
w47_jpg.rf.6566a68d6fbc9411c8b2773f850d4219.jpg, 0, 0, 0, 0, 0, 0, 0, 0, 0, 0, 0, 0, 0, 0, 0, 0, 0, 0, 0, 0, 0, 0, 0, 0, 1
f19_jpg.rf.65acfd49c0e94744fbcb694d6dbe08ce.jpg, 0, 0, 0, 0, 0, 0, 0, 0, 0, 0, 1, 0, 0, 0, 0, 0, 0, 0, 0, 0, 0, 0, 0, 0, 0
pa1_JPG_jpg.rf.65306a59824bff0d039a0a51e350b2c7.jpg, 0, 0, 0, 0, 0, 0, 0, 0, 0, 0, 0, 0, 0, 0, 0, 0, 0, 0, 0, 0, 1, 0, 0, 0, 0
r51_jpg.rf.6569ee11752daa1fc1e5e995b0989407.jpg, 0, 0, 0, 0, 0, 0, 0, 0, 0, 0, 0, 0, 0, 0, 0, 0, 0, 0, 0, 0, 0, 0, 0, 1, 0
ku42_jpg.rf.65b69a26820cc6b5447b28d809127b79.jpg, 0, 0, 0, 0, 0, 0, 0, 0, 1, 0, 0, 0, 0, 0, 0, 1, 0, 0, 0, 0, 0, 0, 0, 0, 0
p1_jpg.rf.65412a785ee1b7d70b2fc68620b0e333.jpg, 0, 0, 0, 0, 0, 0, 0, 0, 0, 0, 0, 0, 0, 0, 0, 0, 0, 0, 0, 1, 0, 0, 0, 0, 0
m29_jpg.rf.65819d4d645e3ba8c937c338128043ab.jpg, 0, 0, 0, 0, 0, 0, 0, 0, 0, 0, 0, 0, 0, 0, 0, 0, 0, 1, 0, 0, 0, 0, 0, 0, 0
e16_JPG_jpg.rf.6556db8e00bc95cd88e24b97f7086f18.jpg, 0, 1, 0, 0, 0, 0, 0, 0, 0, 0, 0, 0, 0, 0, 0, 0, 0, 0, 0, 0, 0, 0, 0, 0, 0
h55_JPG_jpg.rf.6527fcde552c6ae4c965efdeba9852d0.jpg, 0, 0, 0, 0, 0, 0, 0, 0, 0, 0, 0, 0, 0, 1, 0, 0, 0, 0, 0, 0, 0, 0, 0, 0, 0
t62_JPG_jpg.rf.65a17e12b46c156912de7ec4c69a6c94.jpg, 0, 0, 0, 0, 1, 0, 0, 1, 0, 0, 0, 0, 0, 0, 0, 0, 0, 0, 0, 0, 0, 0, 0, 0, 0
f10_jpg.rf.65dc2f155c26ffa2bef00a9265ed7f66.jpg, 0, 0, 0, 0, 0, 0, 0, 0, 0, 0, 1, 0, 0, 0, 0, 0, 0, 0, 0, 0, 0, 0, 0, 0, 0
e42_JPG_jpg.rf.65ecd5e743c9f748d14ae359e5e179cc.jpg, 0, 1, 0, 0, 0, 0, 0, 0, 0, 0, 0, 0, 0, 0, 0, 0, 0, 0, 0, 0, 0, 0, 0, 0, 0
p53_JPG_jpg.rf.67b376463497322031112f551f66a3ed.jpg, 0, 0, 0, 0, 0, 0, 0, 0, 0, 0, 0, 0, 0, 0, 0, 0, 0, 0, 0, 1, 0, 0, 0, 0, 0
f44_png_jpg.rf.67ad50433a9afc6617f906053ca427b0.jpg, 0, 0, 0, 0, 0, 0, 0, 0, 0, 0, 1, 0, 0, 0, 0, 0, 0, 0, 0, 0, 0, 0, 0, 0, 0
fl37_JPG_jpg.rf.65c3bd9109e222a7521f055009bc6bb5.jpg, 0, 0, 0, 0, 0, 0, 0, 0, 0, 1, 0, 0, 0, 0, 1, 0, 0, 0, 0, 0, 0, 0, 0, 0, 0
p36_jpg.rf.67b6b2fc39277ba751fd1fb916502a28.jpg, 0, 0, 0, 0, 0, 0, 0, 0, 0, 0, 0, 0, 0, 0, 0, 0, 0, 0, 0, 1, 0, 0, 0, 0, 0
p11_jpg.rf.6638b92e122d9520797e468ab8d8c72c.jpg, 0, 0, 0, 1, 0, 0, 0, 0, 0, 0, 0, 0, 0, 0, 0, 0, 0, 0, 0, 0, 0, 0, 0, 0, 0
p19_jpg.rf.6704f3437ae203469c4dc26f16ceafb1.jpg, 0, 0, 0, 1, 0, 0, 0, 0, 0, 0, 0, 0, 0, 0, 0, 0, 0, 0, 0, 0, 0, 0, 0, 0, 0
f23_JPG_jpg.rf.668b6b478fad00359b725ac304f6211c.jpg, 0, 0, 0, 0, 0, 0, 0, 0, 0, 0, 1, 0, 0, 0, 0, 0, 0, 0, 0, 0, 0, 0, 0, 0, 0
m6_jpg.rf.65e44c6b6ce92b67f95e2b73c2b374a2.jpg, 0, 0, 0, 0, 0, 0, 0, 0, 0, 0, 0, 0, 0, 0, 0, 0, 0, 1, 0, 0, 0, 0, 0, 0, 0
w34_jpg.rf.66650401da3649ccceb5e866340793f5.jpg, 0, 0, 0, 0, 0, 0, 0, 0, 0, 0, 0, 0, 0, 0, 0, 0, 0, 0, 0, 0, 0, 0, 0, 0, 1
p70_jpg.rf.671cf07facdcb2e18fb9f63f75b48108.jpg, 0, 0, 0, 0, 0, 0, 0, 0, 0, 0, 0, 0, 0, 0, 0, 0, 0, 0, 0, 1, 0, 0, 0, 0, 0
n44_JPG_jpg.rf.6757c87365e88485120d9f71e8ff8108.jpg, 0, 0, 0, 0, 0, 1, 0, 0, 0, 0, 0, 0, 0, 0, 0, 0, 0, 0, 1, 0, 0, 0, 0, 0, 0
fl52_JPG_jpg.rf.677c001dab03219021469b2379a0238c.jpg, 0, 0, 0, 0, 0, 0, 0, 0, 0, 1, 0, 0, 0, 0, 1, 0, 0, 0, 0, 0, 0, 0, 0, 0, 0
e39_JPG_jpg.rf.667c5fec00f6a883563da2b2c608eb38.jpg, 0, 1, 0, 0, 0, 0, 0, 0, 0, 0, 0, 0, 0, 0, 0, 0, 0, 0, 0, 0, 0, 0, 0, 0, 0
t20_png_jpg.rf.683f2f8ad0a80c30ed07c3f3fbff7bb0.jpg, 0, 0, 0, 0, 1, 0, 0, 1, 0, 0, 0, 0, 0, 0, 0, 0, 0, 0, 0, 0, 0, 0, 0, 0, 0
p34_png_jpg.rf.67b7c0d8e3670c78ea2870bfac911c28.jpg, 0, 0, 0, 0, 0, 0, 0, 0, 0, 0, 0, 0, 0, 0, 0, 0, 0, 0, 0, 1, 0, 0, 0, 0, 0
n20_JPG_jpg.rf.6875886d81829e84a267810821e75379.jpg, 0, 0, 0, 0, 0, 1, 0, 0, 0, 0, 0, 0, 0, 0, 0, 0, 0, 0, 1, 0, 0, 0, 0, 0, 0
w55_jpg.rf.68637f744a1511b0c91ed3c2e348d2c4.jpg, 0, 0, 0, 0, 0, 0, 0, 0, 0, 0, 0, 0, 0, 0, 0, 0, 0, 0, 0, 0, 0, 0, 0, 0, 1
m11_jpg.rf.67ed82f7dda184eb945f744979d61d79.jpg, 0, 0, 0, 0, 0, 0, 0, 0, 0, 0, 0, 0, 0, 0, 0, 0, 0, 1, 0, 0, 0, 0, 0, 0, 0
fu44_JPG_jpg.rf.682ac585c6276f8d4dd8642153a04417.jpg, 0, 0, 0, 0, 0, 1, 0, 0, 0, 0, 0, 0, 1, 0, 0, 0, 0, 0, 0, 0, 0, 0, 0, 0, 0
f23_JPG_jpg.rf.689a894cbb2d8c9b5b54af7ab4a88477.jpg, 0, 0, 0, 0, 0, 0, 0, 0, 0, 0, 1, 0, 0, 0, 0, 0, 0, 0, 0, 0, 0, 0, 0, 0, 0
f40_JPG_jpg.rf.6873b3494c5015f1f1e9669381031da1.jpg, 0, 0, 0, 0, 0, 1, 0, 0, 0, 0, 0, 1, 0, 0, 0, 0, 0, 0, 0, 0, 0, 0, 0, 0, 0
fl10_JPG_jpg.rf.68a879451dc2d67d020d50143bdf9a55.jpg, 0, 0, 0, 0, 0, 0, 0, 0, 0, 1, 0, 0, 0, 0, 1, 0, 0, 0, 0, 0, 0, 0, 0, 0, 0
f59_JPG_jpg.rf.688d94add3a996ed911ba014c5470878.jpg, 0, 0, 0, 0, 0, 1, 0, 0, 0, 0, 0, 1, 0, 0, 0, 0, 0, 0, 0, 0, 0, 0, 0, 0, 0
b52_jpg.rf.683a72e8d9359ed004c65963cadd6e87.jpg, 0, 0, 0, 0, 0, 0, 1, 0, 0, 0, 0, 0, 0, 0, 0, 0, 0, 0, 0, 0, 0, 0, 0, 0, 0
n48_JPG_jpg.rf.69f10efcb8444f46fbebc6f569cbc97c.jpg, 0, 0, 0, 0, 0, 1, 0, 0, 0, 0, 0, 0, 0, 0, 0, 0, 0, 0, 1, 0, 0, 0, 0, 0, 0
r38_jpg.rf.6954e63712228e3750285df972c8fe74.jpg, 0, 0, 0, 0, 0, 0, 0, 0, 0, 0, 0, 0, 0, 0, 0, 0, 0, 0, 0, 0, 0, 0, 0, 1, 0
ku39_jpg.rf.697b181fba93f8da53532d8d0eedc03f.jpg, 0, 0, 0, 0, 0, 0, 0, 0, 1, 0, 0, 0, 0, 0, 0, 1, 0, 0, 0, 0, 0, 0, 0, 0, 0
fu45_JPG_jpg.rf.69fb6973bd794aed118b55ba5103cf2b.jpg, 0, 0, 0, 0, 0, 1, 0, 0, 0, 0, 0, 0, 1, 0, 0, 0, 0, 0, 0, 0, 0, 0, 0, 0, 0
w36_jpg.rf.69ac3137d0adc216102eb44e684f7de5.jpg, 0, 0, 0, 0, 0, 0, 0, 0, 0, 0, 0, 0, 0, 0, 0, 0, 0, 0, 0, 0, 0, 0, 0, 0, 1
k14_jpg.rf.68ec4ad28659dc0b46b7bf8d00eadf36.jpg, 0, 0, 1, 0, 0, 0, 0, 0, 0, 0, 0, 0, 0, 0, 0, 0, 0, 0, 0, 0, 0, 0, 0, 0, 0
d47_jpg.rf.6975388b0b85fd58f5eab4dd200bc759.jpg, 1, 0, 0, 0, 0, 0, 0, 0, 0, 0, 0, 0, 0, 0, 0, 0, 0, 0, 0, 0, 0, 1, 0, 0, 0
p57_jpg.rf.6a2c12e607b2c314dc5661f89d7ca6a1.jpg, 0, 0, 0, 0, 0, 0, 0, 0, 0, 0, 0, 0, 0, 0, 0, 0, 0, 0, 0, 0, 0, 0, 1, 0, 0
k41_jpg.rf.6a0ab7ba9932398f00987928893ea0a2.jpg, 0, 0, 1, 0, 0, 0, 0, 0, 0, 0, 0, 0, 0, 0, 0, 0, 0, 0, 0, 0, 0, 0, 0, 0, 0
t28_jpg.rf.69d94b9effbb005c08ea31cc206b975d.jpg, 0, 0, 0, 0, 1, 0, 0, 1, 0, 0, 0, 0, 0, 0, 0, 0, 0, 0, 0, 0, 0, 0, 0, 0, 0
fl15_JPG_jpg.rf.69e6e3c2caa45432cfc7fb41b44103c9.jpg, 0, 0, 0, 0, 0, 0, 0, 0, 0, 1, 0, 0, 0, 0, 1, 0, 0, 0, 0, 0, 0, 0, 0, 0, 0
p48_jpg.rf.6a42f4f0197f2914d0db5c88f16189a7.jpg, 0, 0, 0, 0, 0, 0, 0, 0, 0, 0, 0, 0, 0, 0, 0, 0, 0, 0, 0, 0, 0, 0, 1, 0, 0
e63_JPG_jpg.rf.6a4c3448f7cfb6ff1282e9e966f72a0a.jpg, 0, 1, 0, 0, 0, 0, 0, 0, 0, 0, 0, 0, 0, 0, 0, 0, 0, 0, 0, 0, 0, 0, 0, 0, 0
b39_jpg.rf.6add4f0f0cd9b0da1162ab05fcd25539.jpg, 0, 0, 0, 0, 0, 0, 1, 0, 0, 0, 0, 0, 0, 0, 0, 0, 0, 0, 0, 0, 0, 0, 0, 0, 0
fu43_JPG_jpg.rf.6ac31cfb9b42c158740b760903ff3168.jpg, 0, 0, 0, 0, 0, 1, 0, 0, 0, 0, 0, 0, 1, 0, 0, 0, 0, 0, 0, 0, 0, 0, 0, 0, 0
fl11_JPG_jpg.rf.6ba68ed3ad8d71290264ac559552bc4f.jpg, 0, 0, 0, 0, 0, 0, 0, 0, 0, 1, 0, 0, 0, 0, 1, 0, 0, 0, 0, 0, 0, 0, 0, 0, 0
d21_jpg.rf.6b611af899d3ccf6106381cd0d441614.jpg, 1, 0, 0, 0, 0, 0, 0, 0, 0, 0, 0, 0, 0, 0, 0, 0, 0, 0, 0, 0, 0, 1, 0, 0, 0
r37_jpg.rf.6be854bade2f6bfd66d6db05315619e2.jpg, 0, 0, 0, 0, 0, 0, 0, 0, 0, 0, 0, 0, 0, 0, 0, 0, 0, 0, 0, 0, 0, 0, 0, 1, 0
fu32_JPG_jpg.rf.6b36cdd465f6bff511fd2fc9f3a2a706.jpg, 0, 0, 0, 0, 0, 1, 0, 0, 0, 0, 0, 0, 1, 0, 0, 0, 0, 0, 0, 0, 0, 0, 0, 0, 0
fu38_JPG_jpg.rf.6c1a76a9fa47de54ab688bac4a3ed3ca.jpg, 0, 0, 0, 0, 0, 1, 0, 0, 0, 0, 0, 0, 1, 0, 0, 0, 0, 0, 0, 0, 0, 0, 0, 0, 0
b54_jpg.rf.6b1b65343618149708d015452fb7fed3.jpg, 0, 0, 0, 0, 0, 0, 1, 0, 0, 0, 0, 0, 0, 0, 0, 0, 0, 0, 0, 0, 0, 0, 0, 0, 0
e61_JPG_jpg.rf.6b772d9b657a051b8a2fdcfe91535d75.jpg, 0, 1, 0, 0, 0, 0, 0, 0, 0, 0, 0, 0, 0, 0, 0, 0, 0, 0, 0, 0, 0, 0, 0, 0, 0
p49_jpg.rf.6c7a4c3c055858b54152b9da30ae02bc.jpg, 0, 0, 0, 0, 0, 0, 0, 0, 0, 0, 0, 0, 0, 0, 0, 0, 0, 0, 0, 1, 0, 0, 0, 0, 0
t57_jpg.rf.6c89ad58fd64d24c875470f2beace0f2.jpg, 0, 0, 0, 0, 1, 0, 0, 1, 0, 0, 0, 0, 0, 0, 0, 0, 0, 0, 0, 0, 0, 0, 0, 0, 0
d41_JPG_jpg.rf.6b06305969606db34a3df86379b484df.jpg, 1, 0, 0, 0, 0, 0, 0, 0, 0, 0, 0, 0, 0, 0, 0, 0, 0, 0, 0, 0, 0, 1, 0, 0, 0
h56_jpg.rf.6bad30b20b814059356a8f057c1feedc.jpg, 0, 0, 0, 0, 0, 0, 0, 0, 0, 0, 0, 0, 0, 1, 0, 0, 0, 0, 0, 0, 0, 0, 0, 0, 0
f48_jpeg_jpg.rf.6c875c34f6f6c70ba954feb6b7e60ad5.jpg, 0, 0, 0, 0, 0, 0, 0, 0, 0, 0, 1, 0, 0, 0, 0, 0, 0, 0, 0, 0, 0, 0, 0, 0, 0
h52_JPG_jpg.rf.6baab4909dfbced61aac87f71d81f0a1.jpg, 0, 0, 0, 0, 0, 0, 0, 0, 0, 0, 0, 0, 0, 1, 0, 0, 0, 0, 0, 0, 0, 0, 0, 0, 0
m15_jpg.rf.6ca50811c2f53b6619e1e4edbcda193d.jpg, 0, 0, 0, 0, 0, 0, 0, 0, 0, 0, 0, 0, 0, 0, 0, 0, 0, 1, 0, 0, 0, 0, 0, 0, 0
d8_jpg.rf.6d2b8f15e845a12e9b78f8dc92bad99a.jpg, 1, 0, 0, 0, 0, 0, 0, 0, 0, 0, 0, 0, 0, 0, 0, 0, 0, 0, 0, 0, 0, 1, 0, 0, 0
t10_jpeg_jpg.rf.6c416adb10512956edfbafb5221301a5.jpg, 0, 0, 0, 0, 1, 0, 0, 1, 0, 0, 0, 0, 0, 0, 0, 0, 0, 0, 0, 0, 0, 0, 0, 0, 0
fl60_JPG_jpg.rf.6ba6db31cc881fb952f41138d62d34a3.jpg, 0, 0, 0, 0, 0, 0, 0, 0, 0, 1, 0, 0, 0, 0, 1, 0, 0, 0, 0, 0, 0, 0, 0, 0, 0
f46_JPG_jpg.rf.6bdde93bd01c614c542f14188858533a.jpg, 0, 0, 0, 0, 0, 1, 0, 0, 0, 0, 0, 1, 0, 0, 0, 0, 0, 0, 0, 0, 0, 0, 0, 0, 0
d4_png_jpg.rf.6d727f11f3479a590006d58b97cc0271.jpg, 1, 0, 0, 0, 0, 0, 0, 0, 0, 0, 0, 0, 0, 0, 0, 0, 0, 0, 0, 0, 0, 1, 0, 0, 0
fl23_JPG_jpg.rf.6caf0de6051db5af241b78126401b265.jpg, 0, 0, 0, 0, 0, 0, 0, 0, 0, 1, 0, 0, 0, 0, 1, 0, 0, 0, 0, 0, 0, 0, 0, 0, 0
n48_JPG_jpg.rf.6cd847dcdbd57aea63b7d02bccde282a.jpg, 0, 0, 0, 0, 0, 1, 0, 0, 0, 0, 0, 0, 0, 0, 0, 0, 0, 0, 1, 0, 0, 0, 0, 0, 0
e67_JPG_jpg.rf.6b7acb61c84d26ab724df9b28f32ee32.jpg, 0, 1, 0, 0, 0, 0, 0, 0, 0, 0, 0, 0, 0, 0, 0, 0, 0, 0, 0, 0, 0, 0, 0, 0, 0
b35_jpg.rf.6d68670cfe1bb20c2f61ba8fb575cde1.jpg, 0, 0, 0, 0, 0, 0, 1, 0, 0, 0, 0, 0, 0, 0, 0, 0, 0, 0, 0, 0, 0, 0, 0, 0, 0
fl44_JPG_jpg.rf.6d36bc4a10b653d57381c915491c2ef3.jpg, 0, 0, 0, 0, 0, 0, 0, 0, 0, 1, 0, 0, 0, 0, 1, 0, 0, 0, 0, 0, 0, 0, 0, 0, 0
k38_jpg.rf.6dfc3a1eae8c0446c3d2f470064f00cc.jpg, 0, 0, 1, 0, 0, 0, 0, 0, 0, 0, 0, 0, 0, 0, 0, 0, 0, 0, 0, 0, 0, 0, 0, 0, 0
f44_JPG_jpg.rf.6df7f0c181b6b47d4f01ee4bea3788ef.jpg, 0, 0, 0, 0, 0, 1, 0, 0, 0, 0, 0, 1, 0, 0, 0, 0, 0, 0, 0, 0, 0, 0, 0, 0, 0
f70_JPG_jpg.rf.6ef0bde3886a7debf4f557d920b73f0d.jpg, 0, 0, 0, 0, 0, 0, 0, 0, 0, 0, 1, 0, 0, 0, 0, 0, 0, 0, 0, 0, 0, 0, 0, 0, 0
n28_JPG_jpg.rf.6f6d5c53074fd50390a362b7c8bd3fe2.jpg, 0, 0, 0, 0, 0, 1, 0, 0, 0, 0, 0, 0, 0, 0, 0, 0, 0, 0, 1, 0, 0, 0, 0, 0, 0
fl13_JPG_jpg.rf.6e3d347726ab24f45813a5f5f4d1da19.jpg, 0, 0, 0, 0, 0, 0, 0, 0, 0, 1, 0, 0, 0, 0, 1, 0, 0, 0, 0, 0, 0, 0, 0, 0, 0
e30_JPG_jpg.rf.6f4e1daa0fbc325fd727db4a6f5df6f7.jpg, 0, 1, 0, 0, 0, 0, 0, 0, 0, 0, 0, 0, 0, 0, 0, 0, 0, 0, 0, 0, 0, 0, 0, 0, 0
m76_jpg.rf.6f5ebb34d74b6da80f560805612537af.jpg, 0, 0, 0, 0, 0, 0, 0, 0, 0, 0, 0, 0, 0, 0, 0, 0, 0, 1, 0, 0, 0, 0, 0, 0, 0
e19_JPG_jpg.rf.6e9fccb83078921293fe8132d3e14c7f.jpg, 0, 1, 0, 0, 0, 0, 0, 0, 0, 0, 0, 0, 0, 0, 0, 0, 0, 0, 0, 0, 0, 0, 0, 0, 0
p59_JPG_jpg.rf.6f60f08454f827c67f60229ad1aba7e4.jpg, 0, 0, 0, 0, 0, 0, 0, 0, 0, 0, 0, 0, 0, 0, 0, 0, 0, 0, 0, 1, 0, 0, 0, 0, 0
w16_jpg.rf.70d99252cd5cb7036591f28a958a7964.jpg, 0, 0, 0, 0, 0, 0, 0, 0, 0, 0, 0, 0, 0, 0, 0, 0, 0, 0, 0, 0, 0, 0, 0, 0, 1
n19_JPG_jpg.rf.6fc169d176e452a1670fd3b5514253ff.jpg, 0, 0, 0, 0, 0, 1, 0, 0, 0, 0, 0, 0, 0, 0, 0, 0, 0, 0, 1, 0, 0, 0, 0, 0, 0
w14_jpg.rf.7099e7e1dfd242934d61d856156633d0.jpg, 0, 0, 0, 0, 0, 0, 0, 0, 0, 0, 0, 0, 0, 0, 0, 0, 0, 0, 0, 0, 0, 0, 0, 0, 1
m57_jpeg_jpg.rf.7068a221928aa788394592b468bc1cea.jpg, 0, 0, 0, 0, 0, 0, 0, 0, 0, 0, 0, 0, 0, 0, 0, 0, 1, 0, 0, 0, 0, 0, 0, 0, 0
fl54_JPG_jpg.rf.70718c81b8c6e240106393d730d95656.jpg, 0, 0, 0, 0, 0, 0, 0, 0, 0, 1, 0, 0, 0, 0, 1, 0, 0, 0, 0, 0, 0, 0, 0, 0, 0
pa50_jpg.rf.70f7b985ce61dba84eab6eb5cf9cb3e1.jpg, 0, 0, 0, 0, 0, 0, 0, 0, 0, 0, 0, 0, 0, 0, 0, 0, 0, 0, 0, 0, 1, 0, 0, 0, 0
p45_jpg.rf.6ec5cdcf4fe5559b0d719aec1ebcc3da.jpg, 0, 0, 0, 0, 0, 0, 0, 0, 0, 0, 0, 0, 0, 0, 0, 0, 0, 0, 0, 0, 0, 0, 1, 0, 0
n62_JPG_jpg.rf.6fa4a89baa8464ae1a20eca7a9197d9f.jpg, 0, 0, 0, 0, 0, 1, 0, 0, 0, 0, 0, 0, 0, 0, 0, 0, 0, 0, 1, 0, 0, 0, 0, 0, 0
r80_jpg.rf.6fc5d78bb917efc6057fd9d0a9211b7b.jpg, 0, 0, 0, 0, 0, 0, 0, 0, 0, 0, 0, 0, 0, 0, 0, 0, 0, 0, 0, 0, 0, 0, 0, 1, 0
r61_JPG_jpg.rf.6ddb71fed49b76198584097d834eade9.jpg, 0, 0, 0, 0, 0, 0, 0, 0, 0, 0, 0, 0, 0, 0, 0, 0, 0, 0, 0, 0, 0, 0, 0, 1, 0
k13_jpg.rf.70ab48fb27b3a7536c799ec3f3cabfb5.jpg, 0, 0, 1, 0, 0, 0, 0, 0, 0, 0, 0, 0, 0, 0, 0, 0, 0, 0, 0, 0, 0, 0, 0, 0, 0
f50_JPG_jpg.rf.705943e4c3ea9223c5b0d7adb1184229.jpg, 0, 0, 0, 0, 0, 1, 0, 0, 0, 0, 0, 1, 0, 0, 0, 0, 0, 0, 0, 0, 0, 0, 0, 0, 0
fl40_JPG_jpg.rf.70c21949a50a482a574095dbada247ee.jpg, 0, 0, 0, 0, 0, 0, 0, 0, 0, 1, 0, 0, 0, 0, 1, 0, 0, 0, 0, 0, 0, 0, 0, 0, 0
fu48_JPG_jpg.rf.6e3c94b81c5cd57582bbc067ceb25be0.jpg, 0, 0, 0, 0, 0, 1, 0, 0, 0, 0, 0, 0, 1, 0, 0, 0, 0, 0, 0, 0, 0, 0, 0, 0, 0
p33_jpg.rf.70592a31d4ba0b26da1b43900955d1c0.jpg, 0, 0, 0, 0, 0, 0, 0, 0, 0, 0, 0, 0, 0, 0, 0, 0, 0, 0, 0, 1, 0, 0, 0, 0, 0
n51_JPG_jpg.rf.709a7de17ea06904faeebef8d9c957c5.jpg, 0, 0, 0, 0, 0, 1, 0, 0, 0, 0, 0, 0, 0, 0, 0, 0, 0, 0, 1, 0, 0, 0, 0, 0, 0
k33_jpg.rf.711ef5054bc11fdfe0d56b0ba91a0502.jpg, 0, 0, 1, 0, 0, 0, 0, 0, 0, 0, 0, 0, 0, 0, 0, 0, 0, 0, 0, 0, 0, 0, 0, 0, 0
t11_jpg.rf.72234fb2b49eec19ec4b1533f8e4afa3.jpg, 0, 0, 0, 0, 1, 0, 0, 1, 0, 0, 0, 0, 0, 0, 0, 0, 0, 0, 0, 0, 0, 0, 0, 0, 0
m35_png_jpg.rf.7164f83802d05864df9e50426e661ebe.jpg, 0, 0, 0, 0, 0, 0, 0, 0, 0, 0, 0, 0, 0, 0, 0, 0, 0, 1, 0, 0, 0, 0, 0, 0, 0
b48_jpg.rf.718e334b1f8a562e97f336779a7a1218.jpg, 0, 0, 0, 0, 0, 0, 1, 0, 0, 0, 0, 0, 0, 0, 0, 0, 0, 0, 0, 0, 0, 0, 0, 0, 0
d40_jpg.rf.718f949ed49543e76c53af58ac8052ba.jpg, 1, 0, 0, 0, 0, 0, 0, 0, 0, 0, 0, 0, 0, 0, 0, 0, 0, 0, 0, 0, 0, 1, 0, 0, 0
p67_JPG_jpg.rf.72240c1ab099fc75c88207386c8f828d.jpg, 0, 0, 0, 1, 0, 0, 0, 0, 0, 0, 0, 0, 0, 0, 0, 0, 0, 0, 0, 0, 0, 0, 0, 0, 0
e29_JPG_jpg.rf.7158ac285e22369b02dc74fbf2ca31b4.jpg, 0, 1, 0, 0, 0, 0, 0, 0, 0, 0, 0, 0, 0, 0, 0, 0, 0, 0, 0, 0, 0, 0, 0, 0, 0
d36_jpg.rf.72a807d3614e87970ee99ea215420fea.jpg, 1, 0, 0, 0, 0, 0, 0, 0, 0, 0, 0, 0, 0, 0, 0, 0, 0, 0, 0, 0, 0, 1, 0, 0, 0
r11_jpg.rf.728f4c7fc04f8f7b0aaf4febffa00c18.jpg, 0, 0, 0, 0, 0, 0, 0, 0, 0, 0, 0, 0, 0, 0, 0, 0, 0, 0, 0, 0, 0, 0, 0, 1, 0
w23_jpg.rf.71c0c09c53e425d4bf94ff958bf1f713.jpg, 0, 0, 0, 0, 0, 0, 0, 0, 0, 0, 0, 0, 0, 0, 0, 0, 0, 0, 0, 0, 0, 0, 0, 0, 1
t9_png_jpg.rf.71653960a9c6443e463fe88511123b4f.jpg, 0, 0, 0, 0, 1, 0, 0, 1, 0, 0, 0, 0, 0, 0, 0, 0, 0, 0, 0, 0, 0, 0, 0, 0, 0
r11_jpg.rf.7235c73d87396904871199a55f6fd4a1.jpg, 0, 0, 0, 0, 0, 0, 0, 0, 0, 0, 0, 0, 0, 0, 0, 0, 0, 0, 0, 0, 0, 0, 0, 1, 0
m24_jpg.rf.715b6e10f7563ce4607b165bde387437.jpg, 0, 0, 0, 0, 0, 0, 0, 0, 0, 0, 0, 0, 0, 0, 0, 0, 1, 0, 0, 0, 0, 0, 0, 0, 0
w43_jpg.rf.724263ac083a2d741824e2f6eb686417.jpg, 0, 0, 0, 0, 0, 0, 0, 0, 0, 0, 0, 0, 0, 0, 0, 0, 0, 0, 0, 0, 0, 0, 0, 0, 1
p21_jpg.rf.73222b9a01e70bb8a982a3f97eb00564.jpg, 0, 0, 0, 0, 0, 0, 0, 0, 0, 0, 0, 0, 0, 0, 0, 0, 0, 0, 0, 1, 0, 0, 0, 0, 0
ku52_jpg.rf.7309f12ffbf442ef084195cb9a5e515c.jpg, 0, 0, 0, 0, 0, 0, 0, 0, 1, 0, 0, 0, 0, 0, 0, 1, 0, 0, 0, 0, 0, 0, 0, 0, 0
w60_jpg.rf.72ac0e554d013804e87332af3ba30649.jpg, 0, 0, 0, 0, 0, 0, 0, 0, 0, 0, 0, 0, 0, 0, 0, 0, 0, 0, 0, 0, 0, 0, 0, 0, 1
r28_jpg.rf.712cd4e587ecfe5a72489791b0f93ea4.jpg, 0, 0, 0, 0, 0, 0, 0, 0, 0, 0, 0, 0, 0, 0, 0, 0, 0, 0, 0, 0, 0, 0, 0, 1, 0
d19_png_jpg.rf.71ef9ef21f57579577c12afcefc5f587.jpg, 1, 0, 0, 0, 0, 0, 0, 0, 0, 0, 0, 0, 0, 0, 0, 0, 0, 0, 0, 0, 0, 1, 0, 0, 0
fu18_JPG_jpg.rf.730b8bb45c48b3b06a3a9efb8404f37e.jpg, 0, 0, 0, 0, 0, 1, 0, 0, 0, 0, 0, 0, 1, 0, 0, 0, 0, 0, 0, 0, 0, 0, 0, 0, 0
m30_jpg.rf.728590cd8d2497cd237c1eec2a0240d1.jpg, 0, 0, 0, 0, 0, 0, 0, 0, 0, 0, 0, 0, 0, 0, 0, 0, 0, 1, 0, 0, 0, 0, 0, 0, 0
b7_jpg.rf.739ae5cbb1cbbe2947d474faad52e1f7.jpg, 0, 0, 0, 0, 0, 0, 1, 0, 0, 0, 0, 0, 0, 0, 0, 0, 0, 0, 0, 0, 0, 0, 0, 0, 0
m12_jpg.rf.735d8a1d58c076d020fc5c4b1b02901b.jpg, 0, 0, 0, 0, 0, 0, 0, 0, 0, 0, 0, 0, 0, 0, 0, 0, 0, 1, 0, 0, 0, 0, 0, 0, 0
n56_JPG_jpg.rf.7324c5d1d5bd407ce2e1368109e676a9.jpg, 0, 0, 0, 0, 0, 1, 0, 0, 0, 0, 0, 0, 0, 0, 0, 0, 0, 0, 1, 0, 0, 0, 0, 0, 0
f18_JPG_jpg.rf.7284052d5f50ddc204d8090f2fa43420.jpg, 0, 0, 0, 0, 0, 1, 0, 0, 0, 0, 0, 1, 0, 0, 0, 0, 0, 0, 0, 0, 0, 0, 0, 0, 0
fu60_JPG_jpg.rf.733f14b267fcb7bfd642d917ff1695a3.jpg, 0, 0, 0, 0, 0, 1, 0, 0, 0, 0, 0, 0, 1, 0, 0, 0, 0, 0, 0, 0, 0, 0, 0, 0, 0
f7_jpg.rf.73c04d4e171e8d34a7b67a6480ef54d2.jpg, 0, 0, 0, 0, 0, 0, 0, 0, 0, 0, 1, 0, 0, 0, 0, 0, 0, 0, 0, 0, 0, 0, 0, 0, 0
p42_jpg.rf.74051a5800fd09394798ab9cd56925b5.jpg, 0, 0, 0, 0, 0, 0, 0, 0, 0, 0, 0, 0, 0, 0, 0, 0, 0, 0, 0, 0, 0, 0, 1, 0, 0
r58_jpg.rf.7470ec583272460d60497d335a7dbeb8.jpg, 0, 0, 0, 0, 0, 0, 0, 0, 0, 0, 0, 0, 0, 0, 0, 0, 0, 0, 0, 0, 0, 0, 0, 1, 0
fu16_JPG_jpg.rf.73ac6cb38330bec3a51cdc059b807d2f.jpg, 0, 0, 0, 0, 0, 1, 0, 0, 0, 0, 0, 0, 1, 0, 0, 0, 0, 0, 0, 0, 0, 0, 0, 0, 0
f48_JPG_jpg.rf.741fb2e29b0da7ae08ef9a6f8ff0f421.jpg, 0, 0, 0, 0, 0, 1, 0, 0, 0, 0, 0, 1, 0, 0, 0, 0, 0, 0, 0, 0, 0, 0, 0, 0, 0
m54_jpg.rf.74f4d427d31335bd341a22ab560280af.jpg, 0, 0, 0, 0, 0, 0, 0, 0, 0, 0, 0, 0, 0, 0, 0, 0, 1, 0, 0, 0, 0, 0, 0, 0, 0
p43_JPG_jpg.rf.748fee827c360dee89b59b439612a898.jpg, 0, 0, 0, 1, 0, 0, 0, 0, 0, 0, 0, 0, 0, 0, 0, 0, 0, 0, 0, 0, 0, 0, 0, 0, 0
f29_JPG_jpg.rf.7496cac04151e837dfaa608a754d3ddc.jpg, 0, 0, 0, 0, 0, 1, 0, 0, 0, 0, 0, 1, 0, 0, 0, 0, 0, 0, 0, 0, 0, 0, 0, 0, 0
t51_JPG_jpg.rf.742cd9c7296de8d3201b190ed8fd401f.jpg, 0, 0, 0, 0, 1, 0, 0, 1, 0, 0, 0, 0, 0, 0, 0, 0, 0, 0, 0, 0, 0, 0, 0, 0, 0
w31_jpg.rf.74935480965fcbffc5fb2f93dc94167a.jpg, 0, 0, 0, 0, 0, 0, 0, 0, 0, 0, 0, 0, 0, 0, 0, 0, 0, 0, 0, 0, 0, 0, 0, 0, 1
p32_jpg.rf.74cbfd69e69b99cfcf2b89947c5101c8.jpg, 0, 0, 0, 0, 0, 0, 0, 0, 0, 0, 0, 0, 0, 0, 0, 0, 0, 0, 0, 1, 0, 0, 0, 0, 0
p49_png_jpg.rf.74e8cf0e4e955fe7588650925c861b4c.jpg, 0, 0, 0, 1, 0, 0, 0, 0, 0, 0, 0, 0, 0, 0, 0, 0, 0, 0, 0, 0, 0, 0, 0, 0, 0
f51_JPG_jpg.rf.73fa342eae2c9856b143f94e65ce2718.jpg, 0, 0, 0, 0, 0, 1, 0, 0, 0, 0, 0, 1, 0, 0, 0, 0, 0, 0, 0, 0, 0, 0, 0, 0, 0
k43_png_jpg.rf.73b5bff32b4b0028c4982fc36140ed7e.jpg, 0, 0, 1, 0, 0, 0, 0, 0, 0, 0, 0, 0, 0, 0, 0, 0, 0, 0, 0, 0, 0, 0, 0, 0, 0
f56_JPG_jpg.rf.755d08abf3d21396480ef2f5b6bfe657.jpg, 0, 0, 0, 0, 0, 1, 0, 0, 0, 0, 0, 1, 0, 0, 0, 0, 0, 0, 0, 0, 0, 0, 0, 0, 0
d5_JPG_jpg.rf.75f7b113a9bdb0cbb9604931e21ada6a.jpg, 1, 0, 0, 0, 0, 0, 0, 0, 0, 0, 0, 0, 0, 0, 0, 0, 0, 0, 0, 0, 0, 1, 0, 0, 0
b43_jpg.rf.742c818c051f596822af674c307b0ae3.jpg, 0, 0, 0, 0, 0, 0, 1, 0, 0, 0, 0, 0, 0, 0, 0, 0, 0, 0, 0, 0, 0, 0, 0, 0, 0
r75_jpg.rf.75588d6fbd7a6ca3267d4e95d1c5ca44.jpg, 0, 0, 0, 0, 0, 0, 0, 0, 0, 0, 0, 0, 0, 0, 0, 0, 0, 0, 0, 0, 0, 0, 0, 1, 0
d48_jpg.rf.76009d9394f7cc06792fead141c524d5.jpg, 1, 0, 0, 0, 0, 0, 0, 0, 0, 0, 0, 0, 0, 0, 0, 0, 0, 0, 0, 0, 0, 1, 0, 0, 0
f50_JPG_jpg.rf.75966e36be7aeb73c30fe82c0b3ba250.jpg, 0, 0, 0, 0, 0, 0, 0, 0, 0, 0, 1, 0, 0, 0, 0, 0, 0, 0, 0, 0, 0, 0, 0, 0, 0
fl27_JPG_jpg.rf.75d58492b84caebfa547f6d5d1c842a0.jpg, 0, 0, 0, 0, 0, 0, 0, 0, 0, 1, 0, 0, 0, 0, 1, 0, 0, 0, 0, 0, 0, 0, 0, 0, 0
r46_jpeg_jpg.rf.76074e26dc449a8043010d6d01359f9a.jpg, 0, 0, 0, 0, 0, 0, 0, 0, 0, 0, 0, 0, 0, 0, 0, 0, 0, 0, 0, 0, 0, 0, 0, 1, 0
d25_jpg.rf.74ba17d9400ef4636d3df967bd3a3f1e.jpg, 1, 0, 0, 0, 0, 0, 0, 0, 0, 0, 0, 0, 0, 0, 0, 0, 0, 0, 0, 0, 0, 1, 0, 0, 0
r19_jpg.rf.753ed88ea832158e696429796c43ca36.jpg, 0, 0, 0, 0, 0, 0, 0, 0, 0, 0, 0, 0, 0, 0, 0, 0, 0, 0, 0, 0, 0, 0, 0, 1, 0
w43_jpg.rf.758315c9cd39b3a05b8f77f26851d77a.jpg, 0, 0, 0, 0, 0, 0, 0, 0, 0, 0, 0, 0, 0, 0, 0, 0, 0, 0, 0, 0, 0, 0, 0, 0, 1
n42_JPG_jpg.rf.74e5f8f7580b76e988fb9fc934439850.jpg, 0, 0, 0, 0, 0, 1, 0, 0, 0, 0, 0, 0, 0, 0, 0, 0, 0, 0, 1, 0, 0, 0, 0, 0, 0
e59_JPG_jpg.rf.760f74ead18535126b6e094064bab799.jpg, 0, 1, 0, 0, 0, 0, 0, 0, 0, 0, 0, 0, 0, 0, 0, 0, 0, 0, 0, 0, 0, 0, 0, 0, 0
fl27_JPG_jpg.rf.771d8d29bd0a51b5f2e40f69e89fc21b.jpg, 0, 0, 0, 0, 0, 0, 0, 0, 0, 1, 0, 0, 0, 0, 1, 0, 0, 0, 0, 0, 0, 0, 0, 0, 0
p55_jpg.rf.7733c132a5d1be2aba912560c1eb93d7.jpg, 0, 0, 0, 0, 0, 0, 0, 0, 0, 0, 0, 0, 0, 0, 0, 0, 0, 0, 0, 0, 0, 0, 1, 0, 0
r10_jpg.rf.76d9617cfb4e9bca100254c289bf5a5b.jpg, 0, 0, 0, 0, 0, 0, 0, 0, 0, 0, 0, 0, 0, 0, 0, 0, 0, 0, 0, 0, 0, 0, 0, 1, 0
n44_JPG_jpg.rf.76725d42d1e5287c582597bb0d1e7378.jpg, 0, 0, 0, 0, 0, 1, 0, 0, 0, 0, 0, 0, 0, 0, 0, 0, 0, 0, 1, 0, 0, 0, 0, 0, 0
r23_jpg.rf.775c01b0a406de70c9aa29ff20a5a743.jpg, 0, 0, 0, 0, 0, 0, 0, 0, 0, 0, 0, 0, 0, 0, 0, 0, 0, 0, 0, 0, 0, 0, 0, 1, 0
r12_jpg.rf.7733ca594c77028187c163f6049a6671.jpg, 0, 0, 0, 0, 0, 0, 0, 0, 0, 0, 0, 0, 0, 0, 0, 0, 0, 0, 0, 0, 0, 0, 0, 1, 0
n8_JPG_jpg.rf.7690c4cd8a52061afacce21df8160934.jpg, 0, 0, 0, 0, 0, 1, 0, 0, 0, 0, 0, 0, 0, 0, 0, 0, 0, 0, 1, 0, 0, 0, 0, 0, 0
ku46_jpg.rf.77348121d1f312c74f13bba38eb032fa.jpg, 0, 0, 0, 0, 0, 0, 0, 0, 1, 0, 0, 0, 0, 0, 0, 1, 0, 0, 0, 0, 0, 0, 0, 0, 0
e46_jpg.rf.78a3e1bf7bd333401723b62df17cd33c.jpg, 0, 1, 0, 0, 0, 0, 0, 0, 0, 0, 0, 0, 0, 0, 0, 0, 0, 0, 0, 0, 0, 0, 0, 0, 0
fl49_JPG_jpg.rf.77761510576f0baf5fbacd50704e5536.jpg, 0, 0, 0, 0, 0, 0, 0, 0, 0, 1, 0, 0, 0, 0, 1, 0, 0, 0, 0, 0, 0, 0, 0, 0, 0
f15_JPG_jpg.rf.773f3431dc82e59e3dacfd6b4f3631b5.jpg, 0, 0, 0, 0, 0, 0, 0, 0, 0, 0, 1, 0, 0, 0, 0, 0, 0, 0, 0, 0, 0, 0, 0, 0, 0
fu61_JPG_jpg.rf.7711005abaa61535993625d09f83f2ab.jpg, 0, 0, 0, 0, 0, 1, 0, 0, 0, 0, 0, 0, 1, 0, 0, 0, 0, 0, 0, 0, 0, 0, 0, 0, 0
e21_jpg.rf.77714ecb0911910bc9407db4ad0c3399.jpg, 0, 1, 0, 0, 0, 0, 0, 0, 0, 0, 0, 0, 0, 0, 0, 0, 0, 0, 0, 0, 0, 0, 0, 0, 0
k41_jpg.rf.7856ce6656214626c08df583240296e1.jpg, 0, 0, 1, 0, 0, 0, 0, 0, 0, 0, 0, 0, 0, 0, 0, 0, 0, 0, 0, 0, 0, 0, 0, 0, 0
fu54_JPG_jpg.rf.7872a5cab5907bd61e6f14e330277924.jpg, 0, 0, 0, 0, 0, 1, 0, 0, 0, 0, 0, 0, 1, 0, 0, 0, 0, 0, 0, 0, 0, 0, 0, 0, 0
b52_jpg.rf.784da6ab87cb7e2e3794cb374dac8e71.jpg, 0, 0, 0, 0, 0, 0, 1, 0, 0, 0, 0, 0, 0, 0, 0, 0, 0, 0, 0, 0, 0, 0, 0, 0, 0
h52_JPG_jpg.rf.780138f0dba7703b987a8355b6515819.jpg, 0, 0, 0, 0, 0, 0, 0, 0, 0, 0, 0, 0, 0, 1, 0, 0, 0, 0, 0, 0, 0, 0, 0, 0, 0
t59_jpg.rf.78993b05e3b4dc14508f09af53fa9864.jpg, 0, 0, 0, 0, 1, 0, 0, 1, 0, 0, 0, 0, 0, 0, 0, 0, 0, 0, 0, 0, 0, 0, 0, 0, 0
k44_png_jpg.rf.7969412f1809a51185dbf687b885c0c1.jpg, 0, 0, 1, 0, 0, 0, 0, 0, 0, 0, 0, 0, 0, 0, 0, 0, 0, 0, 0, 0, 0, 0, 0, 0, 0
ku39_jpg.rf.78de0367f6b4023143cc0c9fcf61731e.jpg, 0, 0, 0, 0, 0, 0, 0, 0, 1, 0, 0, 0, 0, 0, 0, 1, 0, 0, 0, 0, 0, 0, 0, 0, 0
r74_jpg.rf.79375240f0f217ce2b5a1b69d0c65ac4.jpg, 0, 0, 0, 0, 0, 0, 0, 0, 0, 0, 0, 0, 0, 0, 0, 0, 0, 0, 0, 0, 0, 0, 0, 1, 0
fu18_JPG_jpg.rf.78b583b86426806332a3361cdf5e9503.jpg, 0, 0, 0, 0, 0, 1, 0, 0, 0, 0, 0, 0, 1, 0, 0, 0, 0, 0, 0, 0, 0, 0, 0, 0, 0
p38_jpg.rf.778a38a5b6a55c7460cd64c84ff73c4d.jpg, 0, 0, 0, 0, 0, 0, 0, 0, 0, 0, 0, 0, 0, 0, 0, 0, 0, 0, 0, 1, 0, 0, 0, 0, 0
n39_JPG_jpg.rf.79566b150d3954612c44160ef663a941.jpg, 0, 0, 0, 0, 0, 1, 0, 0, 0, 0, 0, 0, 0, 0, 0, 0, 0, 0, 1, 0, 0, 0, 0, 0, 0
m28_jpg.rf.797a2e90e896b3a8053e8df1d44d9cb2.jpg, 0, 0, 0, 0, 0, 0, 0, 0, 0, 0, 0, 0, 0, 0, 0, 0, 0, 1, 0, 0, 0, 0, 0, 0, 0
pa48_JPG_jpg.rf.795d460d3db6baada7d06aaeef598969.jpg, 0, 0, 0, 0, 0, 0, 0, 0, 0, 0, 0, 0, 0, 0, 0, 0, 0, 0, 0, 0, 1, 0, 0, 0, 0
m16_jpg.rf.798b90f5ca2368e17beb085121816e54.jpg, 0, 0, 0, 0, 0, 0, 0, 0, 0, 0, 0, 0, 0, 0, 0, 0, 0, 1, 0, 0, 0, 0, 0, 0, 0
pa41_jpg.rf.79cae164892079c996388c442bb2dc84.jpg, 0, 0, 0, 0, 0, 0, 0, 0, 0, 0, 0, 0, 0, 0, 0, 0, 0, 0, 0, 0, 1, 0, 0, 0, 0
f33_jpg.rf.79ce9f22deb2aef962568235f9c670f7.jpg, 0, 0, 0, 0, 0, 0, 0, 0, 0, 0, 1, 0, 0, 0, 0, 0, 0, 0, 0, 0, 0, 0, 0, 0, 0
n26_JPG_jpg.rf.79f2229b10a7549e5ea9aeb0965a7249.jpg, 0, 0, 0, 0, 0, 1, 0, 0, 0, 0, 0, 0, 0, 0, 0, 0, 0, 0, 1, 0, 0, 0, 0, 0, 0
n11_JPG_jpg.rf.79d876d7b3ad08b1fed735b7a2e69864.jpg, 0, 0, 0, 0, 0, 1, 0, 0, 0, 0, 0, 0, 0, 0, 0, 0, 0, 0, 1, 0, 0, 0, 0, 0, 0
r65_jpg.rf.7a3e026d00d73be1e83154149580da12.jpg, 0, 0, 0, 0, 0, 0, 0, 0, 0, 0, 0, 0, 0, 0, 0, 0, 0, 0, 0, 0, 0, 0, 0, 1, 0
ku9_jpg.rf.7aa629051e522ad75e9b90894bfee3a4.jpg, 0, 0, 0, 0, 0, 0, 0, 0, 1, 0, 0, 0, 0, 0, 0, 1, 0, 0, 0, 0, 0, 0, 0, 0, 0
r72_jpg.rf.7a40c8f49766d26b4cd2f2a86254a7c8.jpg, 0, 0, 0, 0, 0, 0, 0, 0, 0, 0, 0, 0, 0, 0, 0, 0, 0, 0, 0, 0, 0, 0, 0, 1, 0
k1_jpg.rf.7a438ad3ead7dc3900df068edc9a267c.jpg, 0, 0, 1, 0, 0, 0, 0, 0, 0, 0, 0, 0, 0, 0, 0, 0, 0, 0, 0, 0, 0, 0, 0, 0, 0
fl39_JPG_jpg.rf.7b167eaa0112e9164cb2ee1bdcccb81f.jpg, 0, 0, 0, 0, 0, 0, 0, 0, 0, 1, 0, 0, 0, 0, 1, 0, 0, 0, 0, 0, 0, 0, 0, 0, 0
f25_jpg.rf.7a21de297b585b0ef42f8da0a3cd824f.jpg, 0, 0, 0, 0, 0, 0, 0, 0, 0, 0, 1, 0, 0, 0, 0, 0, 0, 0, 0, 0, 0, 0, 0, 0, 0
p27_jpg.rf.7a92fb31c6b72f3a4dc6d43257e5bdd3.jpg, 0, 0, 0, 1, 0, 0, 0, 0, 0, 0, 0, 0, 0, 0, 0, 0, 0, 0, 0, 0, 0, 0, 0, 0, 0
f13_jpg.rf.7c1b5b2b60c0cfd273c66bd27f644910.jpg, 0, 0, 0, 0, 0, 0, 0, 0, 0, 0, 1, 0, 0, 0, 0, 0, 0, 0, 0, 0, 0, 0, 0, 0, 0
m62_jpg.rf.7c1638495d62d0813863673dd564f6fc.jpg, 0, 0, 0, 0, 0, 0, 0, 0, 0, 0, 0, 0, 0, 0, 0, 0, 0, 1, 0, 0, 0, 0, 0, 0, 0
n7_JPG_jpg.rf.7bee207dba54b110a7a729b360d3dd8f.jpg, 0, 0, 0, 0, 0, 1, 0, 0, 0, 0, 0, 0, 0, 0, 0, 0, 0, 0, 1, 0, 0, 0, 0, 0, 0
h63_png_jpg.rf.7be60ac59b964ea6674ffed031622373.jpg, 0, 0, 0, 0, 0, 0, 0, 0, 0, 0, 0, 0, 0, 1, 0, 0, 0, 0, 0, 0, 0, 0, 0, 0, 0
f43_jpg.rf.7b485aac3ee6cc6a92e46dae0bc6707d.jpg, 0, 0, 0, 0, 0, 0, 0, 0, 0, 0, 1, 0, 0, 0, 0, 0, 0, 0, 0, 0, 0, 0, 0, 0, 0
p58_jpg.rf.7ac9b31524bd39b374dbd066a0d9f573.jpg, 0, 0, 0, 0, 0, 0, 0, 0, 0, 0, 0, 0, 0, 0, 0, 0, 0, 0, 0, 0, 0, 0, 1, 0, 0
f41_JPG_jpg.rf.7c0a5fcaf6c4dad73be00ea23369cae3.jpg, 0, 0, 0, 0, 0, 1, 0, 0, 0, 0, 0, 1, 0, 0, 0, 0, 0, 0, 0, 0, 0, 0, 0, 0, 0
f20_JPG_jpg.rf.7ba1699ffeebcac3c5ea6552285e2a08.jpg, 0, 0, 0, 0, 0, 1, 0, 0, 0, 0, 0, 1, 0, 0, 0, 0, 0, 0, 0, 0, 0, 0, 0, 0, 0
fl45_JPG_jpg.rf.7c8a1b4429e8f32041372541ea3fef22.jpg, 0, 0, 0, 0, 0, 0, 0, 0, 0, 1, 0, 0, 0, 0, 1, 0, 0, 0, 0, 0, 0, 0, 0, 0, 0
r7_jpg.rf.7b0153dabd488f9d6e0d9e0447743c8a.jpg, 0, 0, 0, 0, 0, 0, 0, 0, 0, 0, 0, 0, 0, 0, 0, 0, 0, 0, 0, 0, 0, 0, 0, 1, 0
b36_jpg.rf.7c47e99da5474e5fe191aaa43849de67.jpg, 0, 0, 0, 0, 0, 0, 1, 0, 0, 0, 0, 0, 0, 0, 0, 0, 0, 0, 0, 0, 0, 0, 0, 0, 0
m70_jpg.rf.7a71d649cafd5ccfb7a737a6d4d78e91.jpg, 0, 0, 0, 0, 0, 0, 0, 0, 0, 0, 0, 0, 0, 0, 0, 0, 0, 1, 0, 0, 0, 0, 0, 0, 0
r73_jpg.rf.7c40a874b23767ee66bd6b3504e57fda.jpg, 0, 0, 0, 0, 0, 0, 0, 0, 0, 0, 0, 0, 0, 0, 0, 0, 0, 0, 0, 0, 0, 0, 0, 1, 0
f1_JPG_jpg.rf.7d03059a2c15ba7ad6f2e509ec9cc767.jpg, 0, 0, 0, 0, 0, 1, 0, 0, 0, 0, 0, 1, 0, 0, 0, 0, 0, 0, 0, 0, 0, 0, 0, 0, 0
h48_jpg.rf.7bc5fbe96324dc925a8ccc07c5828cdd.jpg, 0, 0, 0, 0, 0, 0, 0, 0, 0, 0, 0, 0, 0, 1, 0, 0, 0, 0, 0, 0, 0, 0, 0, 0, 0
t42_jpg.rf.7ce7f2bcf88bc40c685f28fab1abbe9b.jpg, 0, 0, 0, 0, 1, 0, 0, 1, 0, 0, 0, 0, 0, 0, 0, 0, 0, 0, 0, 0, 0, 0, 0, 0, 0
f20_JPG_jpg.rf.7d41a56d46c2b66236d001eac5563516.jpg, 0, 0, 0, 0, 0, 1, 0, 0, 0, 0, 0, 1, 0, 0, 0, 0, 0, 0, 0, 0, 0, 0, 0, 0, 0
r60_jpg.rf.7d0eecb7e230ba527ff996cfb1d77de6.jpg, 0, 0, 0, 0, 0, 0, 0, 0, 0, 0, 0, 0, 0, 0, 0, 0, 0, 0, 0, 0, 0, 0, 0, 1, 0
n32_JPG_jpg.rf.7d91a5f4c624ac7b1288b5d84ea93c49.jpg, 0, 0, 0, 0, 0, 1, 0, 0, 0, 0, 0, 0, 0, 0, 0, 0, 0, 0, 1, 0, 0, 0, 0, 0, 0
p31_jpg.rf.7f70abbc4d7df5c55a7331b63837941c.jpg, 0, 0, 0, 0, 0, 0, 0, 0, 0, 0, 0, 0, 0, 0, 0, 0, 0, 0, 0, 0, 0, 0, 1, 0, 0
m29_jpg.rf.7fdc0892e0f3804b46f169a29b81d7a3.jpg, 0, 0, 0, 0, 0, 0, 0, 0, 0, 0, 0, 0, 0, 0, 0, 0, 0, 1, 0, 0, 0, 0, 0, 0, 0
d48_jpg.rf.7e5b514a19f7593f06dfc8693897e73f.jpg, 1, 0, 0, 0, 0, 0, 0, 0, 0, 0, 0, 0, 0, 0, 0, 0, 0, 0, 0, 0, 0, 1, 0, 0, 0
fu5_JPG_jpg.rf.7ea636067731beecb5b1cc110743623c.jpg, 0, 0, 0, 0, 0, 1, 0, 0, 0, 0, 0, 0, 1, 0, 0, 0, 0, 0, 0, 0, 0, 0, 0, 0, 0
f49_JPG_jpg.rf.7f5346acaefe75d8a56871c7837ce211.jpg, 0, 0, 0, 0, 0, 1, 0, 0, 0, 0, 0, 1, 0, 0, 0, 0, 0, 0, 0, 0, 0, 0, 0, 0, 0
r41_jpg.rf.7e90975785018d8e7716bd8982d98590.jpg, 0, 0, 0, 0, 0, 0, 0, 0, 0, 0, 0, 0, 0, 0, 0, 0, 0, 0, 0, 0, 0, 0, 0, 1, 0
pa71_JPG_jpg.rf.7e4ab5ca9249f60ca166e307420888e2.jpg, 0, 0, 0, 0, 0, 0, 0, 0, 0, 0, 0, 0, 0, 0, 0, 0, 0, 0, 0, 0, 1, 0, 0, 0, 0
m50_jpg.rf.8005228b55d3979803162af36637f515.jpg, 0, 0, 0, 0, 0, 0, 0, 0, 0, 0, 0, 0, 0, 0, 0, 0, 0, 1, 0, 0, 0, 0, 0, 0, 0
w50_jpg.rf.802cb6f2b897962268c58aa860e38aae.jpg, 0, 0, 0, 0, 0, 0, 0, 0, 0, 0, 0, 0, 0, 0, 0, 0, 0, 0, 0, 0, 0, 0, 0, 0, 1
fl7_JPG_jpg.rf.7dd50c6ce61d041371ea503912317718.jpg, 0, 0, 0, 0, 0, 0, 0, 0, 0, 1, 0, 0, 0, 0, 1, 0, 0, 0, 0, 0, 0, 0, 0, 0, 0
f33_JPG_jpg.rf.7ed6a9d57e68e9aea6f46dc44aec9664.jpg, 0, 0, 0, 0, 0, 1, 0, 0, 0, 0, 0, 1, 0, 0, 0, 0, 0, 0, 0, 0, 0, 0, 0, 0, 0
fl15_JPG_jpg.rf.7ee3bd1f66d728ccffc11b5c0957e621.jpg, 0, 0, 0, 0, 0, 0, 0, 0, 0, 1, 0, 0, 0, 0, 1, 0, 0, 0, 0, 0, 0, 0, 0, 0, 0
w10_jpg.rf.7e522bb7f6011dae191bfa87180e876d.jpg, 0, 0, 0, 0, 0, 0, 0, 0, 0, 0, 0, 0, 0, 0, 0, 0, 0, 0, 0, 0, 0, 0, 0, 0, 1
w62_JPG_jpg.rf.803260d8d97de7be79c26a5873f1135b.jpg, 0, 0, 0, 0, 0, 0, 0, 0, 0, 0, 0, 0, 0, 0, 0, 0, 0, 0, 0, 0, 0, 0, 0, 0, 1
ku59_JPG_jpg.rf.7e3ca8a51a5e3f1486ea2e512c7c3891.jpg, 0, 0, 0, 0, 0, 0, 0, 0, 1, 0, 0, 0, 0, 0, 0, 1, 0, 0, 0, 0, 0, 0, 0, 0, 0
k26_jpg.rf.7d74f3cba8ecf0c91aacfa5b059e324b.jpg, 0, 0, 1, 0, 0, 0, 0, 0, 0, 0, 0, 0, 0, 0, 0, 0, 0, 0, 0, 0, 0, 0, 0, 0, 0
p42_jpg.rf.7fbaa6ec3b4963a4265ecd09db7857f2.jpg, 0, 0, 0, 0, 0, 0, 0, 0, 0, 0, 0, 0, 0, 0, 0, 0, 0, 0, 0, 0, 0, 0, 1, 0, 0
fl34_JPG_jpg.rf.7e3e92ce57aa440fbdbac85f3afa34f9.jpg, 0, 0, 0, 0, 0, 0, 0, 0, 0, 1, 0, 0, 0, 0, 1, 0, 0, 0, 0, 0, 0, 0, 0, 0, 0
b7_jpg.rf.7e6e10240f0458ced779342774647801.jpg, 0, 0, 0, 0, 0, 0, 1, 0, 0, 0, 0, 0, 0, 0, 0, 0, 0, 0, 0, 0, 0, 0, 0, 0, 0
n32_JPG_jpg.rf.805c8e0754147644efda19349cfb1118.jpg, 0, 0, 0, 0, 0, 1, 0, 0, 0, 0, 0, 0, 0, 0, 0, 0, 0, 0, 1, 0, 0, 0, 0, 0, 0
n29_JPG_jpg.rf.802863b8df19ca1a4e87ace9b8711e0c.jpg, 0, 0, 0, 0, 0, 1, 0, 0, 0, 0, 0, 0, 0, 0, 0, 0, 0, 0, 1, 0, 0, 0, 0, 0, 0
f33_jpg.rf.80c40899df1ae4d79a268be3de6286ff.jpg, 0, 0, 0, 0, 0, 0, 0, 0, 0, 0, 1, 0, 0, 0, 0, 0, 0, 0, 0, 0, 0, 0, 0, 0, 0
n5_JPG_jpg.rf.80b18d27d742ff09b92f4fa233afeef3.jpg, 0, 0, 0, 0, 0, 1, 0, 0, 0, 0, 0, 0, 0, 0, 0, 0, 0, 0, 1, 0, 0, 0, 0, 0, 0
fl24_JPG_jpg.rf.7e66be213c7e7501f83f12e7edf73513.jpg, 0, 0, 0, 0, 0, 0, 0, 0, 0, 1, 0, 0, 0, 0, 1, 0, 0, 0, 0, 0, 0, 0, 0, 0, 0
p41_JPG_jpg.rf.807625b4625384a275f0d666aa2f1ba6.jpg, 0, 0, 0, 1, 0, 0, 0, 0, 0, 0, 0, 0, 0, 0, 0, 0, 0, 0, 0, 0, 0, 0, 0, 0, 0
fu15_JPG_jpg.rf.80871e8d67eb71888da17f714966ca74.jpg, 0, 0, 0, 0, 0, 1, 0, 0, 0, 0, 0, 0, 1, 0, 0, 0, 0, 0, 0, 0, 0, 0, 0, 0, 0
f28_jpg.rf.804dcd6f91624960ca1c7ca01a220976.jpg, 0, 0, 0, 0, 0, 0, 0, 0, 0, 0, 1, 0, 0, 0, 0, 0, 0, 0, 0, 0, 0, 0, 0, 0, 0
f4_JPG_jpg.rf.80ed459edcec8b8085e3b6d99071bd90.jpg, 0, 0, 0, 0, 0, 1, 0, 0, 0, 0, 0, 1, 0, 0, 0, 0, 0, 0, 0, 0, 0, 0, 0, 0, 0
r76_jpg.rf.80c92808393b02d6657a04ba580ff9f1.jpg, 0, 0, 0, 0, 0, 0, 0, 0, 0, 0, 0, 0, 0, 0, 0, 0, 0, 0, 0, 0, 0, 0, 0, 1, 0
p62_JPG_jpg.rf.810c97ef1aa69781e649dc57a4dbac61.jpg, 0, 0, 0, 1, 0, 0, 0, 0, 0, 0, 0, 0, 0, 0, 0, 0, 0, 0, 0, 0, 0, 0, 0, 0, 0
f53_jpg.rf.82b481badf021b71156ccf58bdb1b25d.jpg, 0, 0, 0, 0, 0, 0, 0, 0, 0, 0, 1, 0, 0, 0, 0, 0, 0, 0, 0, 0, 0, 0, 0, 0, 0
w58_jpg.rf.83d09f1c6c73ac1c392bc2861496f3f1.jpg, 0, 0, 0, 0, 0, 0, 0, 0, 0, 0, 0, 0, 0, 0, 0, 0, 0, 0, 0, 0, 0, 0, 0, 0, 1
fu29_JPG_jpg.rf.811b565c74bf1656fe3219877760b470.jpg, 0, 0, 0, 0, 0, 1, 0, 0, 0, 0, 0, 0, 1, 0, 0, 0, 0, 0, 0, 0, 0, 0, 0, 0, 0
h47_png_jpg.rf.82dc5a97faca9445c8180c2c8a8df7db.jpg, 0, 0, 0, 0, 0, 0, 0, 0, 0, 0, 0, 0, 0, 1, 0, 0, 0, 0, 0, 0, 0, 0, 0, 0, 0
t58_png_jpg.rf.814996cd11451cdd040a9e36c610e68e.jpg, 0, 0, 0, 0, 1, 0, 0, 1, 0, 0, 0, 0, 0, 0, 0, 0, 0, 0, 0, 0, 0, 0, 0, 0, 0
b54_jpg.rf.826fbc5d5bb226b5c73b250269e2ff21.jpg, 0, 0, 0, 0, 0, 0, 1, 0, 0, 0, 0, 0, 0, 0, 0, 0, 0, 0, 0, 0, 0, 0, 0, 0, 0
m12_jpg.rf.8336e11368b6a8c5f21014f46d1f5b59.jpg, 0, 0, 0, 0, 0, 0, 0, 0, 0, 0, 0, 0, 0, 0, 0, 0, 0, 1, 0, 0, 0, 0, 0, 0, 0
ku35_png_jpg.rf.80cda048b8f15aa47395d04a09517668.jpg, 0, 0, 0, 0, 0, 0, 0, 0, 1, 0, 0, 0, 0, 0, 0, 1, 0, 0, 0, 0, 0, 0, 0, 0, 0
f7_JPG_jpg.rf.83df563efb968e1feb0703781739a96c.jpg, 0, 0, 0, 0, 0, 1, 0, 0, 0, 0, 0, 1, 0, 0, 0, 0, 0, 0, 0, 0, 0, 0, 0, 0, 0
w13_jpg.rf.82f4e8cb0f1b05058fba85b90a89b522.jpg, 0, 0, 0, 0, 0, 0, 0, 0, 0, 0, 0, 0, 0, 0, 0, 0, 0, 0, 0, 0, 0, 0, 0, 0, 1
n41_JPG_jpg.rf.83a28fe29710a460c1cd89428e877b1f.jpg, 0, 0, 0, 0, 0, 1, 0, 0, 0, 0, 0, 0, 0, 0, 0, 0, 0, 0, 1, 0, 0, 0, 0, 0, 0
w26_jpg.rf.8389c7ec1242c98a3d2850aa5882e451.jpg, 0, 0, 0, 0, 0, 0, 0, 0, 0, 0, 0, 0, 0, 0, 0, 0, 0, 0, 0, 0, 0, 0, 0, 0, 1
d26_jpg.rf.821f81aae8a4c1d3f5fc79380c2518f3.jpg, 1, 0, 0, 0, 0, 0, 0, 0, 0, 0, 0, 0, 0, 0, 0, 0, 0, 0, 0, 0, 0, 1, 0, 0, 0
k17_jpg.rf.829c0a3e9de10a075bf927e14ab2f80a.jpg, 0, 0, 1, 0, 0, 0, 0, 0, 0, 0, 0, 0, 0, 0, 0, 0, 0, 0, 0, 0, 0, 0, 0, 0, 0
f10_JPG_jpg.rf.83861e6a0b76c30ca2f10900eb1dbd8f.jpg, 0, 0, 0, 0, 0, 1, 0, 0, 0, 0, 0, 1, 0, 0, 0, 0, 0, 0, 0, 0, 0, 0, 0, 0, 0
f18_JPG_jpg.rf.82ff26c33000e1e4c8e556a8b1321fd0.jpg, 0, 0, 0, 0, 0, 0, 0, 0, 0, 0, 1, 0, 0, 0, 0, 0, 0, 0, 0, 0, 0, 0, 0, 0, 0
w60_jpg.rf.82a702316172ff060367b40116b59222.jpg, 0, 0, 0, 0, 0, 0, 0, 0, 0, 0, 0, 0, 0, 0, 0, 0, 0, 0, 0, 0, 0, 0, 0, 0, 1
w10_jpg.rf.821625b3677bc17500a60353ff10eec1.jpg, 0, 0, 0, 0, 0, 0, 0, 0, 0, 0, 0, 0, 0, 0, 0, 0, 0, 0, 0, 0, 0, 0, 0, 0, 1
p4_jpg.rf.839efcb91418648913035c373700984c.jpg, 0, 0, 0, 1, 0, 0, 0, 0, 0, 0, 0, 0, 0, 0, 0, 0, 0, 0, 0, 0, 0, 0, 0, 0, 0
m26_jpg.rf.82996190d8e877c7cbc371f703ce1c49.jpg, 0, 0, 0, 0, 0, 0, 0, 0, 0, 0, 0, 0, 0, 0, 0, 0, 0, 1, 0, 0, 0, 0, 0, 0, 0
p59_JPG_jpg.rf.81698e2d006b3e4cabb68455e7592b57.jpg, 0, 0, 0, 0, 0, 0, 0, 0, 0, 0, 0, 0, 0, 0, 0, 0, 0, 0, 0, 1, 0, 0, 0, 0, 0
d15_png_jpg.rf.83e2522f52e3cbec646260daf3309a08.jpg, 1, 0, 0, 0, 0, 0, 0, 0, 0, 0, 0, 0, 0, 0, 0, 0, 0, 0, 0, 0, 0, 1, 0, 0, 0
e36_JPG_jpg.rf.8441d7939c2e49e263305b5cd4379a97.jpg, 0, 1, 0, 0, 0, 0, 0, 0, 0, 0, 0, 0, 0, 0, 0, 0, 0, 0, 0, 0, 0, 0, 0, 0, 0
d5_JPG_jpg.rf.844663bb3fc92e325334dbe0acf5bef4.jpg, 1, 0, 0, 0, 0, 0, 0, 0, 0, 0, 0, 0, 0, 0, 0, 0, 0, 0, 0, 0, 0, 1, 0, 0, 0
p6_jpg.rf.859a1c2c9243623f7ae5cb88f6100416.jpg, 0, 0, 0, 0, 0, 0, 0, 0, 0, 0, 0, 0, 0, 0, 0, 0, 0, 0, 0, 1, 0, 0, 0, 0, 0
t59_jpg.rf.850a10bcd9ef4a6f340412710434ae77.jpg, 0, 0, 0, 0, 1, 0, 0, 1, 0, 0, 0, 0, 0, 0, 0, 0, 0, 0, 0, 0, 0, 0, 0, 0, 0
fu13_JPG_jpg.rf.847d5521ddf53049bd9ad60598f0c04e.jpg, 0, 0, 0, 0, 0, 1, 0, 0, 0, 0, 0, 0, 1, 0, 0, 0, 0, 0, 0, 0, 0, 0, 0, 0, 0
p41_JPG_jpg.rf.8467ad33e00beaf8582480187b75f168.jpg, 0, 0, 0, 1, 0, 0, 0, 0, 0, 0, 0, 0, 0, 0, 0, 0, 0, 0, 0, 0, 0, 0, 0, 0, 0
f29_jpg.rf.8480e562c764c5415b278c61a55fbc50.jpg, 0, 0, 0, 0, 0, 0, 0, 0, 0, 0, 1, 0, 0, 0, 0, 0, 0, 0, 0, 0, 0, 0, 0, 0, 0
r53_jpg.rf.845eebdb4a5df73a89eb7c955996e9ac.jpg, 0, 0, 0, 0, 0, 0, 0, 0, 0, 0, 0, 0, 0, 0, 0, 0, 0, 0, 0, 0, 0, 0, 0, 1, 0
h53_jpg.rf.85e75f4e4f16671904df1479e4297840.jpg, 0, 0, 0, 0, 0, 0, 0, 0, 0, 0, 0, 0, 0, 1, 0, 0, 0, 0, 0, 0, 0, 0, 0, 0, 0
pa57_JPG_jpg.rf.86b80a9cd1f0bca066af00f4d9641db0.jpg, 0, 0, 0, 0, 0, 0, 0, 0, 0, 0, 0, 0, 0, 0, 0, 0, 0, 0, 0, 0, 1, 0, 0, 0, 0
fu18_JPG_jpg.rf.85e717f1f250c51e2db6a3c15daf889c.jpg, 0, 0, 0, 0, 0, 1, 0, 0, 0, 0, 0, 0, 1, 0, 0, 0, 0, 0, 0, 0, 0, 0, 0, 0, 0
pa10_JPG_jpg.rf.861270b28861bea29e394723556a9364.jpg, 0, 0, 0, 0, 0, 0, 0, 0, 0, 0, 0, 0, 0, 0, 0, 0, 0, 0, 0, 0, 1, 0, 0, 0, 0
w58_jpg.rf.84ed5f4cce25b8edac6d00d784c7ab6c.jpg, 0, 0, 0, 0, 0, 0, 0, 0, 0, 0, 0, 0, 0, 0, 0, 0, 0, 0, 0, 0, 0, 0, 0, 0, 1
m59_jpg.rf.8424925b9a570fbc4190fd34a57fc38c.jpg, 0, 0, 0, 0, 0, 0, 0, 0, 0, 0, 0, 0, 0, 0, 0, 0, 0, 1, 0, 0, 0, 0, 0, 0, 0
m7_jpg.rf.85a25dc3be022c11ba5e3d0f60125a8d.jpg, 0, 0, 0, 0, 0, 0, 0, 0, 0, 0, 0, 0, 0, 0, 0, 0, 1, 0, 0, 0, 0, 0, 0, 0, 0
m61_jpg.rf.86b2310699db492da9293b81c18bef98.jpg, 0, 0, 0, 0, 0, 0, 0, 0, 0, 0, 0, 0, 0, 0, 0, 0, 0, 1, 0, 0, 0, 0, 0, 0, 0
b36_jpg.rf.850a9d8894a9df4b3d0043df984e904a.jpg, 0, 0, 0, 0, 0, 0, 1, 0, 0, 0, 0, 0, 0, 0, 0, 0, 0, 0, 0, 0, 0, 0, 0, 0, 0
d53_JPG_jpg.rf.86adc8483b7ace73a6557f55fe6d7ca4.jpg, 1, 0, 0, 0, 0, 0, 0, 0, 0, 0, 0, 0, 0, 0, 0, 0, 0, 0, 0, 0, 0, 1, 0, 0, 0
f61_JPG_jpg.rf.85b14af424cef43e44baf33ef5a3f994.jpg, 0, 0, 0, 0, 0, 1, 0, 0, 0, 0, 0, 1, 0, 0, 0, 0, 0, 0, 0, 0, 0, 0, 0, 0, 0
n49_JPG_jpg.rf.847a3e1f8f98a4a24676a9f608880115.jpg, 0, 0, 0, 0, 0, 1, 0, 0, 0, 0, 0, 0, 0, 0, 0, 0, 0, 0, 1, 0, 0, 0, 0, 0, 0
n12_JPG_jpg.rf.849b6ee24c5654379fce1f1fd8271e71.jpg, 0, 0, 0, 0, 0, 1, 0, 0, 0, 0, 0, 0, 0, 0, 0, 0, 0, 0, 1, 0, 0, 0, 0, 0, 0
p49_jpg.rf.8472321417cf857be579c4253c253743.jpg, 0, 0, 0, 0, 0, 0, 0, 0, 0, 0, 0, 0, 0, 0, 0, 0, 0, 0, 0, 1, 0, 0, 0, 0, 0
t32_jpg.rf.860ce1318d60492748baf42ef405af3d.jpg, 0, 0, 0, 0, 1, 0, 0, 1, 0, 0, 0, 0, 0, 0, 0, 0, 0, 0, 0, 0, 0, 0, 0, 0, 0
m1_jpg.rf.8688427699dc00cc73a109a9b3ee5e68.jpg, 0, 0, 0, 0, 0, 0, 0, 0, 0, 0, 0, 0, 0, 0, 0, 0, 1, 0, 0, 0, 0, 0, 0, 0, 0
b40_jpg.rf.86a0261992c3c62b7fa2f7e4e1ba4238.jpg, 0, 0, 0, 0, 0, 0, 1, 0, 0, 0, 0, 0, 0, 0, 0, 0, 0, 0, 0, 0, 0, 0, 0, 0, 0
fu29_JPG_jpg.rf.873b9bdeec111edbb9529d840fd4d00d.jpg, 0, 0, 0, 0, 0, 1, 0, 0, 0, 0, 0, 0, 1, 0, 0, 0, 0, 0, 0, 0, 0, 0, 0, 0, 0
e59_JPG_jpg.rf.86f6c704a43e6abbd351584c8cb9000c.jpg, 0, 1, 0, 0, 0, 0, 0, 0, 0, 0, 0, 0, 0, 0, 0, 0, 0, 0, 0, 0, 0, 0, 0, 0, 0
w17_jpg.rf.87309060f62a9244ff5fe8e847b98b5a.jpg, 0, 0, 0, 0, 0, 0, 0, 0, 0, 0, 0, 0, 0, 0, 0, 0, 0, 0, 0, 0, 0, 0, 0, 0, 1
w45_jpg.rf.8758c96ecc70be509a69554a258a32f2.jpg, 0, 0, 0, 0, 0, 0, 0, 0, 0, 0, 0, 0, 0, 0, 0, 0, 0, 0, 0, 0, 0, 0, 0, 0, 1
p40_jpg.rf.873e79de8ee78e8a389b6e281f6e4dec.jpg, 0, 0, 0, 0, 0, 0, 0, 0, 0, 0, 0, 0, 0, 0, 0, 0, 0, 0, 0, 1, 0, 0, 0, 0, 0
p2_jpg.rf.8903e5753ded679d9d5362d7544011e0.jpg, 0, 0, 0, 0, 0, 0, 0, 0, 0, 0, 0, 0, 0, 0, 0, 0, 0, 0, 0, 0, 0, 0, 1, 0, 0
e12_jpg.rf.8939d609130730b9af7f72e98f84514a.jpg, 0, 1, 0, 0, 0, 0, 0, 0, 0, 0, 0, 0, 0, 0, 0, 0, 0, 0, 0, 0, 0, 0, 0, 0, 0
d35_jpg.rf.874b0d2ab985d733df5acc9c563cc76c.jpg, 1, 0, 0, 0, 0, 0, 0, 0, 0, 0, 0, 0, 0, 0, 0, 0, 0, 0, 0, 0, 0, 1, 0, 0, 0
f23_JPG_jpg.rf.87cb1e5cc816371d3971098cb3a05df4.jpg, 0, 0, 0, 0, 0, 1, 0, 0, 0, 0, 0, 1, 0, 0, 0, 0, 0, 0, 0, 0, 0, 0, 0, 0, 0
fl46_JPG_jpg.rf.86bd3df19b88bcb10d1b6389571e377d.jpg, 0, 0, 0, 0, 0, 0, 0, 0, 0, 1, 0, 0, 0, 0, 1, 0, 0, 0, 0, 0, 0, 0, 0, 0, 0
fl6_JPG_jpg.rf.878ea20b0e101491087c08fa311a4984.jpg, 0, 0, 0, 0, 0, 0, 0, 0, 0, 1, 0, 0, 0, 0, 1, 0, 0, 0, 0, 0, 0, 0, 0, 0, 0
p25_jpg.rf.87ade6a60ccbac844cc7cce002ba5bec.jpg, 0, 0, 0, 0, 0, 0, 0, 0, 0, 0, 0, 0, 0, 0, 0, 0, 0, 0, 0, 1, 0, 0, 0, 0, 0
b37_jpg.rf.8817dddc54529d56575c1bba942c3c41.jpg, 0, 0, 0, 0, 0, 0, 1, 0, 0, 0, 0, 0, 0, 0, 0, 0, 0, 0, 0, 0, 0, 0, 0, 0, 0
b46_jpg.rf.86bc36d9218fc63e6b89530acaf056a7.jpg, 0, 0, 0, 0, 0, 0, 1, 0, 0, 0, 0, 0, 0, 0, 0, 0, 0, 0, 0, 0, 0, 0, 0, 0, 0
fu13_JPG_jpg.rf.8816bb04a2377409ef762d59d959a990.jpg, 0, 0, 0, 0, 0, 1, 0, 0, 0, 0, 0, 0, 1, 0, 0, 0, 0, 0, 0, 0, 0, 0, 0, 0, 0
d29_jpg.rf.879be38adc1247438765657c6e17d3cd.jpg, 1, 0, 0, 0, 0, 0, 0, 0, 0, 0, 0, 0, 0, 0, 0, 0, 0, 0, 0, 0, 0, 1, 0, 0, 0
d28_jpg.rf.88a1b13eb0655b2576cff52e5271237c.jpg, 1, 0, 0, 0, 0, 0, 0, 0, 0, 0, 0, 0, 0, 0, 0, 0, 0, 0, 0, 0, 0, 1, 0, 0, 0
b6_jpg.rf.89afb27909e4188289e4cf5b826b2a4c.jpg, 0, 0, 0, 0, 0, 0, 1, 0, 0, 0, 0, 0, 0, 0, 0, 0, 0, 0, 0, 0, 0, 0, 0, 0, 0
p38_JPG_jpg.rf.88135d03ad934ecff47c41193bb01271.jpg, 0, 0, 0, 1, 0, 0, 0, 0, 0, 0, 0, 0, 0, 0, 0, 0, 0, 0, 0, 0, 0, 0, 0, 0, 0
fu21_JPG_jpg.rf.89923ec76fa44b6d58f7cede543dc86c.jpg, 0, 0, 0, 0, 0, 1, 0, 0, 0, 0, 0, 0, 1, 0, 0, 0, 0, 0, 0, 0, 0, 0, 0, 0, 0
m22_jpg.rf.8932da415c84d9f4e68d87e218c1ffab.jpg, 0, 0, 0, 0, 0, 0, 0, 0, 0, 0, 0, 0, 0, 0, 0, 0, 1, 0, 0, 0, 0, 0, 0, 0, 0
p24_JPG_jpg.rf.8a0936e44cf59f36ab7c5aa41c8be016.jpg, 0, 0, 0, 0, 0, 0, 0, 0, 0, 0, 0, 0, 0, 0, 0, 0, 0, 0, 0, 0, 0, 0, 1, 0, 0
n64_JPG_jpg.rf.898aa70374311ca10f896e2a8bf31a3b.jpg, 0, 0, 0, 0, 0, 1, 0, 0, 0, 0, 0, 0, 0, 0, 0, 0, 0, 0, 1, 0, 0, 0, 0, 0, 0
p51_JPG_jpg.rf.8a12955f8b4887f298e51c828c35cc47.jpg, 0, 0, 0, 1, 0, 0, 0, 0, 0, 0, 0, 0, 0, 0, 0, 0, 0, 0, 0, 0, 0, 0, 0, 0, 0
p46_jpg.rf.89d8c81ca1d6b1d4f0e3b7299e794e60.jpg, 0, 0, 0, 1, 0, 0, 0, 0, 0, 0, 0, 0, 0, 0, 0, 0, 0, 0, 0, 0, 0, 0, 0, 0, 0
m30_jpg.rf.8806f32c6e87d9af77592a42ae22bcc6.jpg, 0, 0, 0, 0, 0, 0, 0, 0, 0, 0, 0, 0, 0, 0, 0, 0, 0, 1, 0, 0, 0, 0, 0, 0, 0
fl30_JPG_jpg.rf.8a19afc8ded6d0dc418ce2d86ce455f0.jpg, 0, 0, 0, 0, 0, 0, 0, 0, 0, 1, 0, 0, 0, 0, 1, 0, 0, 0, 0, 0, 0, 0, 0, 0, 0
pa46_JPG_jpg.rf.8ac76739e04c0dda3317fca85d975dda.jpg, 0, 0, 0, 0, 0, 0, 0, 0, 0, 0, 0, 0, 0, 0, 0, 0, 0, 0, 0, 0, 1, 0, 0, 0, 0
fl16_JPG_jpg.rf.8a294cd78b6d2d55afc55e6433c37b7d.jpg, 0, 0, 0, 0, 0, 0, 0, 0, 0, 1, 0, 0, 0, 0, 1, 0, 0, 0, 0, 0, 0, 0, 0, 0, 0
pa40_JPG_jpg.rf.8ade3e03c74c2e12bc7897facbb60bb8.jpg, 0, 0, 0, 0, 0, 0, 0, 0, 0, 0, 0, 0, 0, 0, 0, 0, 0, 0, 0, 0, 1, 0, 0, 0, 0
w28_jpg.rf.8b62e856cf7c2f95072bfdbc9506725e.jpg, 0, 0, 0, 0, 0, 0, 0, 0, 0, 0, 0, 0, 0, 0, 0, 0, 0, 0, 0, 0, 0, 0, 0, 0, 1
w16_jpg.rf.8c64f63e799638c46ab6f994327d3a6c.jpg, 0, 0, 0, 0, 0, 0, 0, 0, 0, 0, 0, 0, 0, 0, 0, 0, 0, 0, 0, 0, 0, 0, 0, 0, 1
f24_JPG_jpg.rf.8a7524acb01024f93f8c96d35ae06c23.jpg, 0, 0, 0, 0, 0, 1, 0, 0, 0, 0, 0, 1, 0, 0, 0, 0, 0, 0, 0, 0, 0, 0, 0, 0, 0
f47_JPG_jpg.rf.8b207b00c4c699ab37f9cb48709d1721.jpg, 0, 0, 0, 0, 0, 1, 0, 0, 0, 0, 0, 1, 0, 0, 0, 0, 0, 0, 0, 0, 0, 0, 0, 0, 0
f51_JPG_jpg.rf.8bf73e4a29ccb8d46e0748dff27fa0be.jpg, 0, 0, 0, 0, 0, 1, 0, 0, 0, 0, 0, 1, 0, 0, 0, 0, 0, 0, 0, 0, 0, 0, 0, 0, 0
w15_jpg.rf.8a792e47e7ad1862392b3128b6fa25b0.jpg, 0, 0, 0, 0, 0, 0, 0, 0, 0, 0, 0, 0, 0, 0, 0, 0, 0, 0, 0, 0, 0, 0, 0, 0, 1
h31_jpg.rf.8b7ac79ed3478a9268303f4f10e833d1.jpg, 0, 0, 0, 0, 0, 0, 0, 0, 0, 0, 0, 0, 0, 1, 0, 0, 0, 0, 0, 0, 0, 0, 0, 0, 0
pa62_JPG_jpg.rf.8c948708dc2a1845c0ef7b79363475ef.jpg, 0, 0, 0, 0, 0, 0, 0, 0, 0, 0, 0, 0, 0, 0, 0, 0, 0, 0, 0, 0, 1, 0, 0, 0, 0
n15_JPG_jpg.rf.8cd2a99c4cd09c5293f57ba7d7299a77.jpg, 0, 0, 0, 0, 0, 1, 0, 0, 0, 0, 0, 0, 0, 0, 0, 0, 0, 0, 1, 0, 0, 0, 0, 0, 0
pa56_JPG_jpg.rf.8b15b40e3381ea437993212fe3cb2870.jpg, 0, 0, 0, 0, 0, 0, 0, 0, 0, 0, 0, 0, 0, 0, 0, 0, 0, 0, 0, 0, 1, 0, 0, 0, 0
pa7_JPG_jpg.rf.8ab4e7702bb0dd0a12e54332d46f6f93.jpg, 0, 0, 0, 0, 0, 0, 0, 0, 0, 0, 0, 0, 0, 0, 0, 0, 0, 0, 0, 0, 1, 0, 0, 0, 0
m12_jpg.rf.8aa7464ea6ca6a42fb2f6fc2d751eae8.jpg, 0, 0, 0, 0, 0, 0, 0, 0, 0, 0, 0, 0, 0, 0, 0, 0, 0, 1, 0, 0, 0, 0, 0, 0, 0
h31_jpg.rf.8cc7591ab6bad9a245f31d700a083bbf.jpg, 0, 0, 0, 0, 0, 0, 0, 0, 0, 0, 0, 0, 0, 1, 0, 0, 0, 0, 0, 0, 0, 0, 0, 0, 0
e8_JPG_jpg.rf.8c3ad45264d9f15326f6ee678f0b9d13.jpg, 0, 1, 0, 0, 0, 0, 0, 0, 0, 0, 0, 0, 0, 0, 0, 0, 0, 0, 0, 0, 0, 0, 0, 0, 0
r66_jpg.rf.8bb8bc123c48c6de0270c4079db89a78.jpg, 0, 0, 0, 0, 0, 0, 0, 0, 0, 0, 0, 0, 0, 0, 0, 0, 0, 0, 0, 0, 0, 0, 0, 1, 0
fu50_JPG_jpg.rf.8c25d60dbc2aa2372de9fada488d2e4b.jpg, 0, 0, 0, 0, 0, 1, 0, 0, 0, 0, 0, 0, 1, 0, 0, 0, 0, 0, 0, 0, 0, 0, 0, 0, 0
e60_JPG_jpg.rf.8c53235daa65c5a749fcabde1dbdaeeb.jpg, 0, 1, 0, 0, 0, 0, 0, 0, 0, 0, 0, 0, 0, 0, 0, 0, 0, 0, 0, 0, 0, 0, 0, 0, 0
k19_jpg.rf.8c12f3b52ceb3fad677120f262753945.jpg, 0, 0, 1, 0, 0, 0, 0, 0, 0, 0, 0, 0, 0, 0, 0, 0, 0, 0, 0, 0, 0, 0, 0, 0, 0
d67_jpg.rf.8c455637c7a8b63ad1852fad70e56d8e.jpg, 1, 0, 0, 0, 0, 0, 0, 0, 0, 0, 0, 0, 0, 0, 0, 0, 0, 0, 0, 0, 0, 1, 0, 0, 0
k34_jpg.rf.8ce56f4f1e9a2d9ca638e94c7ceadf3d.jpg, 0, 0, 1, 0, 0, 0, 0, 0, 0, 0, 0, 0, 0, 0, 0, 0, 0, 0, 0, 0, 0, 0, 0, 0, 0
f18_JPG_jpg.rf.8be70112c806265c1d3c8c6d7234b8a7.jpg, 0, 0, 0, 0, 0, 1, 0, 0, 0, 0, 0, 1, 0, 0, 0, 0, 0, 0, 0, 0, 0, 0, 0, 0, 0
r30_jpg.rf.8d0d15846a03a6c0b078885258e0d313.jpg, 0, 0, 0, 0, 0, 0, 0, 0, 0, 0, 0, 0, 0, 0, 0, 0, 0, 0, 0, 0, 0, 0, 0, 1, 0
e52_jpg.rf.8cf47dc3ac66facb5faa991d16930ea9.jpg, 0, 1, 0, 0, 0, 0, 0, 0, 0, 0, 0, 0, 0, 0, 0, 0, 0, 0, 0, 0, 0, 0, 0, 0, 0
f16_JPG_jpg.rf.8d4e679fb244b37a2a9a7f9cdedfb554.jpg, 0, 0, 0, 0, 0, 1, 0, 0, 0, 0, 0, 1, 0, 0, 0, 0, 0, 0, 0, 0, 0, 0, 0, 0, 0
fu3_JPG_jpg.rf.8d577613aff436e73e9727fda5e3260d.jpg, 0, 0, 0, 0, 0, 1, 0, 0, 0, 0, 0, 0, 1, 0, 0, 0, 0, 0, 0, 0, 0, 0, 0, 0, 0
m64_jpg.rf.8bfbb2d3000aeff683f5cea85baae6e1.jpg, 0, 0, 0, 0, 0, 0, 0, 0, 0, 0, 0, 0, 0, 0, 0, 0, 0, 1, 0, 0, 0, 0, 0, 0, 0
fl29_JPG_jpg.rf.8d873eb10c311195d4c7cf2da0be440e.jpg, 0, 0, 0, 0, 0, 0, 0, 0, 0, 1, 0, 0, 0, 0, 1, 0, 0, 0, 0, 0, 0, 0, 0, 0, 0
n63_JPG_jpg.rf.8d24eb07b17a3c4bcc6844761bc8a53d.jpg, 0, 0, 0, 0, 0, 1, 0, 0, 0, 0, 0, 0, 0, 0, 0, 0, 0, 0, 1, 0, 0, 0, 0, 0, 0
m6_jpg.rf.8d88c8bdf871a0a15c89bd31415de818.jpg, 0, 0, 0, 0, 0, 0, 0, 0, 0, 0, 0, 0, 0, 0, 0, 0, 0, 1, 0, 0, 0, 0, 0, 0, 0
pa32_JPG_jpg.rf.8daebe545ecabe66b2b0ffc939dee280.jpg, 0, 0, 0, 0, 0, 0, 0, 0, 0, 0, 0, 0, 0, 0, 0, 0, 0, 0, 0, 0, 1, 0, 0, 0, 0
e45_png_jpg.rf.8e116243b4b16998c080cf097271d45b.jpg, 0, 1, 0, 0, 0, 0, 0, 0, 0, 0, 0, 0, 0, 0, 0, 0, 0, 0, 0, 0, 0, 0, 0, 0, 0
r37_jpg.rf.8e0f11211b03e12f874cc954065af2ae.jpg, 0, 0, 0, 0, 0, 0, 0, 0, 0, 0, 0, 0, 0, 0, 0, 0, 0, 0, 0, 0, 0, 0, 0, 1, 0
r50_jpg.rf.8e4b53c42eb615b063aba934857b2003.jpg, 0, 0, 0, 0, 0, 0, 0, 0, 0, 0, 0, 0, 0, 0, 0, 0, 0, 0, 0, 0, 0, 0, 0, 1, 0
n54_JPG_jpg.rf.8e08fd32eb0b3670c312660a1723631a.jpg, 0, 0, 0, 0, 0, 1, 0, 0, 0, 0, 0, 0, 0, 0, 0, 0, 0, 0, 1, 0, 0, 0, 0, 0, 0
fl53_JPG_jpg.rf.8f63ca91fe27efe602d0e788b7b0c4cc.jpg, 0, 0, 0, 0, 0, 0, 0, 0, 0, 1, 0, 0, 0, 0, 1, 0, 0, 0, 0, 0, 0, 0, 0, 0, 0
r20_jpg.rf.8f30ad49fa3cbad1d74c07a7985feefd.jpg, 0, 0, 0, 0, 0, 0, 0, 0, 0, 0, 0, 0, 0, 0, 0, 0, 0, 0, 0, 0, 0, 0, 0, 1, 0
m21_jpg.rf.8da6afd0b3e872943e5a678605204bb0.jpg, 0, 0, 0, 0, 0, 0, 0, 0, 0, 0, 0, 0, 0, 0, 0, 0, 0, 1, 0, 0, 0, 0, 0, 0, 0
n1_JPG_jpg.rf.8e7943c3f25305b360deb4934c3cdd84.jpg, 0, 0, 0, 0, 0, 1, 0, 0, 0, 0, 0, 0, 0, 0, 0, 0, 0, 0, 1, 0, 0, 0, 0, 0, 0
e55_JPG_jpg.rf.8e411686dc63dd2d82f23e463da3d58c.jpg, 0, 1, 0, 0, 0, 0, 0, 0, 0, 0, 0, 0, 0, 0, 0, 0, 0, 0, 0, 0, 0, 0, 0, 0, 0
fl42_JPG_jpg.rf.8f2235dc9cb9c82ce3a2a5e528e72f47.jpg, 0, 0, 0, 0, 0, 0, 0, 0, 0, 1, 0, 0, 0, 0, 1, 0, 0, 0, 0, 0, 0, 0, 0, 0, 0
fu8_JPG_jpg.rf.8fad3267c682f7a2ed3b6e410fb6688c.jpg, 0, 0, 0, 0, 0, 1, 0, 0, 0, 0, 0, 0, 1, 0, 0, 0, 0, 0, 0, 0, 0, 0, 0, 0, 0
h29_jpg.rf.8fff17a6697b1a203cf7a322ba5b03bf.jpg, 0, 0, 0, 0, 0, 0, 0, 0, 0, 0, 0, 0, 0, 1, 0, 0, 0, 0, 0, 0, 0, 0, 0, 0, 0
t25_jpg.rf.8eff1b43556feebdd4fc1f4e326c4518.jpg, 0, 0, 0, 0, 1, 0, 0, 1, 0, 0, 0, 0, 0, 0, 0, 0, 0, 0, 0, 0, 0, 0, 0, 0, 0
e21_jpg.rf.8f5cab2fb999e83a82032964bda05f84.jpg, 0, 1, 0, 0, 0, 0, 0, 0, 0, 0, 0, 0, 0, 0, 0, 0, 0, 0, 0, 0, 0, 0, 0, 0, 0
b43_jpg.rf.8f5c206e8934d08e445fe90022f784df.jpg, 0, 0, 0, 0, 0, 0, 1, 0, 0, 0, 0, 0, 0, 0, 0, 0, 0, 0, 0, 0, 0, 0, 0, 0, 0
r37_jpg.rf.9004a30ac5ed6ac0575c9c7fa00ba549.jpg, 0, 0, 0, 0, 0, 0, 0, 0, 0, 0, 0, 0, 0, 0, 0, 0, 0, 0, 0, 0, 0, 0, 0, 1, 0
pa20_JPG_jpg.rf.8fce44704918538c1ad9dc4f5209ce74.jpg, 0, 0, 0, 0, 0, 0, 0, 0, 0, 0, 0, 0, 0, 0, 0, 0, 0, 0, 0, 0, 1, 0, 0, 0, 0
pa35_jpg.rf.8febb4caa68c123985d23215f22b70c4.jpg, 0, 0, 0, 0, 0, 0, 0, 0, 0, 0, 0, 0, 0, 0, 0, 0, 0, 0, 0, 0, 1, 0, 0, 0, 0
m16_jpg.rf.8fabbdf4fea5c1e5f01764bceb89e42e.jpg, 0, 0, 0, 0, 0, 0, 0, 0, 0, 0, 0, 0, 0, 0, 0, 0, 0, 1, 0, 0, 0, 0, 0, 0, 0
pa36_JPG_jpg.rf.8f2b1b805096ddd520523a4d867c1a33.jpg, 0, 0, 0, 0, 0, 0, 0, 0, 0, 0, 0, 0, 0, 0, 0, 0, 0, 0, 0, 0, 1, 0, 0, 0, 0
w19_jpg.rf.8ffec00e35e8ec2ee9152bc3dbbef507.jpg, 0, 0, 0, 0, 0, 0, 0, 0, 0, 0, 0, 0, 0, 0, 0, 0, 0, 0, 0, 0, 0, 0, 0, 0, 1
ku37_jpg.rf.8e62a919b93817d8bcc6a1e5e3f4015a.jpg, 0, 0, 0, 0, 0, 0, 0, 0, 1, 0, 0, 0, 0, 0, 0, 1, 0, 0, 0, 0, 0, 0, 0, 0, 0
t23_jpg.rf.901cb2e4604623a66d3dca4ed7e45c00.jpg, 0, 0, 0, 0, 1, 0, 0, 1, 0, 0, 0, 0, 0, 0, 0, 0, 0, 0, 0, 0, 0, 0, 0, 0, 0
d44_jpg.rf.90207bbd6193e2a32f13e9a40498dd07.jpg, 1, 0, 0, 0, 0, 0, 0, 0, 0, 0, 0, 0, 0, 0, 0, 0, 0, 0, 0, 0, 0, 1, 0, 0, 0
pa3_JPG_jpg.rf.9053aa64698173556e63451d5180ff97.jpg, 0, 0, 0, 0, 0, 0, 0, 0, 0, 0, 0, 0, 0, 0, 0, 0, 0, 0, 0, 0, 1, 0, 0, 0, 0
pa34_jpg.rf.908eee67f15657253a34aba96aaf04bd.jpg, 0, 0, 0, 0, 0, 0, 0, 0, 0, 0, 0, 0, 0, 0, 0, 0, 0, 0, 0, 0, 1, 0, 0, 0, 0
p60_jpg.rf.902e35b9d0b9e996c3cf5724d6edc6aa.jpg, 0, 0, 0, 0, 0, 0, 0, 0, 0, 0, 0, 0, 0, 0, 0, 0, 0, 0, 0, 0, 0, 0, 1, 0, 0
m75_jpg.rf.90acfec142590aa3764b44335d110db6.jpg, 0, 0, 0, 0, 0, 0, 0, 0, 0, 0, 0, 0, 0, 0, 0, 0, 0, 1, 0, 0, 0, 0, 0, 0, 0
fu51_JPG_jpg.rf.905f4d65a5d45a85645b23a756c7e709.jpg, 0, 0, 0, 0, 0, 1, 0, 0, 0, 0, 0, 0, 1, 0, 0, 0, 0, 0, 0, 0, 0, 0, 0, 0, 0
r23_jpg.rf.90e8901242b1d1d875789153f0becd8c.jpg, 0, 0, 0, 0, 0, 0, 0, 0, 0, 0, 0, 0, 0, 0, 0, 0, 0, 0, 0, 0, 0, 0, 0, 1, 0
fl36_JPG_jpg.rf.90c70eae172a906faca7176d016fc5ae.jpg, 0, 0, 0, 0, 0, 0, 0, 0, 0, 1, 0, 0, 0, 0, 1, 0, 0, 0, 0, 0, 0, 0, 0, 0, 0
n25_JPG_jpg.rf.90ec40b200f2aac8da6410a6e16d0c00.jpg, 0, 0, 0, 0, 0, 1, 0, 0, 0, 0, 0, 0, 0, 0, 0, 0, 0, 0, 1, 0, 0, 0, 0, 0, 0
b18_jpg.rf.9116cd9bff2bf6f7f9dd8cc349283887.jpg, 0, 0, 0, 0, 0, 0, 1, 0, 0, 0, 0, 0, 0, 0, 0, 0, 0, 0, 0, 0, 0, 0, 0, 0, 0
n38_JPG_jpg.rf.91d3542c68f8009961f7283f548e1502.jpg, 0, 0, 0, 0, 0, 1, 0, 0, 0, 0, 0, 0, 0, 0, 0, 0, 0, 0, 1, 0, 0, 0, 0, 0, 0
m77_jpg.rf.92d39bc497c0334a9d287b3f15cf1850.jpg, 0, 0, 0, 0, 0, 0, 0, 0, 0, 0, 0, 0, 0, 0, 0, 0, 0, 1, 0, 0, 0, 0, 0, 0, 0
m58_jpg.rf.9153f999eb11f522d17c2ee9e77bbadd.jpg, 0, 0, 0, 0, 0, 0, 0, 0, 0, 0, 0, 0, 0, 0, 0, 0, 0, 1, 0, 0, 0, 0, 0, 0, 0
w3_jpg.rf.928a855e6e01e55415ca3ae84ea48203.jpg, 0, 0, 0, 0, 0, 0, 0, 0, 0, 0, 0, 0, 0, 0, 0, 0, 0, 0, 0, 0, 0, 0, 0, 0, 1
f28_JPG_jpg.rf.91d00caa55a57bb2521e71e783b6d166.jpg, 0, 0, 0, 0, 0, 1, 0, 0, 0, 0, 0, 1, 0, 0, 0, 0, 0, 0, 0, 0, 0, 0, 0, 0, 0
p37_JPG_jpg.rf.90faff3fabb61fd110f15f48159fbd8b.jpg, 0, 0, 0, 1, 0, 0, 0, 0, 0, 0, 0, 0, 0, 0, 0, 0, 0, 0, 0, 0, 0, 0, 0, 0, 0
w15_jpg.rf.9293f6a5b8fae0b9d9fa39659c352f26.jpg, 0, 0, 0, 0, 0, 0, 0, 0, 0, 0, 0, 0, 0, 0, 0, 0, 0, 0, 0, 0, 0, 0, 0, 0, 1
n24_JPG_jpg.rf.915936731c65b03a02d419a0f63295d5.jpg, 0, 0, 0, 0, 0, 1, 0, 0, 0, 0, 0, 0, 0, 0, 0, 0, 0, 0, 1, 0, 0, 0, 0, 0, 0
f20_JPG_jpg.rf.92c75422fd043db48e8ffae4cf6f441e.jpg, 0, 0, 0, 0, 0, 1, 0, 0, 0, 0, 0, 1, 0, 0, 0, 0, 0, 0, 0, 0, 0, 0, 0, 0, 0
p43_jpg.rf.9158510ab272cc6c60d5d04ccaf23821.jpg, 0, 0, 0, 0, 0, 0, 0, 0, 0, 0, 0, 0, 0, 0, 0, 0, 0, 0, 0, 1, 0, 0, 0, 0, 0
r68_jpg.rf.915e356235f84394af65c3bdb3910bf4.jpg, 0, 0, 0, 0, 0, 0, 0, 0, 0, 0, 0, 0, 0, 0, 0, 0, 0, 0, 0, 0, 0, 0, 0, 1, 0
n27_JPG_jpg.rf.913f0ca29f0ff967a564606e6d8aadf7.jpg, 0, 0, 0, 0, 0, 1, 0, 0, 0, 0, 0, 0, 0, 0, 0, 0, 0, 0, 1, 0, 0, 0, 0, 0, 0
f43_JPG_jpg.rf.91105c58d57fdc2084da707dd363fb1d.jpg, 0, 0, 0, 0, 0, 1, 0, 0, 0, 0, 0, 1, 0, 0, 0, 0, 0, 0, 0, 0, 0, 0, 0, 0, 0
fu26_JPG_jpg.rf.929681cfd3f738a0c89c816a724f89fb.jpg, 0, 0, 0, 0, 0, 1, 0, 0, 0, 0, 0, 0, 1, 0, 0, 0, 0, 0, 0, 0, 0, 0, 0, 0, 0
pa24_JPG_jpg.rf.93443ce385a96e66b94f7132fa8fb2e6.jpg, 0, 0, 0, 0, 0, 0, 0, 0, 0, 0, 0, 0, 0, 0, 0, 0, 0, 0, 0, 0, 1, 0, 0, 0, 0
f5_JPG_jpg.rf.9385dc7936a6031cff055cc35daf18ae.jpg, 0, 0, 0, 0, 0, 1, 0, 0, 0, 0, 0, 1, 0, 0, 0, 0, 0, 0, 0, 0, 0, 0, 0, 0, 0
f44_JPG_jpg.rf.934075dbd780d4c5d31a1a312521b36a.jpg, 0, 0, 0, 0, 0, 1, 0, 0, 0, 0, 0, 1, 0, 0, 0, 0, 0, 0, 0, 0, 0, 0, 0, 0, 0
fl50_JPG_jpg.rf.92c21212b35b454632bf430dbe4c1977.jpg, 0, 0, 0, 0, 0, 0, 0, 0, 0, 1, 0, 0, 0, 0, 1, 0, 0, 0, 0, 0, 0, 0, 0, 0, 0
e3_JPG_jpg.rf.9303017b63055ba37cdc94d8343926a8.jpg, 0, 1, 0, 0, 0, 0, 0, 0, 0, 0, 0, 0, 0, 0, 0, 0, 0, 0, 0, 0, 0, 0, 0, 0, 0
f11_jpg.rf.92d144c1dbf1306123201f48f2631699.jpg, 0, 0, 0, 0, 0, 0, 0, 0, 0, 0, 1, 0, 0, 0, 0, 0, 0, 0, 0, 0, 0, 0, 0, 0, 0
n50_JPG_jpg.rf.9243461a8708dbbd2f479f734ff2f68e.jpg, 0, 0, 0, 0, 0, 1, 0, 0, 0, 0, 0, 0, 0, 0, 0, 0, 0, 0, 1, 0, 0, 0, 0, 0, 0
t65_JPG_jpg.rf.9372b61f56ce2b534317d3b6433ea400.jpg, 0, 0, 0, 0, 1, 0, 0, 1, 0, 0, 0, 0, 0, 0, 0, 0, 0, 0, 0, 0, 0, 0, 0, 0, 0
f61_JPG_jpg.rf.90f6811d66c436ce29931b4ebd51ecdf.jpg, 0, 0, 0, 0, 0, 1, 0, 0, 0, 0, 0, 1, 0, 0, 0, 0, 0, 0, 0, 0, 0, 0, 0, 0, 0
w27_jpg.rf.93ca1cf99d412e46cf0031d83a3f07b7.jpg, 0, 0, 0, 0, 0, 0, 0, 0, 0, 0, 0, 0, 0, 0, 0, 0, 0, 0, 0, 0, 0, 0, 0, 0, 1
r39_JPG_jpg.rf.93a87ffba8f1c586b53075210128f182.jpg, 0, 0, 0, 0, 0, 0, 0, 0, 0, 0, 0, 0, 0, 0, 0, 0, 0, 0, 0, 0, 0, 0, 0, 1, 0
r71_jpg.rf.93ce76b0012e6c50e2688b6f062f3584.jpg, 0, 0, 0, 0, 0, 0, 0, 0, 0, 0, 0, 0, 0, 0, 0, 0, 0, 0, 0, 0, 0, 0, 0, 1, 0
fu36_JPG_jpg.rf.92ae0b4c187cb70edbb6d7c3d0439e7a.jpg, 0, 0, 0, 0, 0, 1, 0, 0, 0, 0, 0, 0, 1, 0, 0, 0, 0, 0, 0, 0, 0, 0, 0, 0, 0
e50_jpg.rf.93904bc8c22d10032fea518eb17a4803.jpg, 0, 1, 0, 0, 0, 0, 0, 0, 0, 0, 0, 0, 0, 0, 0, 0, 0, 0, 0, 0, 0, 0, 0, 0, 0
e14_jpg.rf.93d187a250d94b5718313724e931bcb7.jpg, 0, 1, 0, 0, 0, 0, 0, 0, 0, 0, 0, 0, 0, 0, 0, 0, 0, 0, 0, 0, 0, 0, 0, 0, 0
n11_JPG_jpg.rf.93b535dccd336f010216fabc3f0d9142.jpg, 0, 0, 0, 0, 0, 1, 0, 0, 0, 0, 0, 0, 0, 0, 0, 0, 0, 0, 1, 0, 0, 0, 0, 0, 0
e54_JPG_jpg.rf.93d49ee9bdadb97fb79d8f2c41aac112.jpg, 0, 1, 0, 0, 0, 0, 0, 0, 0, 0, 0, 0, 0, 0, 0, 0, 0, 0, 0, 0, 0, 0, 0, 0, 0
d64_jpg.rf.36b8c3e26eface3d6ee765d757dd561b.jpg, 1, 0, 0, 0, 0, 0, 0, 0, 0, 0, 0, 0, 0, 0, 0, 0, 0, 0, 0, 0, 0, 1, 0, 0, 0
p53_JPG_jpg.rf.36bf8572b1c2176836c1a5813636d1a2.jpg, 0, 0, 0, 0, 0, 0, 0, 0, 0, 0, 0, 0, 0, 0, 0, 0, 0, 0, 0, 1, 0, 0, 0, 0, 0
f28_jpg.rf.36e0a0885e30699b5fdda9880b11fac2.jpg, 0, 0, 0, 0, 0, 0, 0, 0, 0, 0, 1, 0, 0, 0, 0, 0, 0, 0, 0, 0, 0, 0, 0, 0, 0
fl12_JPG_jpg.rf.371339c67b181fdaa196207928a8009e.jpg, 0, 0, 0, 0, 0, 0, 0, 0, 0, 1, 0, 0, 0, 0, 1, 0, 0, 0, 0, 0, 0, 0, 0, 0, 0
w34_jpg.rf.373ad0e38263a2964331f262c41a7187.jpg, 0, 0, 0, 0, 0, 0, 0, 0, 0, 0, 0, 0, 0, 0, 0, 0, 0, 0, 0, 0, 0, 0, 0, 0, 1
d19_png_jpg.rf.374d048fbdac13a2070d40c4236d32ea.jpg, 1, 0, 0, 0, 0, 0, 0, 0, 0, 0, 0, 0, 0, 0, 0, 0, 0, 0, 0, 0, 0, 1, 0, 0, 0
r71_jpg.rf.376189793c9ce42c695040bd24e403fa.jpg, 0, 0, 0, 0, 0, 0, 0, 0, 0, 0, 0, 0, 0, 0, 0, 0, 0, 0, 0, 0, 0, 0, 0, 1, 0
p2_JPG_jpg.rf.3761ac5776840c9c8d64a255d8d6f979.jpg, 0, 0, 0, 1, 0, 0, 0, 0, 0, 0, 0, 0, 0, 0, 0, 0, 0, 0, 0, 0, 0, 0, 0, 0, 0
h45_jpg.rf.376bef3cf2c91fe6e4d1d278f59fd44f.jpg, 0, 0, 0, 0, 0, 0, 0, 0, 0, 0, 0, 0, 0, 1, 0, 0, 0, 0, 0, 0, 0, 0, 0, 0, 0
k18_jpg.rf.377f98a7d6b4a96fb86d9b299bdcafac.jpg, 0, 0, 1, 0, 0, 0, 0, 0, 0, 0, 0, 0, 0, 0, 0, 0, 0, 0, 0, 0, 0, 0, 0, 0, 0
fu11_JPG_jpg.rf.379cf1257751500ba63635ab3c555a8b.jpg, 0, 0, 0, 0, 0, 1, 0, 0, 0, 0, 0, 0, 1, 0, 0, 0, 0, 0, 0, 0, 0, 0, 0, 0, 0
pa18_JPG_jpg.rf.37d20441a9e1d356cd1c814750b781b4.jpg, 0, 0, 0, 0, 0, 0, 0, 0, 0, 0, 0, 0, 0, 0, 0, 0, 0, 0, 0, 0, 1, 0, 0, 0, 0
k4_jpg.rf.37a43857d44ef93edd5565f7d6429095.jpg, 0, 0, 1, 0, 0, 0, 0, 0, 0, 0, 0, 0, 0, 0, 0, 0, 0, 0, 0, 0, 0, 0, 0, 0, 0
p29_JPG_jpg.rf.37e643bf93408a9557240dfa586fcfaa.jpg, 0, 0, 0, 0, 0, 0, 0, 0, 0, 0, 0, 0, 0, 0, 0, 0, 0, 0, 0, 0, 0, 0, 1, 0, 0
fu44_JPG_jpg.rf.37e954a966992c166e19cafa7bb89a5c.jpg, 0, 0, 0, 0, 0, 1, 0, 0, 0, 0, 0, 0, 1, 0, 0, 0, 0, 0, 0, 0, 0, 0, 0, 0, 0
fu61_JPG_jpg.rf.388e3ded3aeb0daf61552f9d985fec92.jpg, 0, 0, 0, 0, 0, 1, 0, 0, 0, 0, 0, 0, 1, 0, 0, 0, 0, 0, 0, 0, 0, 0, 0, 0, 0
fl63_JPG_jpg.rf.370e0422f52c036e46786461426e0a8e.jpg, 0, 0, 0, 0, 0, 0, 0, 0, 0, 1, 0, 0, 0, 0, 1, 0, 0, 0, 0, 0, 0, 0, 0, 0, 0
p50_jpg.rf.3891f0591ec63abf4fbbe1ef476ab04d.jpg, 0, 0, 0, 1, 0, 0, 0, 0, 0, 0, 0, 0, 0, 0, 0, 0, 0, 0, 0, 0, 0, 0, 0, 0, 0
e54_JPG_jpg.rf.385d04767dc049e4ae46dcb3cd58d6ec.jpg, 0, 1, 0, 0, 0, 0, 0, 0, 0, 0, 0, 0, 0, 0, 0, 0, 0, 0, 0, 0, 0, 0, 0, 0, 0
b34_jpg.rf.3907015851f604d521fb99a0911fa375.jpg, 0, 0, 0, 0, 0, 0, 1, 0, 0, 0, 0, 0, 0, 0, 0, 0, 0, 0, 0, 0, 0, 0, 0, 0, 0
w52_jpg.rf.3955c88e249c4ecd1023a1ffef3ccf16.jpg, 0, 0, 0, 0, 0, 0, 0, 0, 0, 0, 0, 0, 0, 0, 0, 0, 0, 0, 0, 0, 0, 0, 0, 0, 1
fl21_JPG_jpg.rf.390a930f6d6c23cce4e51c375ba5eb00.jpg, 0, 0, 0, 0, 0, 0, 0, 0, 0, 1, 0, 0, 0, 0, 1, 0, 0, 0, 0, 0, 0, 0, 0, 0, 0
r64_png_jpg.rf.38e7d82b35ba31cdbe02daf38c678a75.jpg, 0, 0, 0, 0, 0, 0, 0, 0, 0, 0, 0, 0, 0, 0, 0, 0, 0, 0, 0, 0, 0, 0, 0, 1, 0
p9_jpg.rf.3841ce8688686fdb824e167baef181d6.jpg, 0, 0, 0, 0, 0, 0, 0, 0, 0, 0, 0, 0, 0, 0, 0, 0, 0, 0, 0, 0, 0, 0, 1, 0, 0
k22_jpg.rf.38411abcba9f1681ad2d81d1add58e63.jpg, 0, 0, 1, 0, 0, 0, 0, 0, 0, 0, 0, 0, 0, 0, 0, 0, 0, 0, 0, 0, 0, 0, 0, 0, 0
t9_png_jpg.rf.39c725cf75119935b4921161f8347cbd.jpg, 0, 0, 0, 0, 1, 0, 0, 1, 0, 0, 0, 0, 0, 0, 0, 0, 0, 0, 0, 0, 0, 0, 0, 0, 0
fu63_JPG_jpg.rf.3a2659ad59bcbd2f404105a38a6d24d5.jpg, 0, 0, 0, 0, 0, 1, 0, 0, 0, 0, 0, 0, 1, 0, 0, 0, 0, 0, 0, 0, 0, 0, 0, 0, 0
t17_jpg.rf.395ae57ee997e6f792b9a4c6dded8f29.jpg, 0, 0, 0, 0, 1, 0, 0, 1, 0, 0, 0, 0, 0, 0, 0, 0, 0, 0, 0, 0, 0, 0, 0, 0, 0
f39_jpg.rf.3a29ab619c066d3096ac5c218d868fbe.jpg, 0, 0, 0, 0, 0, 0, 0, 0, 0, 0, 1, 0, 0, 0, 0, 0, 0, 0, 0, 0, 0, 0, 0, 0, 0
fl32_JPG_jpg.rf.39c94888eca36e08711cb8abfe0476ea.jpg, 0, 0, 0, 0, 0, 0, 0, 0, 0, 1, 0, 0, 0, 0, 1, 0, 0, 0, 0, 0, 0, 0, 0, 0, 0
pa28_JPG_jpg.rf.3a2ae41cf349c9d855ab9f56e0656642.jpg, 0, 0, 0, 0, 0, 0, 0, 0, 0, 0, 0, 0, 0, 0, 0, 0, 0, 0, 0, 0, 1, 0, 0, 0, 0
p41_jpg.rf.3a32450fac3e71973c187ed3d1f6c274.jpg, 0, 0, 0, 0, 0, 0, 0, 0, 0, 0, 0, 0, 0, 0, 0, 0, 0, 0, 0, 1, 0, 0, 0, 0, 0
f23_JPG_jpg.rf.3a312c11efae028b4c2187be9ace1b26.jpg, 0, 0, 0, 0, 0, 0, 0, 0, 0, 0, 1, 0, 0, 0, 0, 0, 0, 0, 0, 0, 0, 0, 0, 0, 0
pa14_JPG_jpg.rf.3ab7f06fcf3fbf8c1b01f48c2b2a02bf.jpg, 0, 0, 0, 0, 0, 0, 0, 0, 0, 0, 0, 0, 0, 0, 0, 0, 0, 0, 0, 0, 1, 0, 0, 0, 0
h7_jpg.rf.3a7ca8aae4609ef71bc01cb7aab9880d.jpg, 0, 0, 0, 0, 0, 0, 0, 0, 0, 0, 0, 0, 0, 1, 0, 0, 0, 0, 0, 0, 0, 0, 0, 0, 0
m17_jpg.rf.3a464f49a632b4d95832d106b39c295c.jpg, 0, 0, 0, 0, 0, 0, 0, 0, 0, 0, 0, 0, 0, 0, 0, 0, 0, 1, 0, 0, 0, 0, 0, 0, 0
w6_jpg.rf.3a51b313d15d16d3d0830544603b9c35.jpg, 0, 0, 0, 0, 0, 0, 0, 0, 0, 0, 0, 0, 0, 0, 0, 0, 0, 0, 0, 0, 0, 0, 0, 0, 1
n9_JPG_jpg.rf.3a3cfbecb2223f371e91f7e9474a6d5c.jpg, 0, 0, 0, 0, 0, 1, 0, 0, 0, 0, 0, 0, 0, 0, 0, 0, 0, 0, 1, 0, 0, 0, 0, 0, 0
n10_JPG_jpg.rf.3a9c9bb5c8ef03e3a8bfb8a311c68671.jpg, 0, 0, 0, 0, 0, 1, 0, 0, 0, 0, 0, 0, 0, 0, 0, 0, 0, 0, 1, 0, 0, 0, 0, 0, 0
b41_jpg.rf.3b6440d8e76087bce1976f582517a410.jpg, 0, 0, 0, 0, 0, 0, 1, 0, 0, 0, 0, 0, 0, 0, 0, 0, 0, 0, 0, 0, 0, 0, 0, 0, 0
pa20_JPG_jpg.rf.3b2cba4d46e0ce747dc15592bb83808c.jpg, 0, 0, 0, 0, 0, 0, 0, 0, 0, 0, 0, 0, 0, 0, 0, 0, 0, 0, 0, 0, 1, 0, 0, 0, 0
t37_JPG_jpg.rf.3b1b286d8a5fea082a76107b37874db1.jpg, 0, 0, 0, 0, 1, 0, 0, 1, 0, 0, 0, 0, 0, 0, 0, 0, 0, 0, 0, 0, 0, 0, 0, 0, 0
ku52_jpg.rf.3b85ad1c2c742867f003df86f579dfe0.jpg, 0, 0, 0, 0, 0, 0, 0, 0, 1, 0, 0, 0, 0, 0, 0, 1, 0, 0, 0, 0, 0, 0, 0, 0, 0
pa19_JPG_jpg.rf.3b967f50ee351e640f3d996c0430aad5.jpg, 0, 0, 0, 0, 0, 0, 0, 0, 0, 0, 0, 0, 0, 0, 0, 0, 0, 0, 0, 0, 1, 0, 0, 0, 0
n43_JPG_jpg.rf.3a4339fc3e6f4ad3f06835533d713386.jpg, 0, 0, 0, 0, 0, 1, 0, 0, 0, 0, 0, 0, 0, 0, 0, 0, 0, 0, 1, 0, 0, 0, 0, 0, 0
pa40_JPG_jpg.rf.3c4fd85c5af821748f7b69f5e88ac96d.jpg, 0, 0, 0, 0, 0, 0, 0, 0, 0, 0, 0, 0, 0, 0, 0, 0, 0, 0, 0, 0, 1, 0, 0, 0, 0
ku64_JPG_jpg.rf.3c1687be1c95cf194675f55f3519e8f6.jpg, 0, 0, 0, 0, 0, 0, 0, 0, 1, 0, 0, 0, 0, 0, 0, 1, 0, 0, 0, 0, 0, 0, 0, 0, 0
fl66_JPG_jpg.rf.3c060f0c7a42b492a997814b36aeb946.jpg, 0, 0, 0, 0, 0, 0, 0, 0, 0, 1, 0, 0, 0, 0, 1, 0, 0, 0, 0, 0, 0, 0, 0, 0, 0
h56_jpg.rf.3c5fe50602c07b837e7abc2904d3d60d.jpg, 0, 0, 0, 0, 0, 0, 0, 0, 0, 0, 0, 0, 0, 1, 0, 0, 0, 0, 0, 0, 0, 0, 0, 0, 0
e16_JPG_jpg.rf.3c6a5e1ae7eb41726cdbc59bae9e1c63.jpg, 0, 1, 0, 0, 0, 0, 0, 0, 0, 0, 0, 0, 0, 0, 0, 0, 0, 0, 0, 0, 0, 0, 0, 0, 0
fl64_JPG_jpg.rf.3c657d8a3d523eeae52950e79d23f551.jpg, 0, 0, 0, 0, 0, 0, 0, 0, 0, 1, 0, 0, 0, 0, 1, 0, 0, 0, 0, 0, 0, 0, 0, 0, 0
t32_jpg.rf.3c3280948af0b9e36f8ae4991538d784.jpg, 0, 0, 0, 0, 1, 0, 0, 1, 0, 0, 0, 0, 0, 0, 0, 0, 0, 0, 0, 0, 0, 0, 0, 0, 0
pa23_JPG_jpg.rf.3c71f1ef5ced2db16afd95e7f8a8ee3b.jpg, 0, 0, 0, 0, 0, 0, 0, 0, 0, 0, 0, 0, 0, 0, 0, 0, 0, 0, 0, 0, 1, 0, 0, 0, 0
n25_JPG_jpg.rf.3c8d6ec98a5da78595cb3ba91fd57b7f.jpg, 0, 0, 0, 0, 0, 1, 0, 0, 0, 0, 0, 0, 0, 0, 0, 0, 0, 0, 1, 0, 0, 0, 0, 0, 0
d43_jpg.rf.3c4492d93aa5927a0524081c01cd2ffb.jpg, 1, 0, 0, 0, 0, 0, 0, 0, 0, 0, 0, 0, 0, 0, 0, 0, 0, 0, 0, 0, 0, 1, 0, 0, 0
n46_JPG_jpg.rf.3c6f3c7d071ed61ad5385855a1032c9d.jpg, 0, 0, 0, 0, 0, 1, 0, 0, 0, 0, 0, 0, 0, 0, 0, 0, 0, 0, 1, 0, 0, 0, 0, 0, 0
w49_jpg.rf.3cc6ba975093e5744d74a22c4bfc2449.jpg, 0, 0, 0, 0, 0, 0, 0, 0, 0, 0, 0, 0, 0, 0, 0, 0, 0, 0, 0, 0, 0, 0, 0, 0, 1
pa59_JPG_jpg.rf.3cecd41e589b6568a41b7f8e55c38da7.jpg, 0, 0, 0, 0, 0, 0, 0, 0, 0, 0, 0, 0, 0, 0, 0, 0, 0, 0, 0, 0, 1, 0, 0, 0, 0
fu25_JPG_jpg.rf.3ce51953c855e63e95072645667faa54.jpg, 0, 0, 0, 0, 0, 1, 0, 0, 0, 0, 0, 0, 1, 0, 0, 0, 0, 0, 0, 0, 0, 0, 0, 0, 0
f52_JPG_jpg.rf.3c7bd6512371137dc2169047c6edbdc5.jpg, 0, 0, 0, 0, 0, 1, 0, 0, 0, 0, 0, 1, 0, 0, 0, 0, 0, 0, 0, 0, 0, 0, 0, 0, 0
w46_jpg.rf.3c6a60beab15e7dd7507679a21dd9b4f.jpg, 0, 0, 0, 0, 0, 0, 0, 0, 0, 0, 0, 0, 0, 0, 0, 0, 0, 0, 0, 0, 0, 0, 0, 0, 1
b37_jpg.rf.3cf4082c948c2ea9e0cf202b05583299.jpg, 0, 0, 0, 0, 0, 0, 1, 0, 0, 0, 0, 0, 0, 0, 0, 0, 0, 0, 0, 0, 0, 0, 0, 0, 0
k2_jpg.rf.3d2e8247c13ff0877a2c5f2bcb373203.jpg, 0, 0, 1, 0, 0, 0, 0, 0, 0, 0, 0, 0, 0, 0, 0, 0, 0, 0, 0, 0, 0, 0, 0, 0, 0
f20_jpg.rf.3d14ebc1d75a7987997505d3067f87cc.jpg, 0, 0, 0, 0, 0, 0, 0, 0, 0, 0, 1, 0, 0, 0, 0, 0, 0, 0, 0, 0, 0, 0, 0, 0, 0
b24_jpg.rf.3d2b299062241325c392164c20e3b812.jpg, 0, 0, 0, 0, 0, 0, 1, 0, 0, 0, 0, 0, 0, 0, 0, 0, 0, 0, 0, 0, 0, 0, 0, 0, 0
p4_jpg.rf.3dc57aee9cc658730d98bdc45632e98f.jpg, 0, 0, 0, 0, 0, 0, 0, 0, 0, 0, 0, 0, 0, 0, 0, 0, 0, 0, 0, 1, 0, 0, 0, 0, 0
n57_JPG_jpg.rf.3d5a9277912972276d9c424f6d0f4c5f.jpg, 0, 0, 0, 0, 0, 1, 0, 0, 0, 0, 0, 0, 0, 0, 0, 0, 0, 0, 1, 0, 0, 0, 0, 0, 0
d39_jpg.rf.3d48caeb9cfc5ad4f546fc68b9b55717.jpg, 1, 0, 0, 0, 0, 0, 0, 0, 0, 0, 0, 0, 0, 0, 0, 0, 0, 0, 0, 0, 0, 1, 0, 0, 0
h42_jpg.rf.3dc5824d4b31f17fd78d701e799fc721.jpg, 0, 0, 0, 0, 0, 0, 0, 0, 0, 0, 0, 0, 0, 1, 0, 0, 0, 0, 0, 0, 0, 0, 0, 0, 0
b66_jpg.rf.3d67d6236c45bad4daf2ad0e5e43ed4a.jpg, 0, 0, 0, 0, 0, 0, 1, 0, 0, 0, 0, 0, 0, 0, 0, 0, 0, 0, 0, 0, 0, 0, 0, 0, 0
fu39_JPG_jpg.rf.3e1a866c9edaa0993712ce04fa04c99e.jpg, 0, 0, 0, 0, 0, 1, 0, 0, 0, 0, 0, 0, 1, 0, 0, 0, 0, 0, 0, 0, 0, 0, 0, 0, 0
r31_jpg.rf.3e71a8d97d6f80d795d854967863b47e.jpg, 0, 0, 0, 0, 0, 0, 0, 0, 0, 0, 0, 0, 0, 0, 0, 0, 0, 0, 0, 0, 0, 0, 0, 1, 0
k48_jpg.rf.3e211e3d770a4636b5b8d701c12251b1.jpg, 0, 0, 1, 0, 0, 0, 0, 0, 0, 0, 0, 0, 0, 0, 0, 0, 0, 0, 0, 0, 0, 0, 0, 0, 0
pa46_JPG_jpg.rf.3da5d3bb40f9ab8f52b909f3dc64766a.jpg, 0, 0, 0, 0, 0, 0, 0, 0, 0, 0, 0, 0, 0, 0, 0, 0, 0, 0, 0, 0, 1, 0, 0, 0, 0
h62_png_jpg.rf.3dd57b1dd480d4d8839cc32a1e9c9dcf.jpg, 0, 0, 0, 0, 0, 0, 0, 0, 0, 0, 0, 0, 0, 1, 0, 0, 0, 0, 0, 0, 0, 0, 0, 0, 0
w42_png_jpg.rf.3d8363d2460dc66f0b1f71144de33dcf.jpg, 0, 0, 0, 0, 0, 0, 0, 0, 0, 0, 0, 0, 0, 0, 0, 0, 0, 0, 0, 0, 0, 0, 0, 0, 1
d29_jpg.rf.3d4b57864bce2163746239cb2efc5597.jpg, 1, 0, 0, 0, 0, 0, 0, 0, 0, 0, 0, 0, 0, 0, 0, 0, 0, 0, 0, 0, 0, 1, 0, 0, 0
d6_jpg.rf.3f240bc0c723579d91a477056754efe0.jpg, 1, 0, 0, 0, 0, 0, 0, 0, 0, 0, 0, 0, 0, 0, 0, 0, 0, 0, 0, 0, 0, 1, 0, 0, 0
e69_JPG_jpg.rf.3f07f6fe0d6bf72c435917c0999f65c8.jpg, 0, 1, 0, 0, 0, 0, 0, 0, 0, 0, 0, 0, 0, 0, 0, 0, 0, 0, 0, 0, 0, 0, 0, 0, 0
r32_jpg.rf.3de0002366f92ea8ca03c94c582e5173.jpg, 0, 0, 0, 0, 0, 0, 0, 0, 0, 0, 0, 0, 0, 0, 0, 0, 0, 0, 0, 0, 0, 0, 0, 1, 0
t29_jpg.rf.3d8fbb3d0067cc235d40ebd429c0adb0.jpg, 0, 0, 0, 0, 1, 0, 0, 1, 0, 0, 0, 0, 0, 0, 0, 0, 0, 0, 0, 0, 0, 0, 0, 0, 0
h29_jpg.rf.3f0b6e4ae0e0e93f13d4394480f95ede.jpg, 0, 0, 0, 0, 0, 0, 0, 0, 0, 0, 0, 0, 0, 1, 0, 0, 0, 0, 0, 0, 0, 0, 0, 0, 0
e6_JPG_jpg.rf.3f4f033437d830b1b1b76b6a7e6a28bd.jpg, 0, 1, 0, 0, 0, 0, 0, 0, 0, 0, 0, 0, 0, 0, 0, 0, 0, 0, 0, 0, 0, 0, 0, 0, 0
b34_jpg.rf.3e43f90ac82d088ae96795f2dde6f542.jpg, 0, 0, 0, 0, 0, 0, 1, 0, 0, 0, 0, 0, 0, 0, 0, 0, 0, 0, 0, 0, 0, 0, 0, 0, 0
b48_jpg.rf.3e5a3a847f668849b78dd5a2ec23a0fc.jpg, 0, 0, 0, 0, 0, 0, 1, 0, 0, 0, 0, 0, 0, 0, 0, 0, 0, 0, 0, 0, 0, 0, 0, 0, 0
w36_jpg.rf.3f34ebee9227419902f739235f1f3c03.jpg, 0, 0, 0, 0, 0, 0, 0, 0, 0, 0, 0, 0, 0, 0, 0, 0, 0, 0, 0, 0, 0, 0, 0, 0, 1
p9_jpg.rf.3f49f6d68768c76560ea14030a152a55.jpg, 0, 0, 0, 0, 0, 0, 0, 0, 0, 0, 0, 0, 0, 0, 0, 0, 0, 0, 0, 1, 0, 0, 0, 0, 0
fu33_JPG_jpg.rf.3f687d2d262cbc6cdbdfba153cd8fd3c.jpg, 0, 0, 0, 0, 0, 1, 0, 0, 0, 0, 0, 0, 1, 0, 0, 0, 0, 0, 0, 0, 0, 0, 0, 0, 0
m52_png_jpg.rf.3eefabe8c62d684b1b3aeaa77d85f2b1.jpg, 0, 0, 0, 0, 0, 0, 0, 0, 0, 0, 0, 0, 0, 0, 0, 0, 0, 1, 0, 0, 0, 0, 0, 0, 0
p28_JPG_jpg.rf.3fad435bef9b6e893aca82853c2ba1e8.jpg, 0, 0, 0, 0, 0, 0, 0, 0, 0, 0, 0, 0, 0, 0, 0, 0, 0, 0, 0, 0, 0, 0, 1, 0, 0
d25_jpg.rf.3f6e3d6759fdf82495b80f8ab66af7b4.jpg, 1, 0, 0, 0, 0, 0, 0, 0, 0, 0, 0, 0, 0, 0, 0, 0, 0, 0, 0, 0, 0, 1, 0, 0, 0
n16_JPG_jpg.rf.3fba88713ae198f04b3887fa5e3439a1.jpg, 0, 0, 0, 0, 0, 1, 0, 0, 0, 0, 0, 0, 0, 0, 0, 0, 0, 0, 1, 0, 0, 0, 0, 0, 0
e9_JPG_jpg.rf.3fc153ce910e65107dfe04d3fe4b2b77.jpg, 0, 1, 0, 0, 0, 0, 0, 0, 0, 0, 0, 0, 0, 0, 0, 0, 0, 0, 0, 0, 0, 0, 0, 0, 0
f12_JPG_jpg.rf.4017dac14a0edae1b4e3f4c9bc97d96b.jpg, 0, 0, 0, 0, 0, 1, 0, 0, 0, 0, 0, 1, 0, 0, 0, 0, 0, 0, 0, 0, 0, 0, 0, 0, 0
t26_jpg.rf.4064a6f826494d31e44a0dab7fb32408.jpg, 0, 0, 0, 0, 1, 0, 0, 1, 0, 0, 0, 0, 0, 0, 0, 0, 0, 0, 0, 0, 0, 0, 0, 0, 0
r62_jpg.rf.407e5c10af93c4edc7569eb619160d2f.jpg, 0, 0, 0, 0, 0, 0, 0, 0, 0, 0, 0, 0, 0, 0, 0, 0, 0, 0, 0, 0, 0, 0, 0, 1, 0
b22_jpg.rf.40665c0f0cecdefb82459a7f59286048.jpg, 0, 0, 0, 0, 0, 0, 1, 0, 0, 0, 0, 0, 0, 0, 0, 0, 0, 0, 0, 0, 0, 0, 0, 0, 0
w4_jpg.rf.41d3844d802df8dbf650bb20b654b7ce.jpg, 0, 0, 0, 0, 0, 0, 0, 0, 0, 0, 0, 0, 0, 0, 0, 0, 0, 0, 0, 0, 0, 0, 0, 0, 1
b31_jpg.rf.415d039aa4fe7d22a801714a8f201953.jpg, 0, 0, 0, 0, 0, 0, 1, 0, 0, 0, 0, 0, 0, 0, 0, 0, 0, 0, 0, 0, 0, 0, 0, 0, 0
fl18_JPG_jpg.rf.41122a3888e7ecf20c5400e03c31a558.jpg, 0, 0, 0, 0, 0, 0, 0, 0, 0, 1, 0, 0, 0, 0, 1, 0, 0, 0, 0, 0, 0, 0, 0, 0, 0
f34_JPG_jpg.rf.40cde534ab31180df040c4da950fb712.jpg, 0, 0, 0, 0, 0, 0, 0, 0, 0, 0, 1, 0, 0, 0, 0, 0, 0, 0, 0, 0, 0, 0, 0, 0, 0
b47_jpg.rf.421c7c78a524f4cc07a17ac7275fb526.jpg, 0, 0, 0, 0, 0, 0, 1, 0, 0, 0, 0, 0, 0, 0, 0, 0, 0, 0, 0, 0, 0, 0, 0, 0, 0
m4_jpg.rf.40c2b3b0e73eda8aa7258273c4e4e179.jpg, 0, 0, 0, 0, 0, 0, 0, 0, 0, 0, 0, 0, 0, 0, 0, 0, 0, 1, 0, 0, 0, 0, 0, 0, 0
k52_JPG_jpg.rf.41be8b483a7dddbebb2c94d2fe073186.jpg, 0, 0, 1, 0, 0, 0, 0, 0, 0, 0, 0, 0, 0, 0, 0, 0, 0, 0, 0, 0, 0, 0, 0, 0, 0
pa63_JPG_jpg.rf.41de1b2f120935a2b841ced702bfd002.jpg, 0, 0, 0, 0, 0, 0, 0, 0, 0, 0, 0, 0, 0, 0, 0, 0, 0, 0, 0, 0, 1, 0, 0, 0, 0
e33_JPG_jpg.rf.42cce4972e9a2a95ac0774bb60feb316.jpg, 0, 1, 0, 0, 0, 0, 0, 0, 0, 0, 0, 0, 0, 0, 0, 0, 0, 0, 0, 0, 0, 0, 0, 0, 0
r42_jpeg_jpg.rf.417d3d702f48a2a10dfc59e5c2042a83.jpg, 0, 0, 0, 0, 0, 0, 0, 0, 0, 0, 0, 0, 0, 0, 0, 0, 0, 0, 0, 0, 0, 0, 0, 1, 0
ku1_jpg.rf.418cd85cdcae1ac87982e787e4b1a9cd.jpg, 0, 0, 0, 0, 0, 0, 0, 0, 1, 0, 0, 0, 0, 0, 0, 1, 0, 0, 0, 0, 0, 0, 0, 0, 0
w51_jpg.rf.421e2d4cc4856a483b64f9d347b72dd7.jpg, 0, 0, 0, 0, 0, 0, 0, 0, 0, 0, 0, 0, 0, 0, 0, 0, 0, 0, 0, 0, 0, 0, 0, 0, 1
p18_jpg.rf.4318de9e1376fd3d3802f0d8209d39a5.jpg, 0, 0, 0, 0, 0, 0, 0, 0, 0, 0, 0, 0, 0, 0, 0, 0, 0, 0, 0, 1, 0, 0, 0, 0, 0
fl9_JPG_jpg.rf.40ccc5826cb853e4ceb51c1c3e95ce27.jpg, 0, 0, 0, 0, 0, 0, 0, 0, 0, 1, 0, 0, 0, 0, 1, 0, 0, 0, 0, 0, 0, 0, 0, 0, 0
r44_jpg.rf.42c77e60a2dead7e1b3bb4b3a05b770c.jpg, 0, 0, 0, 0, 0, 0, 0, 0, 0, 0, 0, 0, 0, 0, 0, 0, 0, 0, 0, 0, 0, 0, 0, 1, 0
k26_jpg.rf.406d9f39c4efedef7ef4889a0797e6f8.jpg, 0, 0, 1, 0, 0, 0, 0, 0, 0, 0, 0, 0, 0, 0, 0, 0, 0, 0, 0, 0, 0, 0, 0, 0, 0
f45_JPG_jpg.rf.416a15d7c8c2a17b6b2438ea9e8c235b.jpg, 0, 0, 0, 0, 0, 1, 0, 0, 0, 0, 0, 1, 0, 0, 0, 0, 0, 0, 0, 0, 0, 0, 0, 0, 0
n55_JPG_jpg.rf.43149297558349623359856772514c3e.jpg, 0, 0, 0, 0, 0, 1, 0, 0, 0, 0, 0, 0, 0, 0, 0, 0, 0, 0, 1, 0, 0, 0, 0, 0, 0
k11_jpg.rf.42ee931e71b6e5cce2814c9c57f4e8a4.jpg, 0, 0, 1, 0, 0, 0, 0, 0, 0, 0, 0, 0, 0, 0, 0, 0, 0, 0, 0, 0, 0, 0, 0, 0, 0
n37_JPG_jpg.rf.426da6ca26010070cf0c103e6113e2e6.jpg, 0, 0, 0, 0, 0, 1, 0, 0, 0, 0, 0, 0, 0, 0, 0, 0, 0, 0, 1, 0, 0, 0, 0, 0, 0
p51_jpg.rf.42fc94cd7fa0e7b1db8adb6d7417187b.jpg, 0, 0, 0, 0, 0, 0, 0, 0, 0, 0, 0, 0, 0, 0, 0, 0, 0, 0, 0, 1, 0, 0, 0, 0, 0
pa16_JPG_jpg.rf.427c82e667a554c1d984271ee6e2a2ab.jpg, 0, 0, 0, 0, 0, 0, 0, 0, 0, 0, 0, 0, 0, 0, 0, 0, 0, 0, 0, 0, 1, 0, 0, 0, 0
d14_jpg.rf.4330b91a899dc8c5eb3b13862b33b13a.jpg, 1, 0, 0, 0, 0, 0, 0, 0, 0, 0, 0, 0, 0, 0, 0, 0, 0, 0, 0, 0, 0, 1, 0, 0, 0
e41_JPG_jpg.rf.43a10c6dc9e32e7b88d54e2c893316ef.jpg, 0, 1, 0, 0, 0, 0, 0, 0, 0, 0, 0, 0, 0, 0, 0, 0, 0, 0, 0, 0, 0, 0, 0, 0, 0
w70_JPG_jpg.rf.43c5db4125afb025714df91412654270.jpg, 0, 0, 0, 0, 0, 0, 0, 0, 0, 0, 0, 0, 0, 0, 0, 0, 0, 0, 0, 0, 0, 0, 0, 0, 1
p40_jpg.rf.43664d827cb201a30583774d371ce3a7.jpg, 0, 0, 0, 0, 0, 0, 0, 0, 0, 0, 0, 0, 0, 0, 0, 0, 0, 0, 0, 1, 0, 0, 0, 0, 0
d18_jpg.rf.44afbf0279dcca5adb4c191f93910adf.jpg, 1, 0, 0, 0, 0, 0, 0, 0, 0, 0, 0, 0, 0, 0, 0, 0, 0, 0, 0, 0, 0, 1, 0, 0, 0
p45_jpg.rf.436113e614bfc5cd75d270eed3c652a0.jpg, 0, 0, 0, 0, 0, 0, 0, 0, 0, 0, 0, 0, 0, 0, 0, 0, 0, 0, 0, 0, 0, 0, 1, 0, 0
h51_jpg.rf.4430d3925064604135a2c516dade213a.jpg, 0, 0, 0, 0, 0, 0, 0, 0, 0, 0, 0, 0, 0, 1, 0, 0, 0, 0, 0, 0, 0, 0, 0, 0, 0
f42_JPG_jpg.rf.438d68d2b3066bfb70549400f959fe65.jpg, 0, 0, 0, 0, 0, 1, 0, 0, 0, 0, 0, 1, 0, 0, 0, 0, 0, 0, 0, 0, 0, 0, 0, 0, 0
f59_JPG_jpg.rf.44dfd2dc80437c94219789ef5a94ce86.jpg, 0, 0, 0, 0, 0, 1, 0, 0, 0, 0, 0, 1, 0, 0, 0, 0, 0, 0, 0, 0, 0, 0, 0, 0, 0
p43_jpg.rf.433b9579fe5534e8df4bf1371ddcbc7e.jpg, 0, 0, 0, 0, 0, 0, 0, 0, 0, 0, 0, 0, 0, 0, 0, 0, 0, 0, 0, 1, 0, 0, 0, 0, 0
d46_jpg.rf.4457213f6176b976b3319a6d191216f1.jpg, 1, 0, 0, 0, 0, 0, 0, 0, 0, 0, 0, 0, 0, 0, 0, 0, 0, 0, 0, 0, 0, 1, 0, 0, 0
p19_jpg.rf.4448744228ced33944888aed27e2afc2.jpg, 0, 0, 0, 1, 0, 0, 0, 0, 0, 0, 0, 0, 0, 0, 0, 0, 0, 0, 0, 0, 0, 0, 0, 0, 0
pa20_JPG_jpg.rf.444d7c261c91ca267e9c64062f10c143.jpg, 0, 0, 0, 0, 0, 0, 0, 0, 0, 0, 0, 0, 0, 0, 0, 0, 0, 0, 0, 0, 1, 0, 0, 0, 0
h55_JPG_jpg.rf.4330cb4495fabd4c21afb8c0367745ae.jpg, 0, 0, 0, 0, 0, 0, 0, 0, 0, 0, 0, 0, 0, 1, 0, 0, 0, 0, 0, 0, 0, 0, 0, 0, 0
k6_jpg.rf.444be9bb203afd754dfbc94eb49f9b2d.jpg, 0, 0, 1, 0, 0, 0, 0, 0, 0, 0, 0, 0, 0, 0, 0, 0, 0, 0, 0, 0, 0, 0, 0, 0, 0
pa54_JPG_jpg.rf.44fb5a93cb84cf85a6ba5d6b5b17f32f.jpg, 0, 0, 0, 0, 0, 0, 0, 0, 0, 0, 0, 0, 0, 0, 0, 0, 0, 0, 0, 0, 1, 0, 0, 0, 0
p53_JPG_jpg.rf.453fcb4465144056d6fbadacf169a003.jpg, 0, 0, 0, 1, 0, 0, 0, 0, 0, 0, 0, 0, 0, 0, 0, 0, 0, 0, 0, 0, 0, 0, 0, 0, 0
ku61_jpg.rf.43b2f363f2e5a494653e002c9d122998.jpg, 0, 0, 0, 0, 0, 0, 0, 0, 1, 0, 0, 0, 0, 0, 0, 1, 0, 0, 0, 0, 0, 0, 0, 0, 0
f54_JPG_jpg.rf.4586ba677fdd03b11f51ff12ed596b23.jpg, 0, 0, 0, 0, 0, 1, 0, 0, 0, 0, 0, 1, 0, 0, 0, 0, 0, 0, 0, 0, 0, 0, 0, 0, 0
t38_jpg.rf.44d692fea925aba78a351a985e578611.jpg, 0, 0, 0, 0, 1, 0, 0, 1, 0, 0, 0, 0, 0, 0, 0, 0, 0, 0, 0, 0, 0, 0, 0, 0, 0
t38_jpg.rf.45b96abeb1d1a50fb7cad6c8a3a4893b.jpg, 0, 0, 0, 0, 1, 0, 0, 1, 0, 0, 0, 0, 0, 0, 0, 0, 0, 0, 0, 0, 0, 0, 0, 0, 0
t18_jpg.rf.44caf5b9cfabe4824521a8a34ab0978f.jpg, 0, 0, 0, 0, 1, 0, 0, 1, 0, 0, 0, 0, 0, 0, 0, 0, 0, 0, 0, 0, 0, 0, 0, 0, 0
f41_JPG_jpg.rf.456d1eb0070b7139b4ca48dcd6e874b5.jpg, 0, 0, 0, 0, 0, 1, 0, 0, 0, 0, 0, 1, 0, 0, 0, 0, 0, 0, 0, 0, 0, 0, 0, 0, 0
ku5_JPG_jpg.rf.4477f05464762a3477303c9add6c5128.jpg, 0, 0, 0, 0, 0, 0, 0, 0, 1, 0, 0, 0, 0, 0, 0, 1, 0, 0, 0, 0, 0, 0, 0, 0, 0
h59_jpg.rf.45906a51741604ad6197f732679f6416.jpg, 0, 0, 0, 0, 0, 0, 0, 0, 0, 0, 0, 0, 0, 1, 0, 0, 0, 0, 0, 0, 0, 0, 0, 0, 0
d43_jpg.rf.4538a0d0d02be8c89f61e2ef517a491d.jpg, 1, 0, 0, 0, 0, 0, 0, 0, 0, 0, 0, 0, 0, 0, 0, 0, 0, 0, 0, 0, 0, 1, 0, 0, 0
r77_jpg.rf.460451fe178b842b521839ad6cc4e904.jpg, 0, 0, 0, 0, 0, 0, 0, 0, 0, 0, 0, 0, 0, 0, 0, 0, 0, 0, 0, 0, 0, 0, 0, 1, 0
fl31_JPG_jpg.rf.45d74b3e3030ebf2cf8605ccd7521e9a.jpg, 0, 0, 0, 0, 0, 0, 0, 0, 0, 1, 0, 0, 0, 0, 1, 0, 0, 0, 0, 0, 0, 0, 0, 0, 0
h23_jpg.rf.468b63fbf9b295672ef8e8680ca10311.jpg, 0, 0, 0, 0, 0, 0, 0, 0, 0, 0, 0, 0, 0, 1, 0, 0, 0, 0, 0, 0, 0, 0, 0, 0, 0
k38_jpg.rf.46ae5bf26dd2abe84b1dd6c0eabd1170.jpg, 0, 0, 1, 0, 0, 0, 0, 0, 0, 0, 0, 0, 0, 0, 0, 0, 0, 0, 0, 0, 0, 0, 0, 0, 0
t11_jpg.rf.46289a4665eb4f4a37de2998bbecedfa.jpg, 0, 0, 0, 0, 1, 0, 0, 1, 0, 0, 0, 0, 0, 0, 0, 0, 0, 0, 0, 0, 0, 0, 0, 0, 0
f51_JPG_jpg.rf.465e16c6faa329a994cd2c2a00ad70a4.jpg, 0, 0, 0, 0, 0, 1, 0, 0, 0, 0, 0, 1, 0, 0, 0, 0, 0, 0, 0, 0, 0, 0, 0, 0, 0
b49_jpg.rf.46a131180d8aed0dcb14d60cdaa5a7b8.jpg, 0, 0, 0, 0, 0, 0, 1, 0, 0, 0, 0, 0, 0, 0, 0, 0, 0, 0, 0, 0, 0, 0, 0, 0, 0
w18_jpg.rf.47387d11d160daeb13ab702373d349e7.jpg, 0, 0, 0, 0, 0, 0, 0, 0, 0, 0, 0, 0, 0, 0, 0, 0, 0, 0, 0, 0, 0, 0, 0, 0, 1
d27_jpg.rf.46665a909f72ed7d540feaf27e7f0460.jpg, 1, 0, 0, 0, 0, 0, 0, 0, 0, 0, 0, 0, 0, 0, 0, 0, 0, 0, 0, 0, 0, 1, 0, 0, 0
b38_jpg.rf.460d35adc367f2d72f0333cf006d878f.jpg, 0, 0, 0, 0, 0, 0, 1, 0, 0, 0, 0, 0, 0, 0, 0, 0, 0, 0, 0, 0, 0, 0, 0, 0, 0
f43_jpg.rf.47f4b98fda4a8301bf2bbdc9a9bb66ac.jpg, 0, 0, 0, 0, 0, 0, 0, 0, 0, 0, 1, 0, 0, 0, 0, 0, 0, 0, 0, 0, 0, 0, 0, 0, 0
ku35_png_jpg.rf.46939a5ca3ff5baf2add08fe318b35bf.jpg, 0, 0, 0, 0, 0, 0, 0, 0, 1, 0, 0, 0, 0, 0, 0, 1, 0, 0, 0, 0, 0, 0, 0, 0, 0
m54_jpg.rf.47774ddc1784ebcebd8a9b7f53a55294.jpg, 0, 0, 0, 0, 0, 0, 0, 0, 0, 0, 0, 0, 0, 0, 0, 0, 1, 0, 0, 0, 0, 0, 0, 0, 0
fu4_JPG_jpg.rf.47fbb34c5ee05710bb561a7dbe48a07d.jpg, 0, 0, 0, 0, 0, 1, 0, 0, 0, 0, 0, 0, 1, 0, 0, 0, 0, 0, 0, 0, 0, 0, 0, 0, 0
t45_png_jpg.rf.482d34e376a9e16e2212ee52ef2a1f40.jpg, 0, 0, 0, 0, 1, 0, 0, 1, 0, 0, 0, 0, 0, 0, 0, 0, 0, 0, 0, 0, 0, 0, 0, 0, 0
d47_jpg.rf.4793276624aeb4bcadac72a8bf8126a7.jpg, 1, 0, 0, 0, 0, 0, 0, 0, 0, 0, 0, 0, 0, 0, 0, 0, 0, 0, 0, 0, 0, 1, 0, 0, 0
w39_jpg.rf.47dd629039f743c8b409e690865b24f9.jpg, 0, 0, 0, 0, 0, 0, 0, 0, 0, 0, 0, 0, 0, 0, 0, 0, 0, 0, 0, 0, 0, 0, 0, 0, 1
p47_jpg.rf.46b5853c85c40cbbe9d1eee85fd4433e.jpg, 0, 0, 0, 0, 0, 0, 0, 0, 0, 0, 0, 0, 0, 0, 0, 0, 0, 0, 0, 0, 0, 0, 1, 0, 0
k48_jpg.rf.464cea52d3a5e557543c89f556e39eba.jpg, 0, 0, 1, 0, 0, 0, 0, 0, 0, 0, 0, 0, 0, 0, 0, 0, 0, 0, 0, 0, 0, 0, 0, 0, 0
fu16_JPG_jpg.rf.483eebbf2119cd48fb3b58a3fac1ec41.jpg, 0, 0, 0, 0, 0, 1, 0, 0, 0, 0, 0, 0, 1, 0, 0, 0, 0, 0, 0, 0, 0, 0, 0, 0, 0
e12_jpg.rf.47fe7c92cfc7c8cc878537832e526bf8.jpg, 0, 1, 0, 0, 0, 0, 0, 0, 0, 0, 0, 0, 0, 0, 0, 0, 0, 0, 0, 0, 0, 0, 0, 0, 0
m50_jpg.rf.48030e58302fccf2d3d9a42524c3e9be.jpg, 0, 0, 0, 0, 0, 0, 0, 0, 0, 0, 0, 0, 0, 0, 0, 0, 0, 1, 0, 0, 0, 0, 0, 0, 0
f50_JPG_jpg.rf.478aa5dcaeffa977ac8fb25a7053b7ea.jpg, 0, 0, 0, 0, 0, 1, 0, 0, 0, 0, 0, 1, 0, 0, 0, 0, 0, 0, 0, 0, 0, 0, 0, 0, 0
ku52_jpg.rf.46b70422476fb03debf329150e5702d9.jpg, 0, 0, 0, 0, 0, 0, 0, 0, 1, 0, 0, 0, 0, 0, 0, 1, 0, 0, 0, 0, 0, 0, 0, 0, 0
w42_png_jpg.rf.46ff12234d9864bf99107ec440d34a69.jpg, 0, 0, 0, 0, 0, 0, 0, 0, 0, 0, 0, 0, 0, 0, 0, 0, 0, 0, 0, 0, 0, 0, 0, 0, 1
fu68_JPG_jpg.rf.46f6a83b89fa9bccc440abc1ef6bf3eb.jpg, 0, 0, 0, 0, 0, 1, 0, 0, 0, 0, 0, 0, 1, 0, 0, 0, 0, 0, 0, 0, 0, 0, 0, 0, 0
h29_jpg.rf.48534748fed010841f00e9e5c9f150a8.jpg, 0, 0, 0, 0, 0, 0, 0, 0, 0, 0, 0, 0, 0, 1, 0, 0, 0, 0, 0, 0, 0, 0, 0, 0, 0
m1_jpg.rf.47cc6fe31259ea028c46de81b66794d8.jpg, 0, 0, 0, 0, 0, 0, 0, 0, 0, 0, 0, 0, 0, 0, 0, 0, 0, 1, 0, 0, 0, 0, 0, 0, 0
e30_JPG_jpg.rf.486f6f21e6266a779d94127f535ccb21.jpg, 0, 1, 0, 0, 0, 0, 0, 0, 0, 0, 0, 0, 0, 0, 0, 0, 0, 0, 0, 0, 0, 0, 0, 0, 0
h25_JPG_jpg.rf.496371e745c802372838150d35595799.jpg, 0, 0, 0, 0, 0, 0, 0, 0, 0, 0, 0, 0, 0, 1, 0, 0, 0, 0, 0, 0, 0, 0, 0, 0, 0
fu26_JPG_jpg.rf.488d90954f1a41a1aad5afdf62ad286e.jpg, 0, 0, 0, 0, 0, 1, 0, 0, 0, 0, 0, 0, 1, 0, 0, 0, 0, 0, 0, 0, 0, 0, 0, 0, 0
n34_JPG_jpg.rf.4a3eb89aa82efc5377f55f867686369b.jpg, 0, 0, 0, 0, 0, 1, 0, 0, 0, 0, 0, 0, 0, 0, 0, 0, 0, 0, 1, 0, 0, 0, 0, 0, 0
m29_jpg.rf.4b16d3eeaab18aa464a02e92d13e68b4.jpg, 0, 0, 0, 0, 0, 0, 0, 0, 0, 0, 0, 0, 0, 0, 0, 0, 0, 1, 0, 0, 0, 0, 0, 0, 0
r36_jpg.rf.4bb47f8effc0582e45dfb0be08f4992a.jpg, 0, 0, 0, 0, 0, 0, 0, 0, 0, 0, 0, 0, 0, 0, 0, 0, 0, 0, 0, 0, 0, 0, 0, 1, 0
fu38_JPG_jpg.rf.48a0ceb97c3cf9f2e8628dc8fdee89f6.jpg, 0, 0, 0, 0, 0, 1, 0, 0, 0, 0, 0, 0, 1, 0, 0, 0, 0, 0, 0, 0, 0, 0, 0, 0, 0
t45_png_jpg.rf.4ae4690e7142855e0edc150575d77a9e.jpg, 0, 0, 0, 0, 1, 0, 0, 1, 0, 0, 0, 0, 0, 0, 0, 0, 0, 0, 0, 0, 0, 0, 0, 0, 0
e56_png_jpg.rf.49b9e006cece124f0bd55283600eedbb.jpg, 0, 1, 0, 0, 0, 0, 0, 0, 0, 0, 0, 0, 0, 0, 0, 0, 0, 0, 0, 0, 0, 0, 0, 0, 0
fl30_JPG_jpg.rf.48b23621c09fd219e25dd6f7e953db13.jpg, 0, 0, 0, 0, 0, 0, 0, 0, 0, 1, 0, 0, 0, 0, 1, 0, 0, 0, 0, 0, 0, 0, 0, 0, 0
m64_jpg.rf.4b84f9ac4e27c2cf2afc9047c5d578b7.jpg, 0, 0, 0, 0, 0, 0, 0, 0, 0, 0, 0, 0, 0, 0, 0, 0, 1, 0, 0, 0, 0, 0, 0, 0, 0
w56_jpg.rf.4cc5045aa4c1df64b56b0e853feeb893.jpg, 0, 0, 0, 0, 0, 0, 0, 0, 0, 0, 0, 0, 0, 0, 0, 0, 0, 0, 0, 0, 0, 0, 0, 0, 1
f20_jpg.rf.4a1a8a0f9cf37c1b0b95fc7e76547989.jpg, 0, 0, 0, 0, 0, 0, 0, 0, 0, 0, 1, 0, 0, 0, 0, 0, 0, 0, 0, 0, 0, 0, 0, 0, 0
r66_jpg.rf.4b918e32c8da45f90cd3f00acc08b7cb.jpg, 0, 0, 0, 0, 0, 0, 0, 0, 0, 0, 0, 0, 0, 0, 0, 0, 0, 0, 0, 0, 0, 0, 0, 1, 0
w59_jpg.rf.4b65c160ae8cb820ae04b9cb30dbc247.jpg, 0, 0, 0, 0, 0, 0, 0, 0, 0, 0, 0, 0, 0, 0, 0, 0, 0, 0, 0, 0, 0, 0, 0, 0, 1
ku16_jpg.rf.4ccdaf422ea11ad8ebcc08cc66732967.jpg, 0, 0, 0, 0, 0, 0, 0, 0, 1, 0, 0, 0, 0, 0, 0, 1, 0, 0, 0, 0, 0, 0, 0, 0, 0
e66_JPG_jpg.rf.4ae52a66fa322a4bdd351f9cacb5cdc9.jpg, 0, 1, 0, 0, 0, 0, 0, 0, 0, 0, 0, 0, 0, 0, 0, 0, 0, 0, 0, 0, 0, 0, 0, 0, 0
e17_JPG_jpg.rf.4d393ffefabc3c3dea22ad62e2be3ca9.jpg, 0, 1, 0, 0, 0, 0, 0, 0, 0, 0, 0, 0, 0, 0, 0, 0, 0, 0, 0, 0, 0, 0, 0, 0, 0
w13_jpg.rf.4c6e9ccec1add8986a616d26386a1673.jpg, 0, 0, 0, 0, 0, 0, 0, 0, 0, 0, 0, 0, 0, 0, 0, 0, 0, 0, 0, 0, 0, 0, 0, 0, 1
m44_jpeg_jpg.rf.49b6a69d4f32fbda60a1e70e04f1652b.jpg, 0, 0, 0, 0, 0, 0, 0, 0, 0, 0, 0, 0, 0, 0, 0, 0, 0, 1, 0, 0, 0, 0, 0, 0, 0
fl23_JPG_jpg.rf.4dc140c173a6f3f2552a68ac93e15a72.jpg, 0, 0, 0, 0, 0, 0, 0, 0, 0, 1, 0, 0, 0, 0, 1, 0, 0, 0, 0, 0, 0, 0, 0, 0, 0
b48_jpg.rf.4cefb73029907112b93264264cef86b5.jpg, 0, 0, 0, 0, 0, 0, 1, 0, 0, 0, 0, 0, 0, 0, 0, 0, 0, 0, 0, 0, 0, 0, 0, 0, 0
h58_jpg.rf.4b7d5fc97d92ed7a437c1bd939d0276e.jpg, 0, 0, 0, 0, 0, 0, 0, 0, 0, 0, 0, 0, 0, 1, 0, 0, 0, 0, 0, 0, 0, 0, 0, 0, 0
fl35_JPG_jpg.rf.4d3941fbda6b0aaba541f5eecf5e3def.jpg, 0, 0, 0, 0, 0, 0, 0, 0, 0, 1, 0, 0, 0, 0, 1, 0, 0, 0, 0, 0, 0, 0, 0, 0, 0
m61_jpg.rf.4d9731cac3191a8a0d9ec402d61e8873.jpg, 0, 0, 0, 0, 0, 0, 0, 0, 0, 0, 0, 0, 0, 0, 0, 0, 0, 1, 0, 0, 0, 0, 0, 0, 0
fu36_JPG_jpg.rf.4d421543632c39af73c07ed19f78bc50.jpg, 0, 0, 0, 0, 0, 1, 0, 0, 0, 0, 0, 0, 1, 0, 0, 0, 0, 0, 0, 0, 0, 0, 0, 0, 0
f29_JPG_jpg.rf.4e32357dbdff99bc32c71750717eb8d1.jpg, 0, 0, 0, 0, 0, 1, 0, 0, 0, 0, 0, 1, 0, 0, 0, 0, 0, 0, 0, 0, 0, 0, 0, 0, 0
e48_JPG_jpg.rf.4e14b632b5c2bfaec914c151c184dbcd.jpg, 0, 1, 0, 0, 0, 0, 0, 0, 0, 0, 0, 0, 0, 0, 0, 0, 0, 0, 0, 0, 0, 0, 0, 0, 0
pa64_JPG_jpg.rf.4f591c43f0164bf56109b8e5d8b9c35c.jpg, 0, 0, 0, 0, 0, 0, 0, 0, 0, 0, 0, 0, 0, 0, 0, 0, 0, 0, 0, 0, 1, 0, 0, 0, 0
p54_JPG_jpg.rf.4edc80cb89f06e39141c30eef706eeb5.jpg, 0, 0, 0, 1, 0, 0, 0, 0, 0, 0, 0, 0, 0, 0, 0, 0, 0, 0, 0, 0, 0, 0, 0, 0, 0
pa29_jpg.rf.4ef94b92204cf03e665f4740ca81d37e.jpg, 0, 0, 0, 0, 0, 0, 0, 0, 0, 0, 0, 0, 0, 0, 0, 0, 0, 0, 0, 0, 1, 0, 0, 0, 0
pa50_jpg.rf.4e4e5633b86774503c28ad642932dbbb.jpg, 0, 0, 0, 0, 0, 0, 0, 0, 0, 0, 0, 0, 0, 0, 0, 0, 0, 0, 0, 0, 1, 0, 0, 0, 0
e47_JPG_jpg.rf.4ec5f45be5813fdf8ec1da48c1eea95b.jpg, 0, 1, 0, 0, 0, 0, 0, 0, 0, 0, 0, 0, 0, 0, 0, 0, 0, 0, 0, 0, 0, 0, 0, 0, 0
e32_jpg.rf.5093bf4b3b5f2f21ac7a6a6f2a449d31.jpg, 0, 1, 0, 0, 0, 0, 0, 0, 0, 0, 0, 0, 0, 0, 0, 0, 0, 0, 0, 0, 0, 0, 0, 0, 0
b15_jpg.rf.4deabf1eef6c7c5a873c6e98fbd0b8b0.jpg, 0, 0, 0, 0, 0, 0, 1, 0, 0, 0, 0, 0, 0, 0, 0, 0, 0, 0, 0, 0, 0, 0, 0, 0, 0
b6_jpg.rf.4f524b019d12d9eabdb4662f0d7efc7f.jpg, 0, 0, 0, 0, 0, 0, 1, 0, 0, 0, 0, 0, 0, 0, 0, 0, 0, 0, 0, 0, 0, 0, 0, 0, 0
b33_jpg.rf.4e1edc610b3416f7265b03775f3e0931.jpg, 0, 0, 0, 0, 0, 0, 1, 0, 0, 0, 0, 0, 0, 0, 0, 0, 0, 0, 0, 0, 0, 0, 0, 0, 0
m68_jpg.rf.4f84547c5ae5645d5a518da2e0c114a1.jpg, 0, 0, 0, 0, 0, 0, 0, 0, 0, 0, 0, 0, 0, 0, 0, 0, 1, 0, 0, 0, 0, 0, 0, 0, 0
n47_JPG_jpg.rf.4f342ce64be829cb25d80c9af0740cfc.jpg, 0, 0, 0, 0, 0, 1, 0, 0, 0, 0, 0, 0, 0, 0, 0, 0, 0, 0, 1, 0, 0, 0, 0, 0, 0
fl7_JPG_jpg.rf.4f4db05cb2841281e810c76638661557.jpg, 0, 0, 0, 0, 0, 0, 0, 0, 0, 1, 0, 0, 0, 0, 1, 0, 0, 0, 0, 0, 0, 0, 0, 0, 0
f56_JPG_jpg.rf.4ecbe2dada23ab3402249a1dce11c5d2.jpg, 0, 0, 0, 0, 0, 1, 0, 0, 0, 0, 0, 1, 0, 0, 0, 0, 0, 0, 0, 0, 0, 0, 0, 0, 0
e34_jpg.rf.50a2d794013549c853a496cdff3a0a61.jpg, 0, 1, 0, 0, 0, 0, 0, 0, 0, 0, 0, 0, 0, 0, 0, 0, 0, 0, 0, 0, 0, 0, 0, 0, 0
pa60_JPG_jpg.rf.4f8fa067d289152bbfbb6f3d533c8414.jpg, 0, 0, 0, 0, 0, 0, 0, 0, 0, 0, 0, 0, 0, 0, 0, 0, 0, 0, 0, 0, 1, 0, 0, 0, 0
k20_jpg.rf.50e231855ec9a84c2619357de7364dea.jpg, 0, 0, 1, 0, 0, 0, 0, 0, 0, 0, 0, 0, 0, 0, 0, 0, 0, 0, 0, 0, 0, 0, 0, 0, 0
w18_jpg.rf.4f5ec76124623fcf0c479d2382c34e0a.jpg, 0, 0, 0, 0, 0, 0, 0, 0, 0, 0, 0, 0, 0, 0, 0, 0, 0, 0, 0, 0, 0, 0, 0, 0, 1
w60_jpg.rf.4e4a117299a7b7cb588f4dc91987688b.jpg, 0, 0, 0, 0, 0, 0, 0, 0, 0, 0, 0, 0, 0, 0, 0, 0, 0, 0, 0, 0, 0, 0, 0, 0, 1
m72_jpg.rf.50925cfd6722ecb76e0b9726190082e3.jpg, 0, 0, 0, 0, 0, 0, 0, 0, 0, 0, 0, 0, 0, 0, 0, 0, 0, 1, 0, 0, 0, 0, 0, 0, 0
t44_JPG_jpg.rf.4f766950061e0c2cf9e81beb27e95e95.jpg, 0, 0, 0, 0, 1, 0, 0, 1, 0, 0, 0, 0, 0, 0, 0, 0, 0, 0, 0, 0, 0, 0, 0, 0, 0
h58_jpg.rf.5094e70ae05418177e25d7f42338820b.jpg, 0, 0, 0, 0, 0, 0, 0, 0, 0, 0, 0, 0, 0, 1, 0, 0, 0, 0, 0, 0, 0, 0, 0, 0, 0
fl6_JPG_jpg.rf.4f0444f0c1ff55724008f8cd4e1e7168.jpg, 0, 0, 0, 0, 0, 0, 0, 0, 0, 1, 0, 0, 0, 0, 1, 0, 0, 0, 0, 0, 0, 0, 0, 0, 0
pa23_JPG_jpg.rf.4f9d4bc8809346e7e6db5c7b86b1c3d5.jpg, 0, 0, 0, 0, 0, 0, 0, 0, 0, 0, 0, 0, 0, 0, 0, 0, 0, 0, 0, 0, 1, 0, 0, 0, 0
p44_JPG_jpg.rf.50fd53cb3fe90dd370444242fc2568d0.jpg, 0, 0, 0, 1, 0, 0, 0, 0, 0, 0, 0, 0, 0, 0, 0, 0, 0, 0, 0, 0, 0, 0, 0, 0, 0
f63_JPG_jpg.rf.51730be15c4d2a7b7eb4d0c0c17c93b6.jpg, 0, 0, 0, 0, 0, 1, 0, 0, 0, 0, 0, 1, 0, 0, 0, 0, 0, 0, 0, 0, 0, 0, 0, 0, 0
m14_jpg.rf.51ac44f58a01482dcf7cbebe7a7d76a6.jpg, 0, 0, 0, 0, 0, 0, 0, 0, 0, 0, 0, 0, 0, 0, 0, 0, 0, 1, 0, 0, 0, 0, 0, 0, 0
f57_JPG_jpg.rf.519c539f435dc1a4164c67d0970f63ca.jpg, 0, 0, 0, 0, 0, 1, 0, 0, 0, 0, 0, 1, 0, 0, 0, 0, 0, 0, 0, 0, 0, 0, 0, 0, 0
p52_JPG_jpg.rf.51b33368091d1f17a6da3c9dda79d052.jpg, 0, 0, 0, 1, 0, 0, 0, 0, 0, 0, 0, 0, 0, 0, 0, 0, 0, 0, 0, 0, 0, 0, 0, 0, 0
r45_JPG_jpg.rf.51b2e80cfda5156c581b3b832638889f.jpg, 0, 0, 0, 0, 0, 0, 0, 0, 0, 0, 0, 0, 0, 0, 0, 0, 0, 0, 0, 0, 0, 0, 0, 1, 0
e61_JPG_jpg.rf.518ef6a4f5b5ed825d70b1b713b7c7e0.jpg, 0, 1, 0, 0, 0, 0, 0, 0, 0, 0, 0, 0, 0, 0, 0, 0, 0, 0, 0, 0, 0, 0, 0, 0, 0
fu5_JPG_jpg.rf.5194de43061471e69e0d3a79a2eb5a37.jpg, 0, 0, 0, 0, 0, 1, 0, 0, 0, 0, 0, 0, 1, 0, 0, 0, 0, 0, 0, 0, 0, 0, 0, 0, 0
f32_JPG_jpg.rf.519682ced9df6f9039e1d7e16f624ec0.jpg, 0, 0, 0, 0, 0, 1, 0, 0, 0, 0, 0, 1, 0, 0, 0, 0, 0, 0, 0, 0, 0, 0, 0, 0, 0
h52_JPG_jpg.rf.5201256d19dd463a78ee62e3d06b582c.jpg, 0, 0, 0, 0, 0, 0, 0, 0, 0, 0, 0, 0, 0, 1, 0, 0, 0, 0, 0, 0, 0, 0, 0, 0, 0
p48_jpg.rf.510e333d20c28198715825da616bd5be.jpg, 0, 0, 0, 0, 0, 0, 0, 0, 0, 0, 0, 0, 0, 0, 0, 0, 0, 0, 0, 0, 0, 0, 1, 0, 0
n28_JPG_jpg.rf.518d382e0a875e6001b8cb08dc2de3d7.jpg, 0, 0, 0, 0, 0, 1, 0, 0, 0, 0, 0, 0, 0, 0, 0, 0, 0, 0, 1, 0, 0, 0, 0, 0, 0
k11_jpg.rf.51c3e16d46e7b5419fd2abdab8c06b9d.jpg, 0, 0, 1, 0, 0, 0, 0, 0, 0, 0, 0, 0, 0, 0, 0, 0, 0, 0, 0, 0, 0, 0, 0, 0, 0
pa43_jpg.rf.52807d482485274375b8954b8466c467.jpg, 0, 0, 0, 0, 0, 0, 0, 0, 0, 0, 0, 0, 0, 0, 0, 0, 0, 0, 0, 0, 1, 0, 0, 0, 0
f26_JPG_jpg.rf.528c8014c75751658e43d3041d985a3a.jpg, 0, 0, 0, 0, 0, 1, 0, 0, 0, 0, 0, 1, 0, 0, 0, 0, 0, 0, 0, 0, 0, 0, 0, 0, 0
f12_JPG_jpg.rf.523e065d060ec643b56ed00a7763e1e9.jpg, 0, 0, 0, 0, 0, 1, 0, 0, 0, 0, 0, 1, 0, 0, 0, 0, 0, 0, 0, 0, 0, 0, 0, 0, 0
b40_jpg.rf.52d0be50aecd899f6795bd69c25fa287.jpg, 0, 0, 0, 0, 0, 0, 1, 0, 0, 0, 0, 0, 0, 0, 0, 0, 0, 0, 0, 0, 0, 0, 0, 0, 0
fl17_JPG_jpg.rf.51de0365ce7058e5eafff680151ac66f.jpg, 0, 0, 0, 0, 0, 0, 0, 0, 0, 1, 0, 0, 0, 0, 1, 0, 0, 0, 0, 0, 0, 0, 0, 0, 0
n69_JPG_jpg.rf.52fcf32f518fdb741ce00b91a0e56cc8.jpg, 0, 0, 0, 0, 0, 1, 0, 0, 0, 0, 0, 0, 0, 0, 0, 0, 0, 0, 1, 0, 0, 0, 0, 0, 0
t56_jpg.rf.530278bad328808542ddd7f6350ad10f.jpg, 0, 0, 0, 0, 1, 0, 0, 1, 0, 0, 0, 0, 0, 0, 0, 0, 0, 0, 0, 0, 0, 0, 0, 0, 0
r16_jpg.rf.52510a2f04dac4997c6f2a21402fa994.jpg, 0, 0, 0, 0, 0, 0, 0, 0, 0, 0, 0, 0, 0, 0, 0, 0, 0, 0, 0, 0, 0, 0, 0, 1, 0
pa9_jpg.rf.52c2e865c14f9058fc22075e1a181dd2.jpg, 0, 0, 0, 0, 0, 0, 0, 0, 0, 0, 0, 0, 0, 0, 0, 0, 0, 0, 0, 0, 1, 0, 0, 0, 0
k44_png_jpg.rf.52b48546dfd45ee54b51a3702a199a0a.jpg, 0, 0, 1, 0, 0, 0, 0, 0, 0, 0, 0, 0, 0, 0, 0, 0, 0, 0, 0, 0, 0, 0, 0, 0, 0
e50_jpg.rf.521120daea385e31584c6dd205e6b2e9.jpg, 0, 1, 0, 0, 0, 0, 0, 0, 0, 0, 0, 0, 0, 0, 0, 0, 0, 0, 0, 0, 0, 0, 0, 0, 0
r68_jpg.rf.52cb82332dbf0324037fb70bfa36436f.jpg, 0, 0, 0, 0, 0, 0, 0, 0, 0, 0, 0, 0, 0, 0, 0, 0, 0, 0, 0, 0, 0, 0, 0, 1, 0
k15_jpg.rf.525edf7586ba78e2c5a864d46535a4f4.jpg, 0, 0, 1, 0, 0, 0, 0, 0, 0, 0, 0, 0, 0, 0, 0, 0, 0, 0, 0, 0, 0, 0, 0, 0, 0
w59_jpg.rf.5321303076faa9c5ba1e365f22e5197f.jpg, 0, 0, 0, 0, 0, 0, 0, 0, 0, 0, 0, 0, 0, 0, 0, 0, 0, 0, 0, 0, 0, 0, 0, 0, 1
k8_jpg.rf.53175bf8bd09c031e651ffc0f1335d8d.jpg, 0, 0, 1, 0, 0, 0, 0, 0, 0, 0, 0, 0, 0, 0, 0, 0, 0, 0, 0, 0, 0, 0, 0, 0, 0
fu61_JPG_jpg.rf.53223647b1348052dda90e154cde0aca.jpg, 0, 0, 0, 0, 0, 1, 0, 0, 0, 0, 0, 0, 1, 0, 0, 0, 0, 0, 0, 0, 0, 0, 0, 0, 0
m22_jpg.rf.5388b56a81370d725e50a8db607fdf7f.jpg, 0, 0, 0, 0, 0, 0, 0, 0, 0, 0, 0, 0, 0, 0, 0, 0, 1, 0, 0, 0, 0, 0, 0, 0, 0
f28_JPG_jpg.rf.5435547681b131a279d6f4e490002a08.jpg, 0, 0, 0, 0, 0, 1, 0, 0, 0, 0, 0, 1, 0, 0, 0, 0, 0, 0, 0, 0, 0, 0, 0, 0, 0
f59_jpg.rf.53c485f14f86393354c6ae960f7f2e9a.jpg, 0, 0, 0, 0, 0, 0, 0, 0, 0, 0, 1, 0, 0, 0, 0, 0, 0, 0, 0, 0, 0, 0, 0, 0, 0
n21_JPG_jpg.rf.541ef2811a6ff86434f784adb45ce627.jpg, 0, 0, 0, 0, 0, 1, 0, 0, 0, 0, 0, 0, 0, 0, 0, 0, 0, 0, 1, 0, 0, 0, 0, 0, 0
m3_jpg.rf.5421b88e2a2cdb49382ee8ffdadc800b.jpg, 0, 0, 0, 0, 0, 0, 0, 0, 0, 0, 0, 0, 0, 0, 0, 0, 1, 0, 0, 0, 0, 0, 0, 0, 0
b25_jpg.rf.5467d7bd2595b6e523be7ef379358feb.jpg, 0, 0, 0, 0, 0, 0, 1, 0, 0, 0, 0, 0, 0, 0, 0, 0, 0, 0, 0, 0, 0, 0, 0, 0, 0
pa5_jpg.rf.55208d8f1ae7b2f9b7f556fd2478912e.jpg, 0, 0, 0, 0, 0, 0, 0, 0, 0, 0, 0, 0, 0, 0, 0, 0, 0, 0, 0, 0, 1, 0, 0, 0, 0
pa61_JPG_jpg.rf.54f4a09dbea035a5ebba1c4ea3bb1337.jpg, 0, 0, 0, 0, 0, 0, 0, 0, 0, 0, 0, 0, 0, 0, 0, 0, 0, 0, 0, 0, 1, 0, 0, 0, 0
f50_JPG_jpg.rf.5552056589f5b891925b3dec1425dbde.jpg, 0, 0, 0, 0, 0, 1, 0, 0, 0, 0, 0, 1, 0, 0, 0, 0, 0, 0, 0, 0, 0, 0, 0, 0, 0
e44_JPG_jpg.rf.550ef1bc1a3d00b89dec5239576b01df.jpg, 0, 1, 0, 0, 0, 0, 0, 0, 0, 0, 0, 0, 0, 0, 0, 0, 0, 0, 0, 0, 0, 0, 0, 0, 0
f46_JPG_jpg.rf.53d76422a34c06276b742811f273d20e.jpg, 0, 0, 0, 0, 0, 1, 0, 0, 0, 0, 0, 1, 0, 0, 0, 0, 0, 0, 0, 0, 0, 0, 0, 0, 0
r2_jpg.rf.55d3b9ef1f7ce2216abadcb2c98dbef9.jpg, 0, 0, 0, 0, 0, 0, 0, 0, 0, 0, 0, 0, 0, 0, 0, 0, 0, 0, 0, 0, 0, 0, 0, 1, 0
d33_jpg.rf.538b10b97fcc304381a7b5db060ab0af.jpg, 1, 0, 0, 0, 0, 0, 0, 0, 0, 0, 0, 0, 0, 0, 0, 0, 0, 0, 0, 0, 0, 1, 0, 0, 0
fu5_JPG_jpg.rf.5426f62a0c3ec038746372d67568a17e.jpg, 0, 0, 0, 0, 0, 1, 0, 0, 0, 0, 0, 0, 1, 0, 0, 0, 0, 0, 0, 0, 0, 0, 0, 0, 0
p44_png_jpg.rf.55ccb7440a017ba098650403ef76dee8.jpg, 0, 0, 0, 0, 0, 0, 0, 0, 0, 0, 0, 0, 0, 0, 0, 0, 0, 0, 0, 0, 0, 0, 1, 0, 0
m44_jpeg_jpg.rf.54a7282af70a721ebc7bba9632c098d7.jpg, 0, 0, 0, 0, 0, 0, 0, 0, 0, 0, 0, 0, 0, 0, 0, 0, 0, 1, 0, 0, 0, 0, 0, 0, 0
e20_jpg.rf.54dcd21b69c7488d07dd351a116b1de7.jpg, 0, 1, 0, 0, 0, 0, 0, 0, 0, 0, 0, 0, 0, 0, 0, 0, 0, 0, 0, 0, 0, 0, 0, 0, 0
m76_jpg.rf.558e28f9c7c68906e5d80a8713556abf.jpg, 0, 0, 0, 0, 0, 0, 0, 0, 0, 0, 0, 0, 0, 0, 0, 0, 0, 1, 0, 0, 0, 0, 0, 0, 0
ku42_jpg.rf.5440e0d5eaf0c5ded08b020ce7e44c91.jpg, 0, 0, 0, 0, 0, 0, 0, 0, 1, 0, 0, 0, 0, 0, 0, 1, 0, 0, 0, 0, 0, 0, 0, 0, 0
h7_jpg.rf.55d60570c7d75c13ca408aa98e128696.jpg, 0, 0, 0, 0, 0, 0, 0, 0, 0, 0, 0, 0, 0, 1, 0, 0, 0, 0, 0, 0, 0, 0, 0, 0, 0
f31_JPG_jpg.rf.54e307581d27a319eac10ca3b788a5de.jpg, 0, 0, 0, 0, 0, 1, 0, 0, 0, 0, 0, 1, 0, 0, 0, 0, 0, 0, 0, 0, 0, 0, 0, 0, 0
m77_jpg.rf.560337513461efb36b6f1de763266c48.jpg, 0, 0, 0, 0, 0, 0, 0, 0, 0, 0, 0, 0, 0, 0, 0, 0, 0, 1, 0, 0, 0, 0, 0, 0, 0
p25_jpg.rf.53450968614b89523742bddd2d2c704f.jpg, 0, 0, 0, 0, 0, 0, 0, 0, 0, 0, 0, 0, 0, 0, 0, 0, 0, 0, 0, 1, 0, 0, 0, 0, 0
f4_jpg.rf.5594f6770541dce08dae6a998b5fb1c1.jpg, 0, 0, 0, 0, 0, 0, 0, 0, 0, 0, 1, 0, 0, 0, 0, 0, 0, 0, 0, 0, 0, 0, 0, 0, 0
f3_jpg.rf.56221dc3992baf43bf0d292d6f4598c6.jpg, 0, 0, 0, 0, 0, 0, 0, 0, 0, 0, 1, 0, 0, 0, 0, 0, 0, 0, 0, 0, 0, 0, 0, 0, 0
pa44_JPG_jpg.rf.55de6976cf374f496a57a363aa0e13cf.jpg, 0, 0, 0, 0, 0, 0, 0, 0, 0, 0, 0, 0, 0, 0, 0, 0, 0, 0, 0, 0, 1, 0, 0, 0, 0
m53_jpg.rf.56bcc76828fbf96bd623c34e701b5309.jpg, 0, 0, 0, 0, 0, 0, 0, 0, 0, 0, 0, 0, 0, 0, 0, 0, 0, 1, 0, 0, 0, 0, 0, 0, 0
f7_jpg.rf.574791dbe7ff12f1a5c8d6979c1dbeb5.jpg, 0, 0, 0, 0, 0, 0, 0, 0, 0, 0, 1, 0, 0, 0, 0, 0, 0, 0, 0, 0, 0, 0, 0, 0, 0
ku57_JPG_jpg.rf.5673ba34df063fbd648ac9f210b3f12a.jpg, 0, 0, 0, 0, 0, 0, 0, 0, 1, 0, 0, 0, 0, 0, 0, 1, 0, 0, 0, 0, 0, 0, 0, 0, 0
d45_jpg.rf.5693a50334ca0eeae57e1b3af41843c3.jpg, 1, 0, 0, 0, 0, 0, 0, 0, 0, 0, 0, 0, 0, 0, 0, 0, 0, 0, 0, 0, 0, 1, 0, 0, 0
e56_png_jpg.rf.5697ed0972ddaa9e44c6bd775ebd18f6.jpg, 0, 1, 0, 0, 0, 0, 0, 0, 0, 0, 0, 0, 0, 0, 0, 0, 0, 0, 0, 0, 0, 0, 0, 0, 0
f4_JPG_jpg.rf.57edddbf2109708b0ebeba4d53172a7b.jpg, 0, 0, 0, 0, 0, 1, 0, 0, 0, 0, 0, 1, 0, 0, 0, 0, 0, 0, 0, 0, 0, 0, 0, 0, 0
r59_jpg.rf.56de987a90bc6012690609374cba21ae.jpg, 0, 0, 0, 0, 0, 0, 0, 0, 0, 0, 0, 0, 0, 0, 0, 0, 0, 0, 0, 0, 0, 0, 0, 1, 0
f16_JPG_jpg.rf.57f9dd4e096d4535d514ef64e38922ee.jpg, 0, 0, 0, 0, 0, 1, 0, 0, 0, 0, 0, 1, 0, 0, 0, 0, 0, 0, 0, 0, 0, 0, 0, 0, 0
n36_JPG_jpg.rf.5850aca8ed89c5b41f5ff65de5398b7b.jpg, 0, 0, 0, 0, 0, 1, 0, 0, 0, 0, 0, 0, 0, 0, 0, 0, 0, 0, 1, 0, 0, 0, 0, 0, 0
h45_jpg.rf.58a1bed9807779bca562816a08891d7d.jpg, 0, 0, 0, 0, 0, 0, 0, 0, 0, 0, 0, 0, 0, 1, 0, 0, 0, 0, 0, 0, 0, 0, 0, 0, 0
d14_jpg.rf.5755504d5d6abaaecf0b085d9a671bb9.jpg, 1, 0, 0, 0, 0, 0, 0, 0, 0, 0, 0, 0, 0, 0, 0, 0, 0, 0, 0, 0, 0, 1, 0, 0, 0
fu33_JPG_jpg.rf.590d72c506759b698056b1fe7c3ccf96.jpg, 0, 0, 0, 0, 0, 1, 0, 0, 0, 0, 0, 0, 1, 0, 0, 0, 0, 0, 0, 0, 0, 0, 0, 0, 0
f11_JPG_jpg.rf.58194b7bbd4f9cd8581b413b6058a8e7.jpg, 0, 0, 0, 0, 0, 1, 0, 0, 0, 0, 0, 1, 0, 0, 0, 0, 0, 0, 0, 0, 0, 0, 0, 0, 0
d21_jpg.rf.5874c611e501f9af64e39a52300c68ab.jpg, 1, 0, 0, 0, 0, 0, 0, 0, 0, 0, 0, 0, 0, 0, 0, 0, 0, 0, 0, 0, 0, 1, 0, 0, 0
fu10_JPG_jpg.rf.5772894f8708a950c7b5eada1ca5295b.jpg, 0, 0, 0, 0, 0, 1, 0, 0, 0, 0, 0, 0, 1, 0, 0, 0, 0, 0, 0, 0, 0, 0, 0, 0, 0
ku30_jpg.rf.5885640abad93b081e7799f4b88a10fe.jpg, 0, 0, 0, 0, 0, 0, 0, 0, 1, 0, 0, 0, 0, 0, 0, 1, 0, 0, 0, 0, 0, 0, 0, 0, 0
w9_jpg.rf.58012233a4f3e780697298fe23a1ce5f.jpg, 0, 0, 0, 0, 0, 0, 0, 0, 0, 0, 0, 0, 0, 0, 0, 0, 0, 0, 0, 0, 0, 0, 0, 0, 1
m56_jpg.rf.57953accadb726ae7cbdf46dfaf6aeef.jpg, 0, 0, 0, 0, 0, 0, 0, 0, 0, 0, 0, 0, 0, 0, 0, 0, 0, 1, 0, 0, 0, 0, 0, 0, 0
w49_jpg.rf.5913fbb2b837e04e381c96eb3c399610.jpg, 0, 0, 0, 0, 0, 0, 0, 0, 0, 0, 0, 0, 0, 0, 0, 0, 0, 0, 0, 0, 0, 0, 0, 0, 1
h1_jpg.rf.5934e78ca4a40dfa859b3852ac48b695.jpg, 0, 0, 0, 0, 0, 0, 0, 0, 0, 0, 0, 0, 0, 1, 0, 0, 0, 0, 0, 0, 0, 0, 0, 0, 0
r44_jpg.rf.591bfadd7603f37008a5a014face91d9.jpg, 0, 0, 0, 0, 0, 0, 0, 0, 0, 0, 0, 0, 0, 0, 0, 0, 0, 0, 0, 0, 0, 0, 0, 1, 0
fu45_JPG_jpg.rf.5943d657a5f29be601cc931f33aacdbf.jpg, 0, 0, 0, 0, 0, 1, 0, 0, 0, 0, 0, 0, 1, 0, 0, 0, 0, 0, 0, 0, 0, 0, 0, 0, 0
k3_JPG_jpg.rf.592727c619ce2d23870dea1086e8d2d4.jpg, 0, 0, 1, 0, 0, 0, 0, 0, 0, 0, 0, 0, 0, 0, 0, 0, 0, 0, 0, 0, 0, 0, 0, 0, 0
n14_JPG_jpg.rf.596a52149be8d4a9717c39e6db9320ad.jpg, 0, 0, 0, 0, 0, 1, 0, 0, 0, 0, 0, 0, 0, 0, 0, 0, 0, 0, 1, 0, 0, 0, 0, 0, 0
f21_JPG_jpg.rf.59910f79679fc6f2b45447311809ce96.jpg, 0, 0, 0, 0, 0, 1, 0, 0, 0, 0, 0, 1, 0, 0, 0, 0, 0, 0, 0, 0, 0, 0, 0, 0, 0
f46_JPG_jpg.rf.594b8447b0781fe5a728773e86307217.jpg, 0, 0, 0, 0, 0, 1, 0, 0, 0, 0, 0, 1, 0, 0, 0, 0, 0, 0, 0, 0, 0, 0, 0, 0, 0
e12_jpg.rf.5998016fda2ede56508eba322426b112.jpg, 0, 1, 0, 0, 0, 0, 0, 0, 0, 0, 0, 0, 0, 0, 0, 0, 0, 0, 0, 0, 0, 0, 0, 0, 0
w25_jpg.rf.59f953d3cfb4c56a82cd7fc77b1f6491.jpg, 0, 0, 0, 0, 0, 0, 0, 0, 0, 0, 0, 0, 0, 0, 0, 0, 0, 0, 0, 0, 0, 0, 0, 0, 1
n15_JPG_jpg.rf.5a33d41f69262dc64d63d2568bd08b5b.jpg, 0, 0, 0, 0, 0, 1, 0, 0, 0, 0, 0, 0, 0, 0, 0, 0, 0, 0, 1, 0, 0, 0, 0, 0, 0
pa21_JPG_jpg.rf.59e48b70eb5217d38ec62ce2c7faab0e.jpg, 0, 0, 0, 0, 0, 0, 0, 0, 0, 0, 0, 0, 0, 0, 0, 0, 0, 0, 0, 0, 1, 0, 0, 0, 0
n56_JPG_jpg.rf.5a23efb8712f6c1362cc429de0222d34.jpg, 0, 0, 0, 0, 0, 1, 0, 0, 0, 0, 0, 0, 0, 0, 0, 0, 0, 0, 1, 0, 0, 0, 0, 0, 0
r67_jpg.rf.5a9379247909b3be86a008feccc609c7.jpg, 0, 0, 0, 0, 0, 0, 0, 0, 0, 0, 0, 0, 0, 0, 0, 0, 0, 0, 0, 0, 0, 0, 0, 1, 0
d31_jpg.rf.5aa241396bd518008c07b373837d3126.jpg, 1, 0, 0, 0, 0, 0, 0, 0, 0, 0, 0, 0, 0, 0, 0, 0, 0, 0, 0, 0, 0, 1, 0, 0, 0
p58_JPG_jpg.rf.5b485fd13a1c982124e3a41c473efe4e.jpg, 0, 0, 0, 1, 0, 0, 0, 0, 0, 0, 0, 0, 0, 0, 0, 0, 0, 0, 0, 0, 0, 0, 0, 0, 0
d46_jpg.rf.5b126da9440b1d196f65c39ea1e963fe.jpg, 1, 0, 0, 0, 0, 0, 0, 0, 0, 0, 0, 0, 0, 0, 0, 0, 0, 0, 0, 0, 0, 1, 0, 0, 0
n58_JPG_jpg.rf.5b2a5ab013d33f7f3651b3c329b8f4f4.jpg, 0, 0, 0, 0, 0, 1, 0, 0, 0, 0, 0, 0, 0, 0, 0, 0, 0, 0, 1, 0, 0, 0, 0, 0, 0
n35_JPG_jpg.rf.5b96480f7fd0c812983b2f87bb4ff6de.jpg, 0, 0, 0, 0, 0, 1, 0, 0, 0, 0, 0, 0, 0, 0, 0, 0, 0, 0, 1, 0, 0, 0, 0, 0, 0
pa49_JPG_jpg.rf.5aa84314e7a8ef233dd26f1d1a2be0f3.jpg, 0, 0, 0, 0, 0, 0, 0, 0, 0, 0, 0, 0, 0, 0, 0, 0, 0, 0, 0, 0, 1, 0, 0, 0, 0
fl42_JPG_jpg.rf.5a8335921b3583b074759e04d1685ab4.jpg, 0, 0, 0, 0, 0, 0, 0, 0, 0, 1, 0, 0, 0, 0, 1, 0, 0, 0, 0, 0, 0, 0, 0, 0, 0
b13_jpg.rf.5a73522ab43703ad95d8ea874b2dafdf.jpg, 0, 0, 0, 0, 0, 0, 1, 0, 0, 0, 0, 0, 0, 0, 0, 0, 0, 0, 0, 0, 0, 0, 0, 0, 0
h63_png_jpg.rf.5a7eb347e38ec7dfc17918d5c30ffa55.jpg, 0, 0, 0, 0, 0, 0, 0, 0, 0, 0, 0, 0, 0, 1, 0, 0, 0, 0, 0, 0, 0, 0, 0, 0, 0
t55_JPG_jpg.rf.5b55057d4103d29745ba3882246428df.jpg, 0, 0, 0, 0, 1, 0, 0, 1, 0, 0, 0, 0, 0, 0, 0, 0, 0, 0, 0, 0, 0, 0, 0, 0, 0
p50_JPG_jpg.rf.5b20487775db0c29aeadcd82a2a0579b.jpg, 0, 0, 0, 0, 0, 0, 0, 0, 0, 0, 0, 0, 0, 0, 0, 0, 0, 0, 0, 1, 0, 0, 0, 0, 0
fu43_JPG_jpg.rf.5bc886ba7f330d34e4ed1cdd325c0b80.jpg, 0, 0, 0, 0, 0, 1, 0, 0, 0, 0, 0, 0, 1, 0, 0, 0, 0, 0, 0, 0, 0, 0, 0, 0, 0
w4_jpg.rf.5c27ec720473241eb69471f40dba5e76.jpg, 0, 0, 0, 0, 0, 0, 0, 0, 0, 0, 0, 0, 0, 0, 0, 0, 0, 0, 0, 0, 0, 0, 0, 0, 1
e4_JPG_jpg.rf.5b9142af0bcc92abcbaf8caae275cafc.jpg, 0, 1, 0, 0, 0, 0, 0, 0, 0, 0, 0, 0, 0, 0, 0, 0, 0, 0, 0, 0, 0, 0, 0, 0, 0
p55_JPG_jpg.rf.5cf14e89c1ce676195c7ce23b6dd029b.jpg, 0, 0, 0, 1, 0, 0, 0, 0, 0, 0, 0, 0, 0, 0, 0, 0, 0, 0, 0, 0, 0, 0, 0, 0, 0
pa61_JPG_jpg.rf.5bf41c3a5f4e85b939a938b99e9a2ca4.jpg, 0, 0, 0, 0, 0, 0, 0, 0, 0, 0, 0, 0, 0, 0, 0, 0, 0, 0, 0, 0, 1, 0, 0, 0, 0
e30_JPG_jpg.rf.5ce0e69b6d501e5f6cd37ec09e423230.jpg, 0, 1, 0, 0, 0, 0, 0, 0, 0, 0, 0, 0, 0, 0, 0, 0, 0, 0, 0, 0, 0, 0, 0, 0, 0
f24_JPG_jpg.rf.5c782348ebfc90d44e58181299760b3c.jpg, 0, 0, 0, 0, 0, 1, 0, 0, 0, 0, 0, 1, 0, 0, 0, 0, 0, 0, 0, 0, 0, 0, 0, 0, 0
pa55_JPG_jpg.rf.5c79fb661122259862cf40c8d919f2e9.jpg, 0, 0, 0, 0, 0, 0, 0, 0, 0, 0, 0, 0, 0, 0, 0, 0, 0, 0, 0, 0, 1, 0, 0, 0, 0
ku55_jpg.rf.5c0a555e4f2d20a5eba173f41fe7569b.jpg, 0, 0, 0, 0, 0, 0, 0, 0, 1, 0, 0, 0, 0, 0, 0, 1, 0, 0, 0, 0, 0, 0, 0, 0, 0
r3_jpg.rf.5adb468bb6775dc0ce490e9c29a3c17f.jpg, 0, 0, 0, 0, 0, 0, 0, 0, 0, 0, 0, 0, 0, 0, 0, 0, 0, 0, 0, 0, 0, 0, 0, 1, 0
m78_jpg.rf.5bbc24a6870d8c14b6c3c6b5b5d2b9c9.jpg, 0, 0, 0, 0, 0, 0, 0, 0, 0, 0, 0, 0, 0, 0, 0, 0, 0, 1, 0, 0, 0, 0, 0, 0, 0
m39_jpeg_jpg.rf.5cd71bf5ef6a94722bec36f71cb640e8.jpg, 0, 0, 0, 0, 0, 0, 0, 0, 0, 0, 0, 0, 0, 0, 0, 0, 0, 1, 0, 0, 0, 0, 0, 0, 0
pa59_JPG_jpg.rf.5c1d895cc2410c5fe20f549d3ffd9b06.jpg, 0, 0, 0, 0, 0, 0, 0, 0, 0, 0, 0, 0, 0, 0, 0, 0, 0, 0, 0, 0, 1, 0, 0, 0, 0
r43_jpg.rf.5cca1b9d9cabe86c38b3be6cab86e7af.jpg, 0, 0, 0, 0, 0, 0, 0, 0, 0, 0, 0, 0, 0, 0, 0, 0, 0, 0, 0, 0, 0, 0, 0, 1, 0
e34_jpg.rf.5cadf0b272724636f74ae11dcfd7efdd.jpg, 0, 1, 0, 0, 0, 0, 0, 0, 0, 0, 0, 0, 0, 0, 0, 0, 0, 0, 0, 0, 0, 0, 0, 0, 0
e58_jpg.rf.5d98c9ef586961e2d083b9927634837d.jpg, 0, 1, 0, 0, 0, 0, 0, 0, 0, 0, 0, 0, 0, 0, 0, 0, 0, 0, 0, 0, 0, 0, 0, 0, 0
b17_jpg.rf.5cc7623aad1adfbbee49297787e2af17.jpg, 0, 0, 0, 0, 0, 0, 1, 0, 0, 0, 0, 0, 0, 0, 0, 0, 0, 0, 0, 0, 0, 0, 0, 0, 0
n68_JPG_jpg.rf.5d4b87f5b4c6ba94d8312460c8072e3a.jpg, 0, 0, 0, 0, 0, 1, 0, 0, 0, 0, 0, 0, 0, 0, 0, 0, 0, 0, 1, 0, 0, 0, 0, 0, 0
f56_JPG_jpg.rf.5d1844d0362f6581710287583f2442e1.jpg, 0, 0, 0, 0, 0, 0, 0, 0, 0, 0, 1, 0, 0, 0, 0, 0, 0, 0, 0, 0, 0, 0, 0, 0, 0
pa17_JPG_jpg.rf.5e2ac5e886025cfaf0f0e12a9ec8ab84.jpg, 0, 0, 0, 0, 0, 0, 0, 0, 0, 0, 0, 0, 0, 0, 0, 0, 0, 0, 0, 0, 1, 0, 0, 0, 0
n24_JPG_jpg.rf.5db92fc62cb8a6992a90be2601eb309e.jpg, 0, 0, 0, 0, 0, 1, 0, 0, 0, 0, 0, 0, 0, 0, 0, 0, 0, 0, 1, 0, 0, 0, 0, 0, 0
f13_JPG_jpg.rf.5e12124adcc290e805a9306de4a3a653.jpg, 0, 0, 0, 0, 0, 1, 0, 0, 0, 0, 0, 1, 0, 0, 0, 0, 0, 0, 0, 0, 0, 0, 0, 0, 0
f2_JPG_jpg.rf.5dd814c2d5aca1f811981f6d83137412.jpg, 0, 0, 0, 0, 0, 1, 0, 0, 0, 0, 0, 1, 0, 0, 0, 0, 0, 0, 0, 0, 0, 0, 0, 0, 0
e5_jpg.rf.5d545947f4f04dd573daa2ad05ce62ff.jpg, 0, 1, 0, 0, 0, 0, 0, 0, 0, 0, 0, 0, 0, 0, 0, 0, 0, 0, 0, 0, 0, 0, 0, 0, 0
d13_png_jpg.rf.5cf7dcda6610174d5705e5bf9851e3b8.jpg, 1, 0, 0, 0, 0, 0, 0, 0, 0, 0, 0, 0, 0, 0, 0, 0, 0, 0, 0, 0, 0, 1, 0, 0, 0
p61_jpg.rf.5e42bc09fef5570f12bb47d49655baaa.jpg, 0, 0, 0, 0, 0, 0, 0, 0, 0, 0, 0, 0, 0, 0, 0, 0, 0, 0, 0, 0, 0, 0, 1, 0, 0
fu10_JPG_jpg.rf.5e37ba660f57e1e9485f923f7dd46e50.jpg, 0, 0, 0, 0, 0, 1, 0, 0, 0, 0, 0, 0, 1, 0, 0, 0, 0, 0, 0, 0, 0, 0, 0, 0, 0
d25_jpg.rf.5e77b0d8f6aa541edccf9708775f90bb.jpg, 1, 0, 0, 0, 0, 0, 0, 0, 0, 0, 0, 0, 0, 0, 0, 0, 0, 0, 0, 0, 0, 1, 0, 0, 0
t61_JPG_jpg.rf.60189157cb8d163c5af5bc201eacefd1.jpg, 0, 0, 0, 0, 1, 0, 0, 1, 0, 0, 0, 0, 0, 0, 0, 0, 0, 0, 0, 0, 0, 0, 0, 0, 0
f53_jpg.rf.5e7245e75373fd450bbccb3b67abf4e8.jpg, 0, 0, 0, 0, 0, 0, 0, 0, 0, 0, 1, 0, 0, 0, 0, 0, 0, 0, 0, 0, 0, 0, 0, 0, 0
k21_jpg.rf.604f8c9450f2242dc5fcb0609170d8cf.jpg, 0, 0, 1, 0, 0, 0, 0, 0, 0, 0, 0, 0, 0, 0, 0, 0, 0, 0, 0, 0, 0, 0, 0, 0, 0
b17_jpg.rf.5fb16a6c30d62a24ac7e11f01d2d30b7.jpg, 0, 0, 0, 0, 0, 0, 1, 0, 0, 0, 0, 0, 0, 0, 0, 0, 0, 0, 0, 0, 0, 0, 0, 0, 0
fl37_JPG_jpg.rf.5f2b01afb4b46b053acc826cacc3687f.jpg, 0, 0, 0, 0, 0, 0, 0, 0, 0, 1, 0, 0, 0, 0, 1, 0, 0, 0, 0, 0, 0, 0, 0, 0, 0
w12_jpg.rf.608c3db074d1a03cc781876c223f4d62.jpg, 0, 0, 0, 0, 0, 0, 0, 0, 0, 0, 0, 0, 0, 0, 0, 0, 0, 0, 0, 0, 0, 0, 0, 0, 1
f38_JPG_jpg.rf.60c220bc7d7d40d69d387c25f38991a9.jpg, 0, 0, 0, 0, 0, 1, 0, 0, 0, 0, 0, 1, 0, 0, 0, 0, 0, 0, 0, 0, 0, 0, 0, 0, 0
e33_JPG_jpg.rf.5e867ec2da7aa0a72bec8e324c9394bd.jpg, 0, 1, 0, 0, 0, 0, 0, 0, 0, 0, 0, 0, 0, 0, 0, 0, 0, 0, 0, 0, 0, 0, 0, 0, 0
f38_JPG_jpg.rf.60a9d5e4071997faf9fd30d816a248d6.jpg, 0, 0, 0, 0, 0, 1, 0, 0, 0, 0, 0, 1, 0, 0, 0, 0, 0, 0, 0, 0, 0, 0, 0, 0, 0
fu40_JPG_jpg.rf.5f194bb9c7c2a0d6d52788997a40acdd.jpg, 0, 0, 0, 0, 0, 1, 0, 0, 0, 0, 0, 0, 1, 0, 0, 0, 0, 0, 0, 0, 0, 0, 0, 0, 0
n25_JPG_jpg.rf.5f3ad03a16cd4207b59638109239bcf5.jpg, 0, 0, 0, 0, 0, 1, 0, 0, 0, 0, 0, 0, 0, 0, 0, 0, 0, 0, 1, 0, 0, 0, 0, 0, 0
p60_jpg.rf.5f1e1df3fd9af81b4d400dbf844f4216.jpg, 0, 0, 0, 0, 0, 0, 0, 0, 0, 0, 0, 0, 0, 0, 0, 0, 0, 0, 0, 0, 0, 0, 1, 0, 0
f30_JPG_jpg.rf.60598b5d9a79eb7fb094a069a389cb57.jpg, 0, 0, 0, 0, 0, 1, 0, 0, 0, 0, 0, 1, 0, 0, 0, 0, 0, 0, 0, 0, 0, 0, 0, 0, 0
m56_jpg.rf.60a45cd82b1ada5fcc4a7167c1408283.jpg, 0, 0, 0, 0, 0, 0, 0, 0, 0, 0, 0, 0, 0, 0, 0, 0, 0, 1, 0, 0, 0, 0, 0, 0, 0
fu34_JPG_jpg.rf.61389fe0a54ff49e4a6452bf2ef16036.jpg, 0, 0, 0, 0, 0, 1, 0, 0, 0, 0, 0, 0, 1, 0, 0, 0, 0, 0, 0, 0, 0, 0, 0, 0, 0
b1_jpg.rf.60823346602946a4832dcab2934f25fc.jpg, 0, 0, 0, 0, 0, 0, 1, 0, 0, 0, 0, 0, 0, 0, 0, 0, 0, 0, 0, 0, 0, 0, 0, 0, 0
ku45_JPG_jpg.rf.6002d774dab66ae8989b0d2215763546.jpg, 0, 0, 0, 0, 0, 0, 0, 0, 1, 0, 0, 0, 0, 0, 0, 1, 0, 0, 0, 0, 0, 0, 0, 0, 0
d2_jpg.rf.5f1def0d5c0f4be8d692427b03a56946.jpg, 1, 0, 0, 0, 0, 0, 0, 0, 0, 0, 0, 0, 0, 0, 0, 0, 0, 0, 0, 0, 0, 1, 0, 0, 0
f30_JPG_jpg.rf.60f300e15d7e2a5def0a5274207359d4.jpg, 0, 0, 0, 0, 0, 1, 0, 0, 0, 0, 0, 1, 0, 0, 0, 0, 0, 0, 0, 0, 0, 0, 0, 0, 0
k60_jpg.rf.605839d614b5870af1ea2a7d1179264d.jpg, 0, 0, 1, 0, 0, 0, 0, 0, 0, 0, 0, 0, 0, 0, 0, 0, 0, 0, 0, 0, 0, 0, 0, 0, 0
m3_jpg.rf.6186a96ddea9a572e1f35e24f1191c91.jpg, 0, 0, 0, 0, 0, 0, 0, 0, 0, 0, 0, 0, 0, 0, 0, 0, 1, 0, 0, 0, 0, 0, 0, 0, 0
k48_jpg.rf.5ec11840e5e87e691dd0d36f703f8edd.jpg, 0, 0, 1, 0, 0, 0, 0, 0, 0, 0, 0, 0, 0, 0, 0, 0, 0, 0, 0, 0, 0, 0, 0, 0, 0
w11_jpg.rf.613b2ca67feb90fe230567645d78235e.jpg, 0, 0, 0, 0, 0, 0, 0, 0, 0, 0, 0, 0, 0, 0, 0, 0, 0, 0, 0, 0, 0, 0, 0, 0, 1
p29_jpg.rf.61f04e89d81540b05afad7c5dd9a74a5.jpg, 0, 0, 0, 0, 0, 0, 0, 0, 0, 0, 0, 0, 0, 0, 0, 0, 0, 0, 0, 1, 0, 0, 0, 0, 0
e36_JPG_jpg.rf.61e87c62ac751e6876af2ce3be1d2a4b.jpg, 0, 1, 0, 0, 0, 0, 0, 0, 0, 0, 0, 0, 0, 0, 0, 0, 0, 0, 0, 0, 0, 0, 0, 0, 0
pa58_JPG_jpg.rf.618da37bb68667fd9730e234e48dc0da.jpg, 0, 0, 0, 0, 0, 0, 0, 0, 0, 0, 0, 0, 0, 0, 0, 0, 0, 0, 0, 0, 1, 0, 0, 0, 0
m59_jpg.rf.5fb7fd6da8505b675bf2bc9635b01220.jpg, 0, 0, 0, 0, 0, 0, 0, 0, 0, 0, 0, 0, 0, 0, 0, 0, 1, 0, 0, 0, 0, 0, 0, 0, 0
p26_jpg.rf.61a6fdb10366efec33d6294abe196e53.jpg, 0, 0, 0, 0, 0, 0, 0, 0, 0, 0, 0, 0, 0, 0, 0, 0, 0, 0, 0, 0, 0, 0, 1, 0, 0
w28_jpg.rf.62704b9ced6ca8ee325f2c7147de938a.jpg, 0, 0, 0, 0, 0, 0, 0, 0, 0, 0, 0, 0, 0, 0, 0, 0, 0, 0, 0, 0, 0, 0, 0, 0, 1
b25_jpg.rf.6234a1045c974c16320d7d5d89afb5b0.jpg, 0, 0, 0, 0, 0, 0, 1, 0, 0, 0, 0, 0, 0, 0, 0, 0, 0, 0, 0, 0, 0, 0, 0, 0, 0
ku43_jpg.rf.640fa88d464363ae80831c9295f8ecb9.jpg, 0, 0, 0, 0, 0, 0, 0, 0, 1, 0, 0, 0, 0, 0, 0, 1, 0, 0, 0, 0, 0, 0, 0, 0, 0
n33_JPG_jpg.rf.63630ce722f2af2f0abad21ba570e591.jpg, 0, 0, 0, 0, 0, 1, 0, 0, 0, 0, 0, 0, 0, 0, 0, 0, 0, 0, 1, 0, 0, 0, 0, 0, 0
e37_JPG_jpg.rf.62e738910e292dbe204edf1c1bad8dbf.jpg, 0, 1, 0, 0, 0, 0, 0, 0, 0, 0, 0, 0, 0, 0, 0, 0, 0, 0, 0, 0, 0, 0, 0, 0, 0
fl20_JPG_jpg.rf.629b486ee5475da553496bf6ff6b2e66.jpg, 0, 0, 0, 0, 0, 0, 0, 0, 0, 1, 0, 0, 0, 0, 1, 0, 0, 0, 0, 0, 0, 0, 0, 0, 0
h64_jpg.rf.623571eafc78bbc41546f8482dccce2a.jpg, 0, 0, 0, 0, 0, 0, 0, 0, 0, 0, 0, 0, 0, 1, 0, 0, 0, 0, 0, 0, 0, 0, 0, 0, 0
t16_JPG_jpg.rf.626b6128879d3d2ec11f8364dac94bb0.jpg, 0, 0, 0, 0, 1, 0, 0, 1, 0, 0, 0, 0, 0, 0, 0, 0, 0, 0, 0, 0, 0, 0, 0, 0, 0
w48_jpg.rf.63df5021cb41b69f5929ac3583d4bc92.jpg, 0, 0, 0, 0, 0, 0, 0, 0, 0, 0, 0, 0, 0, 0, 0, 0, 0, 0, 0, 0, 0, 0, 0, 0, 1
n17_JPG_jpg.rf.630f8bba2f234f3155b3dcf05c4ad1db.jpg, 0, 0, 0, 0, 0, 1, 0, 0, 0, 0, 0, 0, 0, 0, 0, 0, 0, 0, 1, 0, 0, 0, 0, 0, 0
e4_JPG_jpg.rf.62d89815aa389895f88259d999718447.jpg, 0, 1, 0, 0, 0, 0, 0, 0, 0, 0, 0, 0, 0, 0, 0, 0, 0, 0, 0, 0, 0, 0, 0, 0, 0
fl25_JPG_jpg.rf.6337cdde75e12d48072767a4934bb6df.jpg, 0, 0, 0, 0, 0, 0, 0, 0, 0, 1, 0, 0, 0, 0, 1, 0, 0, 0, 0, 0, 0, 0, 0, 0, 0
p11_jpg.rf.625016bd91e887bdfb9a7b36cc665091.jpg, 0, 0, 0, 1, 0, 0, 0, 0, 0, 0, 0, 0, 0, 0, 0, 0, 0, 0, 0, 0, 0, 0, 0, 0, 0
f29_jpg.rf.63495d68d871b9c545397ed7f42f918f.jpg, 0, 0, 0, 0, 0, 0, 0, 0, 0, 0, 1, 0, 0, 0, 0, 0, 0, 0, 0, 0, 0, 0, 0, 0, 0
r13_jpg.rf.63f62ace30d6cf424b627841d7d2cb97.jpg, 0, 0, 0, 0, 0, 0, 0, 0, 0, 0, 0, 0, 0, 0, 0, 0, 0, 0, 0, 0, 0, 0, 0, 1, 0
f18_JPG_jpg.rf.6277aff59f1ff78fa3afa5593c6cb8c1.jpg, 0, 0, 0, 0, 0, 1, 0, 0, 0, 0, 0, 1, 0, 0, 0, 0, 0, 0, 0, 0, 0, 0, 0, 0, 0
p19_jpg.rf.62e201eb31b00415290b8fbee86078ca.jpg, 0, 0, 0, 1, 0, 0, 0, 0, 0, 0, 0, 0, 0, 0, 0, 0, 0, 0, 0, 0, 0, 0, 0, 0, 0
p69_jpg.rf.6274a31fac9174dd8da17c7c6d350cef.jpg, 0, 0, 0, 1, 0, 0, 0, 0, 0, 0, 0, 0, 0, 0, 0, 0, 0, 0, 0, 0, 0, 0, 0, 0, 0
k59_png_jpg.rf.6347c984b1425736bfa729b0845ee7d3.jpg, 0, 0, 1, 0, 0, 0, 0, 0, 0, 0, 0, 0, 0, 0, 0, 0, 0, 0, 0, 0, 0, 0, 0, 0, 0
n16_JPG_jpg.rf.62586200c1e54727ad8ac99c8825ff51.jpg, 0, 0, 0, 0, 0, 1, 0, 0, 0, 0, 0, 0, 0, 0, 0, 0, 0, 0, 1, 0, 0, 0, 0, 0, 0
ku12_jpg.rf.63e2e5ab6d455b7c528d1f29e24daf42.jpg, 0, 0, 0, 0, 0, 0, 0, 0, 1, 0, 0, 0, 0, 0, 0, 1, 0, 0, 0, 0, 0, 0, 0, 0, 0
fu58_JPG_jpg.rf.647d4084d476a1d0f4272a93a9f441c8.jpg, 0, 0, 0, 0, 0, 1, 0, 0, 0, 0, 0, 0, 1, 0, 0, 0, 0, 0, 0, 0, 0, 0, 0, 0, 0
pa64_JPG_jpg.rf.635df884d828193ceb3730c43c84fcdf.jpg, 0, 0, 0, 0, 0, 0, 0, 0, 0, 0, 0, 0, 0, 0, 0, 0, 0, 0, 0, 0, 1, 0, 0, 0, 0
f30_JPG_jpg.rf.6387ebd24ba696e954d56bde9a488297.jpg, 0, 0, 0, 0, 0, 1, 0, 0, 0, 0, 0, 1, 0, 0, 0, 0, 0, 0, 0, 0, 0, 0, 0, 0, 0
b57_jpg.rf.648bb98768bafab4de74eb6b40678341.jpg, 0, 0, 0, 0, 0, 0, 1, 0, 0, 0, 0, 0, 0, 0, 0, 0, 0, 0, 0, 0, 0, 0, 0, 0, 0
f17_JPG_jpg.rf.646176a48dda7b1b85ba7c13873fe0c4.jpg, 0, 0, 0, 0, 0, 1, 0, 0, 0, 0, 0, 1, 0, 0, 0, 0, 0, 0, 0, 0, 0, 0, 0, 0, 0
n37_JPG_jpg.rf.64328ddeba204640b472fb0eb212b596.jpg, 0, 0, 0, 0, 0, 1, 0, 0, 0, 0, 0, 0, 0, 0, 0, 0, 0, 0, 1, 0, 0, 0, 0, 0, 0
k42_jpg.rf.64c3439079ff7da9749aee31e2386de5.jpg, 0, 0, 1, 0, 0, 0, 0, 0, 0, 0, 0, 0, 0, 0, 0, 0, 0, 0, 0, 0, 0, 0, 0, 0, 0
p58_jpg.rf.64b250287ed40a4417d4bbc42a7444ad.jpg, 0, 0, 0, 0, 0, 0, 0, 0, 0, 0, 0, 0, 0, 0, 0, 0, 0, 0, 0, 0, 0, 0, 1, 0, 0
pa18_JPG_jpg.rf.6516bb32f7f38a6f96411ddba2efcaa6.jpg, 0, 0, 0, 0, 0, 0, 0, 0, 0, 0, 0, 0, 0, 0, 0, 0, 0, 0, 0, 0, 1, 0, 0, 0, 0
pa45_JPG_jpg.rf.64c939b9d5f7c36ccaa686017c1853d4.jpg, 0, 0, 0, 0, 0, 0, 0, 0, 0, 0, 0, 0, 0, 0, 0, 0, 0, 0, 0, 0, 1, 0, 0, 0, 0
fl8_JPG_jpg.rf.64e25dfe679e847e1bbd8ea14a751311.jpg, 0, 0, 0, 0, 0, 0, 0, 0, 0, 1, 0, 0, 0, 0, 1, 0, 0, 0, 0, 0, 0, 0, 0, 0, 0
f24_jpg.rf.64e74a1288300f1c440fadb3d0bc9f9c.jpg, 0, 0, 0, 0, 0, 0, 0, 0, 0, 0, 1, 0, 0, 0, 0, 0, 0, 0, 0, 0, 0, 0, 0, 0, 0